--
-- PostgreSQL database dump
--

-- Dumped from database version 15.1 (Homebrew)
-- Dumped by pg_dump version 15.1 (Homebrew)

SET statement_timeout = 0;
SET lock_timeout = 0;
SET idle_in_transaction_session_timeout = 0;
SET client_encoding = 'UTF8';
SET standard_conforming_strings = on;
SELECT pg_catalog.set_config('search_path', '', false);
SET check_function_bodies = false;
SET xmloption = content;
SET client_min_messages = warning;
SET row_security = off;

--
-- Name: channels_access_mode_enum; Type: TYPE; Schema: public; Owner: test_user
--

CREATE TYPE public.channels_access_mode_enum AS ENUM (
    'public',
    'protected',
    'private'
);


ALTER TYPE public.channels_access_mode_enum OWNER TO test_user;

SET default_tablespace = '';

SET default_table_access_method = heap;

--
-- Name: achievements; Type: TABLE; Schema: public; Owner: test_user
--

CREATE TABLE public.achievements (
    achievement_id integer NOT NULL,
    title character varying(32) NOT NULL,
    about character varying(256) NOT NULL
);


ALTER TABLE public.achievements OWNER TO test_user;

--
-- Name: achievements_achievement_id_seq; Type: SEQUENCE; Schema: public; Owner: test_user
--

CREATE SEQUENCE public.achievements_achievement_id_seq
    AS integer
    START WITH 1
    INCREMENT BY 1
    NO MINVALUE
    NO MAXVALUE
    CACHE 1;


ALTER TABLE public.achievements_achievement_id_seq OWNER TO test_user;

--
-- Name: achievements_achievement_id_seq; Type: SEQUENCE OWNED BY; Schema: public; Owner: test_user
--

ALTER SEQUENCE public.achievements_achievement_id_seq OWNED BY public.achievements.achievement_id;


--
-- Name: achievers; Type: TABLE; Schema: public; Owner: test_user
--

CREATE TABLE public.achievers (
    user_id integer NOT NULL,
    achievement_id integer NOT NULL
);


ALTER TABLE public.achievers OWNER TO test_user;

--
-- Name: banned_members; Type: TABLE; Schema: public; Owner: test_user
--

CREATE TABLE public.banned_members (
    channel_id integer NOT NULL,
    member_id integer NOT NULL,
    end_at timestamp with time zone NOT NULL
);


ALTER TABLE public.banned_members OWNER TO test_user;

--
-- Name: blocked_users; Type: TABLE; Schema: public; Owner: test_user
--

CREATE TABLE public.blocked_users (
    blocker_id integer NOT NULL,
    blocked_id integer NOT NULL
);


ALTER TABLE public.blocked_users OWNER TO test_user;

--
-- Name: channel_members; Type: TABLE; Schema: public; Owner: test_user
--

CREATE TABLE public.channel_members (
    member_id integer NOT NULL,
    channel_id integer NOT NULL,
    is_admin boolean DEFAULT false NOT NULL,
    mute_end_at timestamp with time zone NOT NULL,
    viewed_at timestamp with time zone NOT NULL
);


ALTER TABLE public.channel_members OWNER TO test_user;

--
-- Name: channels; Type: TABLE; Schema: public; Owner: test_user
--

CREATE TABLE public.channels (
    channel_id integer NOT NULL,
    owner_id integer NOT NULL,
    dm_peer_id integer,
    name character varying(128) NOT NULL,
    member_count integer DEFAULT 1 NOT NULL,
    access_mode public.channels_access_mode_enum NOT NULL,
    password bytea,
    modified_at timestamp with time zone NOT NULL,
    CONSTRAINT "CHK_02e03d8f24099679f32d2abdf3" CHECK ((member_count >= 0))
);


ALTER TABLE public.channels OWNER TO test_user;

--
-- Name: channels_channel_id_seq; Type: SEQUENCE; Schema: public; Owner: test_user
--

CREATE SEQUENCE public.channels_channel_id_seq
    AS integer
    START WITH 1
    INCREMENT BY 1
    NO MINVALUE
    NO MAXVALUE
    CACHE 1;


ALTER TABLE public.channels_channel_id_seq OWNER TO test_user;

--
-- Name: channels_channel_id_seq; Type: SEQUENCE OWNED BY; Schema: public; Owner: test_user
--

ALTER SEQUENCE public.channels_channel_id_seq OWNED BY public.channels.channel_id;


--
-- Name: friends; Type: TABLE; Schema: public; Owner: test_user
--

CREATE TABLE public.friends (
    sender_id integer NOT NULL,
    receiver_id integer NOT NULL,
    is_accepted boolean DEFAULT false NOT NULL
);


ALTER TABLE public.friends OWNER TO test_user;

--
-- Name: match_history; Type: TABLE; Schema: public; Owner: test_user
--

CREATE TABLE public.match_history (
    match_id integer NOT NULL,
    user_one_id integer NOT NULL,
    user_two_id integer NOT NULL,
    user_one_score integer DEFAULT 0 NOT NULL,
    user_two_score integer DEFAULT 0 NOT NULL,
    is_rank boolean DEFAULT false NOT NULL,
    end_at timestamp with time zone NOT NULL,
    CONSTRAINT "CHK_247e25cd80dbcc6d7fbfbe0f77" CHECK ((user_two_score >= 0)),
    CONSTRAINT "CHK_590b2fcbdec51264273ed3abc1" CHECK ((user_one_score >= 0))
);


ALTER TABLE public.match_history OWNER TO test_user;

--
-- Name: match_history_match_id_seq; Type: SEQUENCE; Schema: public; Owner: test_user
--

CREATE SEQUENCE public.match_history_match_id_seq
    AS integer
    START WITH 1
    INCREMENT BY 1
    NO MINVALUE
    NO MAXVALUE
    CACHE 1;


ALTER TABLE public.match_history_match_id_seq OWNER TO test_user;

--
-- Name: match_history_match_id_seq; Type: SEQUENCE OWNED BY; Schema: public; Owner: test_user
--

ALTER SEQUENCE public.match_history_match_id_seq OWNED BY public.match_history.match_id;


--
-- Name: messages; Type: TABLE; Schema: public; Owner: test_user
--

CREATE TABLE public.messages (
    message_id integer NOT NULL,
    channel_id integer NOT NULL,
    sender_id integer NOT NULL,
    contents character varying(4096) NOT NULL,
    created_at timestamp with time zone NOT NULL
);


ALTER TABLE public.messages OWNER TO test_user;

--
-- Name: messages_message_id_seq; Type: SEQUENCE; Schema: public; Owner: test_user
--

CREATE SEQUENCE public.messages_message_id_seq
    AS integer
    START WITH 1
    INCREMENT BY 1
    NO MINVALUE
    NO MAXVALUE
    CACHE 1;


ALTER TABLE public.messages_message_id_seq OWNER TO test_user;

--
-- Name: messages_message_id_seq; Type: SEQUENCE OWNED BY; Schema: public; Owner: test_user
--

ALTER SEQUENCE public.messages_message_id_seq OWNED BY public.messages.message_id;


--
-- Name: users; Type: TABLE; Schema: public; Owner: test_user
--

CREATE TABLE public.users (
    user_id integer NOT NULL,
    nickname character varying(10) NOT NULL,
    is_default_image boolean DEFAULT false NOT NULL,
    auth_email character varying(320),
    ladder integer DEFAULT 0 NOT NULL,
    win_count integer DEFAULT 0 NOT NULL,
    loss_count integer DEFAULT 0 NOT NULL,
    CONSTRAINT "CHK_710ddbd8264b9e8b31cd85f0e4" CHECK ((loss_count >= 0)),
    CONSTRAINT "CHK_7a744839a373d3f5fbf10ee7ef" CHECK ((win_count >= 0)),
    CONSTRAINT "CHK_e6806a6a269c9dcbc25dffc6be" CHECK ((ladder >= 0))
);


ALTER TABLE public.users OWNER TO test_user;

--
-- Name: achievements achievement_id; Type: DEFAULT; Schema: public; Owner: test_user
--

ALTER TABLE ONLY public.achievements ALTER COLUMN achievement_id SET DEFAULT nextval('public.achievements_achievement_id_seq'::regclass);


--
-- Name: channels channel_id; Type: DEFAULT; Schema: public; Owner: test_user
--

ALTER TABLE ONLY public.channels ALTER COLUMN channel_id SET DEFAULT nextval('public.channels_channel_id_seq'::regclass);


--
-- Name: match_history match_id; Type: DEFAULT; Schema: public; Owner: test_user
--

ALTER TABLE ONLY public.match_history ALTER COLUMN match_id SET DEFAULT nextval('public.match_history_match_id_seq'::regclass);


--
-- Name: messages message_id; Type: DEFAULT; Schema: public; Owner: test_user
--

ALTER TABLE ONLY public.messages ALTER COLUMN message_id SET DEFAULT nextval('public.messages_message_id_seq'::regclass);


--
-- Data for Name: achievements; Type: TABLE DATA; Schema: public; Owner: test_user
--

COPY public.achievements (achievement_id, title, about) FROM stdin;
1	one giant leap for mankind.	누군가에겐 미약해 보일 수 있지만, 분명히 그것은 위대한 첫 걸음 입니다. 당신은 처음으로 승리하였습니다.
2	World Best Ping-Pong Player	초월적인 온라인 탁구 게임에서 1등을 거머쥐었습니다!
3	Social Animal	무려 10명의 친구! 아리스토텔레스가 당신을 부러워합니다.
4	 Born To Be FT	삶, 우주, 그리고 모든 것에 대한 궁극적인 질문에 대한 해답은 바로 당신!
5	So noisy~ 	Join 5 channels
\.


--
-- Data for Name: achievers; Type: TABLE DATA; Schema: public; Owner: test_user
--

COPY public.achievers (user_id, achievement_id) FROM stdin;
25136	1
46835	1
46835	2
46835	3
73885	1
32923	1
32923	2
41472	1
41472	2
41472	3
41472	4
41472	5
49578	1
49578	2
72786	1
72786	2
72786	3
72786	4
72786	5
85709	1
85709	2
85709	3
85709	4
85709	5
82331	1
82331	2
42384	1
85620	1
95235	1
95235	2
95235	3
37354	1
37354	2
37354	3
37354	4
33227	1
33227	2
33227	3
33227	4
33227	5
75955	1
75955	2
75955	3
75955	4
99960	1
99960	2
99960	3
99960	4
99960	5
92415	1
92415	2
92415	3
75480	1
75480	2
75480	3
75480	4
15893	1
15893	2
15893	3
15893	4
15893	5
60803	1
60803	2
60803	3
60803	4
51155	1
51155	2
91664	1
91664	2
91664	3
91664	4
33328	1
33328	2
33328	3
33328	4
33328	5
44925	1
69511	1
69511	2
69511	3
69511	4
46868	1
46868	2
46868	3
20834	1
20834	2
20834	3
51205	1
51205	2
51205	3
51205	4
63870	1
63870	2
63870	3
63870	4
77333	1
75369	1
75369	2
87543	1
58502	1
58502	2
58502	3
64003	1
22419	1
22419	2
22419	3
11949	1
11949	2
11949	3
11949	4
11949	5
22882	1
22882	2
22882	3
22882	4
52281	1
52281	2
52281	3
18980	1
18980	2
18980	3
18980	4
86150	1
86150	2
86150	3
86150	4
51853	1
51853	2
99818	1
99818	2
67222	1
95387	1
22237	1
22237	2
91622	1
29207	1
29207	2
60357	1
60357	2
60357	3
60357	4
60357	5
60959	1
60959	2
60959	3
60959	4
60959	5
71569	1
71569	2
71569	3
69327	1
69327	2
69327	3
69327	4
69327	5
62376	1
62376	2
62376	3
62376	4
62376	5
43648	1
43648	2
43648	3
29345	1
29345	2
52553	1
52553	2
74511	1
74511	2
54947	1
54947	2
54947	3
56035	1
56035	2
56035	3
56035	4
56035	5
94323	1
94323	2
94323	3
53513	1
53513	2
53513	3
53513	4
53513	5
23209	1
16516	1
99833	1
99833	2
99833	3
26028	1
26028	2
26028	3
34661	1
34661	2
34661	3
40989	1
46153	1
54811	1
80894	1
80894	2
80894	3
80894	4
80894	5
25286	1
25286	2
25286	3
25286	4
25286	5
13507	1
13507	2
84327	1
84327	2
84327	3
94673	1
94673	2
94673	3
58481	1
58481	2
23464	1
23464	2
23464	3
23464	4
23464	5
89629	1
89629	2
89629	3
89629	4
89629	5
59996	1
59996	2
59996	3
59996	4
46228	1
28845	1
36524	1
36524	2
36524	3
36524	4
87486	1
87486	2
31755	1
15293	1
51665	1
51665	2
51665	3
51665	4
51665	5
82396	1
82396	2
82396	3
82396	4
82396	5
40717	1
40717	2
40717	3
23976	1
23976	2
23976	3
23976	4
23976	5
58189	1
58516	1
58516	2
58516	3
58516	4
58516	5
14479	1
14479	2
14479	3
36215	1
71022	1
62125	1
62125	2
75893	1
75893	2
75893	3
75893	4
75893	5
27332	1
27332	2
27332	3
76848	1
76848	2
76848	3
76848	4
36220	1
36220	2
36220	3
97267	1
97267	2
97267	3
97267	4
13409	1
13409	2
13409	3
13409	4
94041	1
94041	2
48768	1
48768	2
48768	3
48768	4
48768	5
65430	1
65430	2
43641	1
43641	2
43641	3
43641	4
43641	5
35339	1
92872	1
92872	2
92872	3
92872	4
73386	1
73386	2
73386	3
73386	4
87699	1
87699	2
87699	3
71422	1
71422	2
25383	1
25383	2
43070	1
43070	2
55353	1
55353	2
55353	3
59140	1
60907	1
60907	2
77436	1
55595	1
55595	2
52466	1
52466	2
52466	3
52466	4
52466	5
57011	1
57011	2
57011	3
57011	4
25740	1
25740	2
25740	3
65765	1
65765	2
65765	3
65765	4
65765	5
30587	1
30587	2
30587	3
70208	1
70208	2
70208	3
99554	1
99554	2
41774	1
68350	1
68350	2
68350	3
33742	1
33742	2
33742	3
46889	1
46889	2
46889	3
20913	1
89368	1
89368	2
89368	3
89368	4
89368	5
71330	1
71330	2
71330	3
71330	4
17318	1
17318	2
17318	3
17318	4
69686	1
69686	2
69686	3
69686	4
69686	5
92272	1
92272	2
72822	1
72822	2
72822	3
72822	4
43884	1
74880	1
74880	2
74880	3
74880	4
74880	5
33248	1
33248	2
33248	3
95464	1
95464	2
95464	3
95464	4
45562	1
45562	2
45562	3
92841	1
92841	2
99621	1
99621	2
99621	3
99621	4
99621	5
50618	1
50618	2
50618	3
50618	4
39627	1
39627	2
39627	3
50854	1
50854	2
50854	3
79668	1
38731	1
38731	2
38731	3
38731	4
38731	5
57402	1
57402	2
57402	3
57402	4
57402	5
81395	1
81395	2
49186	1
73673	1
73673	2
73673	3
73673	4
73673	5
86318	1
86318	2
86318	3
97457	1
97457	2
97457	3
97457	4
97457	5
85386	1
85386	2
89494	1
89494	2
89494	3
89494	4
60365	1
75065	1
75065	2
75065	3
75065	4
95535	1
95535	2
95535	3
38835	1
38835	2
38835	3
38835	4
38835	5
26274	1
26274	2
26274	3
26274	4
70329	1
99293	1
99293	2
99293	3
58288	1
58288	2
58288	3
58288	4
31632	1
31632	2
31632	3
31632	4
87654	1
87654	2
87654	3
87654	4
96665	1
96665	2
96665	3
96665	4
70966	1
70966	2
20598	1
41490	1
41490	2
41490	3
63602	1
63602	2
28652	1
28652	2
28652	3
28652	4
28652	5
51315	1
51315	2
99996	1
99996	2
99996	3
99996	4
79603	1
89838	1
89838	2
89838	3
89838	4
89838	5
46365	1
46365	2
46365	3
46365	4
46365	5
38822	1
38822	2
55144	1
55144	2
55144	3
55144	4
55144	5
50741	1
50741	2
50741	3
50741	4
26982	1
26982	2
26982	3
25880	1
25880	2
25880	3
25880	4
86615	1
86615	2
86615	3
86615	4
86615	5
42097	1
42097	2
42097	3
39454	1
39454	2
47414	1
47414	2
75128	1
75128	2
75128	3
75128	4
75128	5
76605	1
91652	1
91652	2
91652	3
39756	1
39756	2
30502	1
30502	2
30502	3
30502	4
30502	5
51467	1
51467	2
51467	3
23861	1
23861	2
51565	1
51565	2
51565	3
51565	4
51565	5
75201	1
75201	2
75201	3
73163	1
73163	2
73163	3
30337	1
66910	1
66910	2
66910	3
66910	4
66910	5
53271	1
53271	2
53271	3
54274	1
54274	2
20077	1
20077	2
98784	1
98784	2
98784	3
98784	4
98784	5
81369	1
81369	2
81369	3
81369	4
81369	5
42711	1
42711	2
28600	1
28600	2
28600	3
28600	4
28600	5
40051	1
40051	2
40051	3
40051	4
39739	1
39739	2
56718	1
56718	2
56718	3
56718	4
57274	1
57274	2
57274	3
81992	1
81992	2
81992	3
81992	4
81992	5
86795	1
86795	2
86795	3
32495	1
32495	2
56660	1
56660	2
56660	3
56660	4
56660	5
73887	1
73887	2
73887	3
35408	1
35408	2
35408	3
79796	1
41453	1
41453	2
41453	3
85566	1
85566	2
85566	3
85566	4
85566	5
19906	1
19906	2
57244	1
57244	2
57244	3
27017	1
86965	1
86965	2
86965	3
93653	1
93653	2
93653	3
93653	4
35727	1
35727	2
35727	3
35727	4
61158	1
61158	2
61158	3
61158	4
66033	1
66033	2
66033	3
66033	4
84051	1
84051	2
84051	3
16699	1
21025	1
21025	2
21025	3
21025	4
21025	5
56851	1
56851	2
73561	1
73369	1
73369	2
73369	3
58916	1
36914	1
36914	2
36914	3
36914	4
20210	1
20210	2
20210	3
20210	4
80046	1
80046	2
80046	3
80046	4
60148	1
60148	2
60148	3
60148	4
93984	1
93984	2
93984	3
39993	1
39993	2
39993	3
98788	1
98788	2
98788	3
98788	4
98788	5
98638	1
78315	1
78315	2
13130	1
45782	1
\.


--
-- Data for Name: banned_members; Type: TABLE DATA; Schema: public; Owner: test_user
--

COPY public.banned_members (channel_id, member_id, end_at) FROM stdin;
1	73561	2023-02-14 02:50:04.72+09
2	91664	2023-02-14 00:05:31.765+09
3	25383	2023-02-14 05:43:58.54+09
3	73673	2023-02-13 19:17:28.182+09
3	49578	2023-02-13 22:10:56.413+09
4	50741	2023-02-13 19:41:44.057+09
6	78315	2023-02-14 05:58:39.935+09
7	99996	2023-02-14 09:48:17.535+09
7	79603	2023-02-13 19:25:29.329+09
9	54947	2023-02-14 10:47:18.315+09
10	98784	2023-02-14 01:01:25.692+09
10	86965	2023-02-14 02:48:33.53+09
12	60732	2023-02-14 13:30:47.542+09
13	74190	2023-02-13 21:53:25.999+09
15	99996	2023-02-14 14:51:21.814+09
16	46154	2023-02-14 04:04:36.631+09
16	77333	2023-02-14 05:58:33.761+09
16	83961	2023-02-13 20:22:20.946+09
17	50854	2023-02-14 14:34:00.809+09
19	18363	2023-02-13 20:53:06.825+09
19	95235	2023-02-13 16:28:17.902+09
19	83961	2023-02-14 00:57:20.09+09
20	35339	2023-02-14 00:15:11.609+09
22	40717	2023-02-14 15:33:57.07+09
24	91679	2023-02-13 22:30:42.399+09
26	91652	2023-02-14 07:02:30.916+09
26	51565	2023-02-14 06:43:04.995+09
26	85620	2023-02-13 23:37:10.762+09
26	79522	2023-02-13 21:39:51.756+09
29	20210	2023-02-13 21:54:55.527+09
29	61158	2023-02-13 23:40:30.766+09
30	51467	2023-02-14 02:39:28.038+09
31	60148	2023-02-14 10:58:23.249+09
31	94673	2023-02-14 15:42:17.372+09
32	50618	2023-02-14 08:27:41.916+09
33	38731	2023-02-14 05:00:03.36+09
33	51155	2023-02-14 15:45:42.667+09
34	25880	2023-02-14 13:18:20.825+09
34	60732	2023-02-14 11:18:25.667+09
36	60148	2023-02-13 18:07:35.579+09
37	13409	2023-02-14 03:16:54.494+09
39	40051	2023-02-14 07:32:42.758+09
40	60907	2023-02-14 02:23:54.138+09
41	98788	2023-02-14 04:08:05.497+09
41	46365	2023-02-13 21:18:29.897+09
41	13409	2023-02-14 08:19:02.149+09
42	51883	2023-02-13 20:29:04.123+09
44	97776	2023-02-14 10:31:11.106+09
44	81992	2023-02-14 07:21:14.916+09
44	77333	2023-02-14 07:02:28.8+09
46	29207	2023-02-14 01:41:10.731+09
47	63602	2023-02-14 09:10:44.947+09
48	58339	2023-02-14 06:57:01.838+09
49	68350	2023-02-14 13:36:36.916+09
51	71022	2023-02-14 11:58:17.015+09
51	53513	2023-02-14 03:26:52.914+09
54	85566	2023-02-14 03:23:57.301+09
55	79520	2023-02-14 01:46:52.448+09
56	59140	2023-02-14 01:10:58.995+09
58	81992	2023-02-13 21:49:34.874+09
59	20077	2023-02-13 21:29:47.179+09
59	73885	2023-02-14 11:43:38.781+09
60	52281	2023-02-13 21:00:41.851+09
61	50854	2023-02-14 03:23:05.766+09
62	73887	2023-02-14 12:40:23.631+09
63	32495	2023-02-13 20:13:33.075+09
65	14479	2023-02-14 04:15:29.041+09
65	87654	2023-02-14 06:15:24.815+09
65	74880	2023-02-13 21:10:34.485+09
66	96928	2023-02-14 01:38:40.52+09
66	96313	2023-02-13 17:05:12.344+09
68	86178	2023-02-13 20:45:20.776+09
69	44829	2023-02-14 14:12:00.59+09
69	16775	2023-02-13 19:02:47.242+09
70	39756	2023-02-14 15:09:43.177+09
71	27332	2023-02-13 22:21:27.841+09
72	22882	2023-02-14 11:36:40.178+09
73	75955	2023-02-14 08:48:47.525+09
73	81992	2023-02-14 01:35:13.941+09
74	89368	2023-02-13 17:32:09.985+09
75	43163	2023-02-13 18:18:17.425+09
75	86965	2023-02-13 22:59:17.014+09
75	60732	2023-02-13 19:39:02.347+09
76	42097	2023-02-14 10:59:22.339+09
76	60803	2023-02-13 16:52:40.803+09
81	94673	2023-02-14 00:45:04.967+09
81	87654	2023-02-13 22:50:32.558+09
81	85528	2023-02-13 17:21:17.998+09
81	11876	2023-02-14 06:32:13.626+09
82	96928	2023-02-13 20:47:20.61+09
82	76417	2023-02-14 10:52:27.488+09
83	16775	2023-02-13 19:39:39.632+09
84	20913	2023-02-13 22:41:08.747+09
85	80894	2023-02-13 16:38:03.242+09
86	98788	2023-02-13 20:45:47.411+09
86	10462	2023-02-13 22:12:36.053+09
86	44829	2023-02-14 13:41:57.197+09
87	98784	2023-02-13 19:54:14.212+09
88	87654	2023-02-14 15:38:43.576+09
88	35339	2023-02-14 02:35:21.728+09
89	55144	2023-02-14 00:32:18.688+09
89	89973	2023-02-14 06:52:14.168+09
90	33248	2023-02-13 18:44:55.09+09
91	41774	2023-02-13 16:16:20.462+09
93	93984	2023-02-14 06:32:23.88+09
94	30502	2023-02-14 06:23:19.707+09
96	41774	2023-02-14 01:58:51.425+09
97	86615	2023-02-14 00:25:20.861+09
97	78315	2023-02-14 09:24:46.671+09
98	69327	2023-02-13 20:28:35.307+09
98	76848	2023-02-14 06:49:37.992+09
98	63870	2023-02-14 11:09:33.281+09
100	69607	2023-02-13 20:36:24.778+09
100	28600	2023-02-14 04:14:49.4+09
100	91652	2023-02-14 05:25:05.982+09
100	93653	2023-02-13 16:58:06.329+09
\.


--
-- Data for Name: blocked_users; Type: TABLE DATA; Schema: public; Owner: test_user
--

COPY public.blocked_users (blocker_id, blocked_id) FROM stdin;
25136	87486
46835	41299
73885	87486
32923	57075
41472	91679
49578	57075
72786	51665
85709	82396
82331	51665
42384	23976
85620	58189
95235	23976
37354	14479
33227	36215
75955	14479
99960	62125
92415	75893
75480	62125
15893	76848
60803	36220
51155	76848
14347	47213
91664	13409
33328	47213
44925	48768
69511	65430
53607	48768
46868	83961
20834	76417
51205	83961
63870	50521
77333	92872
75369	50521
87543	87699
58502	71422
64003	87699
22419	43070
11949	55353
69914	43070
22882	59140
52281	60907
18980	59140
86150	77436
51015	55595
47248	77436
18363	57011
51853	25740
99818	57011
67222	30587
95387	70208
22237	30587
91622	76499
15279	46154
29207	76499
60357	41774
60959	16775
80721	41774
71569	33742
69327	46889
62376	33742
77197	74190
96313	89368
43648	74190
29345	17318
52553	69686
74511	17318
54947	72822
13475	43884
81435	72822
79520	33248
56035	95464
94323	33248
53513	92841
23209	99621
16516	92841
99833	39627
26028	50854
20395	39627
34661	10462
95041	69607
72365	10462
54636	38731
40989	57402
46153	38731
69390	49186
54811	73673
80894	49186
25286	97457
13507	43807
84327	97457
94673	69221
58481	89494
11876	69221
23464	75065
89629	20768
93923	75065
59996	38835
25136	33880
46835	58288
73885	33880
32923	87654
41472	96665
49578	87654
72786	20598
85709	41490
82331	20598
42384	79522
85620	60732
95235	79522
37354	51315
33227	99996
75955	51315
99960	79603
92415	89838
75480	79603
15893	46365
60803	38822
51155	46365
14347	50741
91664	26982
33328	50741
44925	86615
69511	42097
53607	86615
46868	39454
20834	80293
51205	39454
63870	75128
77333	76605
75369	75128
87543	39756
58502	30502
64003	39756
22419	23861
11949	51565
69914	23861
22882	73163
52281	30337
18980	73163
86150	53271
51015	96928
47248	53271
18363	82276
51853	20077
99818	82276
67222	43163
95387	81369
22237	43163
91622	28600
15279	40051
29207	28600
60357	56718
60959	57274
80721	56718
71569	86795
69327	32495
62376	86795
77197	73887
96313	85528
43648	73887
29345	79796
52553	37069
74511	79796
54947	85566
13475	19906
81435	85566
79520	27017
56035	86965
94323	27017
53513	35727
23209	84784
16516	35727
99833	66033
26028	84051
20395	66033
34661	16699
95041	21025
72365	16699
54636	56851
40989	73561
46153	56851
69390	58916
54811	36914
80894	58916
25286	44829
13507	89973
84327	44829
94673	60148
58481	93984
11876	60148
23464	39993
89629	98788
93923	39993
59996	78315
46228	13130
\.


--
-- Data for Name: channel_members; Type: TABLE DATA; Schema: public; Owner: test_user
--

COPY public.channel_members (member_id, channel_id, is_admin, mute_end_at, viewed_at) FROM stdin;
42711	1	t	2022-04-12 04:39:29.181+09	2023-01-23 13:18:44.707+09
87699	1	t	2023-02-13 02:42:59.427+09	2023-01-28 04:01:06.701+09
72822	1	f	2023-02-13 09:51:01.541+09	2023-02-13 05:55:45.405+09
73561	1	f	2023-02-12 20:34:31.404+09	2022-03-31 15:17:32.896+09
44829	2	t	2022-08-21 10:44:09.832+09	2022-11-18 23:18:24.112+09
58502	2	f	2023-02-12 18:10:01.405+09	2022-12-28 16:02:20.992+09
25136	2	t	2023-02-13 12:27:38.284+09	2022-09-28 07:32:37.635+09
75369	2	f	2023-02-13 11:02:16.542+09	2022-06-30 23:10:58.042+09
91664	2	t	2024-01-30 16:29:51.546+09	2022-06-28 22:34:39.142+09
82396	2	t	2024-01-28 18:20:04.92+09	2022-05-05 11:40:07.414+09
13507	2	t	2023-02-13 09:15:59.023+09	2022-07-10 07:09:43.865+09
93653	2	f	2023-06-10 12:57:04.327+09	2022-06-18 14:06:20.732+09
84051	2	f	2023-06-13 16:15:25.213+09	2022-08-30 02:56:12.391+09
19906	2	t	2023-04-23 16:44:55.921+09	2023-01-19 05:12:44.9+09
30337	3	t	2022-04-17 14:57:20.964+09	2022-11-25 03:23:38.889+09
56851	3	t	2023-05-14 22:56:48.898+09	2022-07-30 14:37:24.34+09
25383	3	t	2023-04-20 08:21:49.089+09	2022-03-08 23:02:23.079+09
85386	3	f	2023-02-12 23:58:01.535+09	2022-09-14 07:59:41.189+09
57075	3	t	2023-07-25 02:47:17.071+09	2022-11-20 14:06:06.536+09
73673	3	t	2023-02-12 16:12:00.679+09	2022-05-23 19:13:53.217+09
49578	3	f	2023-02-12 18:21:35.818+09	2022-08-19 07:11:11.173+09
50741	4	t	2022-05-26 01:56:20.673+09	2022-05-03 20:18:06.72+09
31632	4	t	2023-06-30 06:19:56.798+09	2022-09-23 01:08:01.451+09
13130	5	t	2022-12-10 13:56:11.01+09	2023-01-21 18:01:13.817+09
50854	5	f	2023-02-13 02:41:12.922+09	2022-03-04 22:39:26.859+09
22882	5	f	2023-02-14 06:25:11.568+09	2022-12-12 08:23:07.533+09
77436	5	t	2023-03-04 20:06:16.922+09	2023-01-22 14:26:26.729+09
16775	5	t	2023-09-15 12:33:30.146+09	2022-12-28 09:30:17.079+09
39993	6	t	2022-03-19 12:53:24.563+09	2023-01-31 15:24:31.535+09
78315	6	f	2023-08-16 03:08:15.258+09	2022-11-07 22:57:53.022+09
26274	6	t	2023-06-01 02:33:01.409+09	2022-05-08 10:45:58.945+09
96928	6	t	2023-02-13 09:48:55.239+09	2023-01-03 19:21:24.427+09
99996	7	t	2022-08-23 09:44:41.537+09	2022-11-08 23:25:42.672+09
79603	7	f	2023-02-13 12:46:06.455+09	2022-10-17 07:27:45.254+09
54811	7	f	2023-10-15 00:50:09.982+09	2023-02-10 12:22:49.001+09
69327	7	t	2023-06-19 01:14:35.056+09	2022-06-02 08:21:36.189+09
84784	7	f	2023-06-27 21:36:21.095+09	2022-11-11 08:35:03.834+09
87654	8	t	2022-03-30 18:04:05.794+09	2023-01-30 05:56:23.768+09
35339	8	f	2023-02-13 03:05:34.629+09	2022-12-29 06:59:49.931+09
75955	8	t	2023-02-13 01:18:02.345+09	2022-07-13 00:55:02.072+09
23861	8	t	2023-03-13 02:48:25.085+09	2022-03-23 20:24:58.633+09
76848	8	f	2023-05-21 04:36:52.343+09	2022-04-02 13:57:24.305+09
94041	8	t	2023-02-13 15:39:39.462+09	2022-12-26 05:51:40.016+09
79603	9	t	2022-04-19 19:07:43.161+09	2022-06-05 04:08:19.701+09
54947	9	f	2023-08-17 13:23:30+09	2022-10-08 18:04:33.038+09
43163	9	t	2024-01-17 07:10:14.43+09	2022-10-15 14:56:36.586+09
72365	9	t	2023-05-02 23:25:03.923+09	2022-10-01 12:26:59.235+09
58916	9	f	2023-02-13 08:41:45.593+09	2023-02-01 17:04:31.482+09
30502	10	t	2022-04-04 03:14:43.839+09	2022-10-21 07:52:21.633+09
69390	10	f	2023-02-12 16:49:16.937+09	2022-09-23 15:57:43.589+09
98784	10	f	2023-02-12 17:22:02.669+09	2022-05-04 03:31:32.92+09
70329	10	f	2023-02-13 14:51:15.23+09	2022-08-07 21:48:55.067+09
48768	10	t	2023-02-12 17:41:55.975+09	2023-02-09 15:49:58.839+09
86965	10	f	2023-02-13 06:36:30.881+09	2022-12-23 07:37:30.491+09
35727	11	t	2022-08-19 11:41:40.132+09	2022-09-09 21:54:40.424+09
57011	11	f	2024-01-04 05:23:43.263+09	2022-05-12 07:00:55.808+09
46153	11	f	2023-02-13 03:47:43.016+09	2022-03-25 08:53:49.373+09
25740	11	t	2023-08-06 05:58:05.639+09	2022-02-27 03:47:58.202+09
41774	11	f	2023-02-12 21:56:41.769+09	2022-12-04 00:13:20.726+09
36215	11	f	2023-05-11 12:27:21.042+09	2022-09-28 15:08:55.475+09
77333	11	f	2023-10-03 17:31:08.116+09	2022-09-08 07:20:16.011+09
93984	12	t	2022-12-01 19:59:32.336+09	2022-02-18 23:44:25.084+09
60732	12	t	2024-02-07 12:09:58.676+09	2022-06-07 20:24:28.209+09
56660	13	t	2022-10-31 19:00:39.241+09	2023-01-10 08:46:37.68+09
74190	13	f	2023-11-08 17:58:18.85+09	2022-12-02 06:06:59.242+09
64003	13	f	2023-08-22 10:12:06.535+09	2022-10-12 06:12:31.353+09
54947	13	t	2023-02-19 08:26:23.559+09	2022-03-09 02:53:37.365+09
93653	13	t	2023-07-29 22:50:48.442+09	2022-08-07 04:22:52.401+09
26028	13	f	2023-02-12 17:41:36.948+09	2022-12-22 23:53:04.829+09
51467	13	f	2023-02-13 01:40:44.382+09	2022-07-28 06:24:44.503+09
39756	14	t	2023-02-13 12:50:17.733+09	2022-12-24 14:53:04.268+09
84167	14	t	2023-11-20 06:42:22.28+09	2022-03-26 01:16:02.095+09
58916	14	f	2023-02-13 08:22:51.695+09	2022-06-19 03:15:26.386+09
39739	15	t	2023-02-11 08:48:20.681+09	2022-02-27 09:46:13.406+09
99996	15	f	2023-08-14 06:00:16.553+09	2022-10-14 11:46:17.312+09
54274	16	t	2022-05-30 00:28:47.087+09	2022-12-07 14:13:57.62+09
46154	16	f	2023-09-21 20:14:42.647+09	2022-03-31 07:18:02.646+09
36220	16	t	2024-01-30 22:51:54.736+09	2022-10-25 10:11:34.3+09
84051	16	f	2023-02-12 23:47:50.425+09	2022-05-13 09:56:49.112+09
35408	16	f	2023-02-13 06:20:19.679+09	2022-12-31 17:15:20.358+09
77333	16	f	2023-03-21 09:07:26.184+09	2022-08-21 18:35:35.115+09
69686	16	f	2023-02-13 08:12:13.818+09	2023-01-19 19:55:34.57+09
83961	16	f	2023-02-13 11:13:13.902+09	2022-12-03 13:26:22.48+09
45782	17	t	2022-04-24 11:45:14.984+09	2022-12-10 07:53:14.977+09
81992	17	t	2023-12-13 03:52:04.8+09	2023-02-09 09:38:39.379+09
50854	17	t	2023-12-03 00:13:06.44+09	2022-03-15 17:54:00.277+09
41453	18	t	2023-02-11 10:39:03.146+09	2022-12-01 10:30:16.284+09
86178	18	t	2023-10-24 02:30:08.737+09	2022-08-20 10:25:08.266+09
81369	19	t	2022-12-02 09:06:26.499+09	2022-08-01 09:17:56.863+09
89629	19	f	2023-11-13 02:14:12.097+09	2022-09-03 08:50:11.897+09
73386	19	t	2023-09-24 19:29:12.929+09	2022-10-08 20:08:43.455+09
18363	19	t	2023-02-13 09:35:43.559+09	2022-09-09 04:14:17.168+09
26274	19	t	2023-02-13 07:14:19.403+09	2022-07-10 06:42:02.123+09
95235	19	t	2023-02-13 08:17:37.555+09	2023-01-25 21:32:16.707+09
83961	19	t	2023-02-12 18:39:18.539+09	2023-01-11 15:50:41.455+09
40051	20	t	2022-12-11 14:18:03.388+09	2022-02-14 12:34:30.808+09
35339	20	f	2023-04-04 07:59:51.763+09	2022-04-19 14:32:50.208+09
71330	20	f	2023-12-31 10:56:14.544+09	2023-01-25 08:57:42.203+09
53271	20	f	2023-07-20 11:29:59.522+09	2022-09-16 01:53:40.115+09
39454	21	t	2023-01-06 07:47:40.365+09	2022-02-15 17:45:49.645+09
28600	21	t	2023-02-13 10:20:32.567+09	2022-06-20 10:59:17.054+09
82276	21	f	2023-02-13 01:49:50.641+09	2023-01-21 00:30:15.834+09
40051	22	t	2022-12-04 10:22:04.53+09	2022-12-11 03:40:57.222+09
79603	22	f	2023-11-15 12:14:11.48+09	2022-07-02 00:36:02.661+09
20077	22	t	2023-02-13 12:21:06.374+09	2022-07-01 02:13:57.001+09
27332	22	f	2023-08-12 07:11:34.432+09	2022-05-31 19:00:15.13+09
60732	22	t	2023-06-21 20:11:06.809+09	2022-09-14 11:35:53.554+09
40717	22	t	2023-06-08 00:52:31.252+09	2022-07-05 04:57:37.619+09
71022	22	t	2023-02-13 00:35:30.467+09	2022-05-26 15:43:26.437+09
76499	22	t	2023-02-13 03:04:53.564+09	2022-06-19 01:28:25.799+09
98784	23	t	2022-06-17 04:57:10.444+09	2022-06-30 23:45:16.555+09
58288	23	f	2023-02-13 00:53:52.056+09	2022-05-27 07:12:13.821+09
93653	24	t	2022-04-25 00:41:10.22+09	2022-11-10 02:09:36.333+09
54274	24	t	2023-02-13 00:44:39.529+09	2022-08-05 21:55:10.971+09
71022	24	f	2023-02-13 09:31:50.986+09	2023-02-12 21:28:08.903+09
91679	24	f	2023-02-13 02:32:59.087+09	2022-12-29 16:56:59.461+09
30337	24	f	2024-01-19 07:30:33.777+09	2022-08-16 17:18:44.167+09
60732	25	t	2022-06-01 07:26:33.594+09	2023-01-26 08:25:05.487+09
43884	25	f	2023-02-12 16:46:58.254+09	2022-08-28 03:57:22.337+09
71569	25	t	2023-02-13 03:42:49.277+09	2022-05-21 23:50:03.138+09
23861	25	t	2023-02-13 10:37:17.32+09	2022-04-21 15:46:33.886+09
80046	25	f	2023-02-12 23:36:23.863+09	2022-12-13 23:27:20.343+09
82331	25	f	2023-02-12 22:30:29.373+09	2022-06-15 09:40:51.806+09
79520	25	t	2023-11-23 06:21:21.299+09	2022-06-04 00:25:05.046+09
82276	25	f	2023-08-30 11:45:55.063+09	2022-07-28 10:25:58.33+09
58502	25	t	2023-02-13 04:54:04.96+09	2022-07-09 03:42:31.65+09
91652	26	t	2022-11-15 08:25:01.833+09	2022-06-14 17:08:48.296+09
93923	26	t	2023-10-18 21:29:32.419+09	2022-04-02 21:14:12.161+09
51565	26	f	2024-01-25 22:30:34.889+09	2022-05-14 12:48:43.378+09
55595	26	t	2023-02-12 18:42:52.849+09	2023-01-07 08:46:59.576+09
85620	26	f	2023-09-12 09:31:36.649+09	2022-10-02 00:27:18.781+09
40717	26	f	2023-10-10 03:47:32.177+09	2022-10-14 17:27:45.654+09
47248	26	t	2023-02-13 09:06:53.824+09	2023-02-10 10:45:36.641+09
32923	26	f	2024-01-04 22:19:22.225+09	2022-05-18 09:58:33.396+09
79522	26	f	2023-04-10 21:45:08.208+09	2022-05-27 08:28:18.829+09
63870	26	t	2023-02-13 10:21:43.964+09	2022-09-22 05:10:33.581+09
93653	27	t	2022-05-12 19:53:11.055+09	2023-02-04 23:49:05.802+09
82396	27	t	2023-02-13 13:44:57.234+09	2022-11-26 22:39:12.703+09
58516	27	t	2023-12-10 17:31:07.976+09	2022-03-19 17:35:20.507+09
20598	28	t	2022-02-24 13:22:16.784+09	2022-11-12 02:16:11.941+09
31755	28	t	2023-02-13 07:50:08.351+09	2022-08-14 03:42:59.543+09
33880	29	t	2022-09-16 17:54:07.287+09	2022-03-06 12:49:32.817+09
20210	29	t	2024-01-29 03:52:07.54+09	2022-05-09 05:16:32.28+09
33248	29	f	2023-02-12 17:23:21.119+09	2023-02-08 09:06:26.587+09
56851	29	f	2023-03-19 23:02:37.849+09	2022-07-24 01:47:53.204+09
61158	29	f	2023-03-03 15:57:00.955+09	2023-01-17 04:08:07.332+09
44829	30	t	2022-04-16 11:42:13.869+09	2023-01-18 17:00:54.084+09
35727	30	t	2023-08-23 17:54:19.261+09	2022-12-24 02:01:29.701+09
58502	30	f	2023-07-23 14:34:15.444+09	2022-09-18 12:16:23.575+09
91664	30	t	2023-03-03 21:33:02.789+09	2022-10-04 07:58:29.422+09
42097	30	t	2023-12-17 03:52:35.695+09	2022-07-28 06:49:25.517+09
51467	30	f	2023-06-02 06:17:06.303+09	2022-11-24 01:43:48.092+09
60148	31	t	2022-12-25 22:59:09.657+09	2022-10-11 21:54:55.316+09
94673	31	f	2023-08-18 00:17:05.113+09	2022-11-06 07:36:32.962+09
92272	31	f	2023-02-12 16:45:05.362+09	2022-06-01 05:54:51.574+09
56851	32	t	2022-08-27 22:30:26.004+09	2022-11-18 03:14:05.808+09
52553	32	t	2023-09-05 06:44:16.255+09	2022-11-23 08:18:08.701+09
50618	32	f	2023-02-12 22:52:19.967+09	2022-07-25 15:59:44.298+09
75480	32	t	2023-09-29 10:36:13.381+09	2022-02-25 11:58:17.909+09
79522	33	t	2022-03-27 05:11:24.133+09	2022-04-13 06:06:33.675+09
38731	33	t	2023-03-13 03:52:46.569+09	2022-12-24 09:31:28.966+09
46228	33	t	2023-03-19 02:04:54.999+09	2022-04-27 16:59:37.986+09
51155	33	f	2023-02-13 14:38:55.7+09	2023-02-09 11:42:03.633+09
80721	33	f	2023-02-13 05:59:46.908+09	2022-03-08 07:33:39.646+09
85566	33	f	2024-01-06 13:09:08.437+09	2023-01-02 15:00:05.249+09
23464	33	t	2023-02-13 13:34:37.583+09	2022-03-11 02:04:23.164+09
25880	34	t	2022-07-03 13:01:57.475+09	2022-03-08 20:59:18.783+09
60732	34	f	2023-04-12 22:48:17.968+09	2022-05-16 02:49:21.822+09
76605	34	f	2023-12-29 20:47:06.63+09	2022-03-25 17:23:17.579+09
56718	35	t	2022-11-15 13:56:42.448+09	2022-06-01 02:52:54.976+09
78315	35	f	2023-06-06 09:26:55.436+09	2022-11-15 08:42:25.547+09
60148	36	t	2022-07-10 10:49:19.751+09	2022-09-06 12:15:42.829+09
62125	36	t	2023-08-17 08:17:42.401+09	2022-12-16 09:04:50.739+09
61158	37	t	2022-09-12 18:31:19.167+09	2022-08-24 20:29:33.463+09
13409	37	f	2023-11-07 10:38:24.685+09	2023-02-12 23:28:32.926+09
60732	38	t	2022-12-05 00:45:32.712+09	2022-03-26 23:41:40.271+09
20210	38	f	2023-12-29 11:35:47.612+09	2022-02-24 07:33:09.246+09
86150	38	f	2023-02-13 08:27:19.762+09	2022-03-27 01:07:49.241+09
20077	38	t	2023-02-13 13:35:06.032+09	2022-05-14 11:38:30.592+09
78315	39	t	2023-02-12 11:45:56.515+09	2022-07-26 10:26:02.509+09
40051	39	t	2023-02-13 10:47:01.058+09	2022-09-25 05:53:06.473+09
69511	39	t	2023-10-29 02:26:57.74+09	2022-02-21 10:55:52.786+09
50618	39	t	2023-02-13 13:58:59.38+09	2022-04-05 07:24:36.065+09
91652	39	f	2023-02-13 15:20:45.889+09	2022-10-26 17:54:14.267+09
43807	39	f	2023-02-12 20:30:54.844+09	2022-03-11 06:04:14.945+09
99833	39	t	2023-02-13 08:34:53.766+09	2022-11-19 05:56:22.487+09
70966	39	t	2023-04-10 15:24:58.329+09	2022-02-19 02:41:28.934+09
51315	40	t	2022-04-24 10:57:42.287+09	2022-11-30 00:54:07.588+09
60907	40	t	2023-12-21 14:45:20.949+09	2023-01-24 22:39:31.305+09
95235	40	t	2023-02-13 12:14:12.085+09	2022-02-21 17:10:29.747+09
43807	40	f	2023-05-11 22:11:20.028+09	2022-09-27 03:54:07.791+09
35339	40	t	2023-09-01 11:04:54.487+09	2022-09-23 07:24:05.481+09
93984	40	t	2023-02-13 09:20:51.705+09	2022-02-22 18:21:23.959+09
86795	40	t	2023-02-12 21:39:05.654+09	2023-01-20 05:10:21.133+09
57244	41	t	2022-12-08 09:42:44.252+09	2022-03-02 12:55:29.63+09
58481	41	t	2023-02-13 06:11:29.165+09	2022-11-17 14:37:59.654+09
93653	41	f	2023-02-13 07:07:12.67+09	2022-07-22 23:30:04.138+09
95387	41	t	2023-09-12 19:09:27.429+09	2022-07-12 23:43:08.349+09
98788	41	t	2023-08-30 19:45:42.965+09	2022-11-26 20:48:08.556+09
84051	41	f	2023-06-04 11:18:31.928+09	2023-01-23 18:13:21.486+09
46365	41	f	2023-02-12 22:17:07.983+09	2023-01-06 13:11:36.322+09
13409	41	t	2023-02-12 20:32:56.157+09	2022-04-17 01:28:48.148+09
23861	42	t	2022-04-09 09:18:40.507+09	2022-07-18 13:11:16.03+09
50741	42	t	2023-02-13 07:38:15.065+09	2022-10-24 21:41:52.176+09
79520	42	t	2023-02-13 15:18:15.069+09	2022-09-21 14:47:29.703+09
51883	42	f	2023-02-13 00:41:54.404+09	2022-04-13 07:31:22.317+09
19906	42	t	2023-05-06 11:19:44.294+09	2022-10-23 09:34:45.296+09
47414	43	t	2022-12-21 12:47:45.171+09	2022-11-07 19:17:29.404+09
66910	43	f	2023-07-12 01:06:45.579+09	2023-01-13 13:42:14.871+09
97776	44	t	2022-09-16 13:46:21.53+09	2023-01-17 07:33:41.783+09
81992	44	t	2023-07-09 13:33:00.057+09	2022-10-12 20:58:35.182+09
49186	44	t	2023-07-29 21:14:41.143+09	2022-09-20 10:01:16.213+09
26982	44	f	2023-02-13 02:55:35.807+09	2022-08-09 06:35:48.492+09
77333	44	f	2023-02-13 00:38:54.258+09	2023-01-18 05:40:34.479+09
53513	44	f	2023-07-29 17:42:54.285+09	2022-09-26 13:08:41.798+09
57244	44	t	2023-06-16 07:23:04.407+09	2022-06-15 11:54:58.003+09
72365	44	f	2023-02-13 03:48:02.817+09	2022-07-19 03:21:01.501+09
86178	45	t	2022-03-22 01:15:17.748+09	2022-11-26 19:36:44.165+09
55353	45	t	2023-02-13 06:26:13.912+09	2022-06-03 20:26:46.956+09
25383	45	f	2023-05-07 05:33:27.169+09	2022-05-09 19:03:33.609+09
54274	46	t	2022-11-04 22:05:06.323+09	2022-06-29 13:18:37.773+09
29207	46	f	2023-02-13 10:55:25.249+09	2022-03-09 17:10:24.791+09
23209	46	f	2023-09-11 08:10:25.839+09	2022-03-12 19:09:30.894+09
37069	46	f	2023-06-30 11:33:16.187+09	2022-04-13 02:44:23.501+09
96928	46	f	2023-08-14 18:11:36.436+09	2022-05-15 03:37:48.091+09
41299	46	f	2023-12-19 08:56:29.221+09	2022-05-22 08:36:22.947+09
51467	46	t	2024-01-31 10:35:25.372+09	2022-03-24 19:03:38.13+09
89838	46	f	2023-02-12 17:41:49.604+09	2023-01-02 03:18:56.736+09
51565	46	t	2023-12-05 21:13:54.593+09	2022-09-06 01:04:03.025+09
20077	47	t	2022-03-16 10:08:12.428+09	2022-03-21 02:15:40.363+09
91664	47	f	2023-02-12 19:25:24.442+09	2022-06-20 13:47:43.674+09
76848	47	f	2023-02-12 16:28:27.035+09	2022-08-01 08:10:56.988+09
63870	47	t	2023-10-06 05:03:45.925+09	2022-12-21 14:59:19.041+09
46868	47	t	2023-08-15 07:29:59.154+09	2023-02-12 05:27:33.823+09
63602	47	f	2023-09-10 02:07:09.136+09	2022-02-17 20:42:50.205+09
45562	47	t	2024-02-04 15:05:35.408+09	2022-09-24 07:51:35.791+09
39756	48	t	2023-01-24 22:23:54.55+09	2022-09-23 09:14:08.553+09
58339	48	f	2024-02-12 18:06:14.495+09	2022-12-22 01:13:56.175+09
98784	49	t	2022-11-23 23:17:35.768+09	2022-04-18 19:07:23.726+09
16516	49	f	2023-05-24 16:41:02.129+09	2022-08-14 04:10:35.515+09
68350	49	f	2023-02-12 20:38:07.361+09	2022-02-16 15:01:13.2+09
14479	49	f	2023-02-12 21:23:31.28+09	2022-09-20 20:44:52.018+09
69686	49	t	2023-02-12 18:21:19.414+09	2022-05-15 22:53:16.191+09
76499	49	t	2023-10-05 23:40:18.421+09	2022-11-14 22:02:30.15+09
16775	49	f	2023-08-28 23:51:58.241+09	2022-11-29 10:45:54.963+09
79522	50	t	2023-01-02 09:02:50.747+09	2022-08-11 16:10:20.324+09
96928	50	f	2024-01-05 22:41:50.14+09	2022-10-27 23:51:08.372+09
99621	50	f	2023-11-24 01:39:48.807+09	2022-07-22 10:42:25.222+09
16699	51	t	2022-06-02 02:07:05.06+09	2023-01-08 01:27:36.433+09
67222	51	f	2023-04-23 11:47:27.607+09	2022-08-31 22:10:55.872+09
69511	51	f	2023-12-25 07:42:23.269+09	2022-11-14 07:19:55.562+09
71022	51	f	2024-01-10 21:45:05.406+09	2022-06-16 18:24:06.26+09
53513	51	t	2023-02-12 18:06:03.517+09	2022-09-29 07:47:40.49+09
22882	51	f	2023-11-09 06:27:15.979+09	2022-07-17 15:28:23.376+09
26982	52	t	2023-01-22 03:33:07.2+09	2022-09-04 03:16:00.693+09
66033	52	f	2023-02-13 03:38:15.315+09	2022-12-30 10:02:41.327+09
41472	52	t	2023-02-13 11:34:41.245+09	2022-12-02 04:30:10.428+09
60907	52	f	2023-04-17 15:08:52.943+09	2022-03-12 01:47:38.74+09
98638	52	t	2023-05-02 01:43:36.576+09	2023-02-11 17:25:58.781+09
79520	52	t	2023-02-13 10:52:50.228+09	2022-03-08 18:08:35.798+09
27017	53	t	2022-08-07 21:26:45.23+09	2022-03-24 08:59:10.795+09
72822	53	t	2023-03-17 10:37:06.533+09	2022-05-09 15:26:08.334+09
85566	54	t	2022-02-17 20:30:09.576+09	2023-02-07 05:32:20.221+09
40051	54	f	2023-02-13 05:55:10.589+09	2022-06-09 17:30:32.643+09
85528	55	t	2022-12-28 20:59:54.418+09	2022-10-28 13:08:17.642+09
36524	55	t	2024-02-06 00:51:24.143+09	2022-03-21 16:37:08.097+09
50741	55	f	2023-02-13 11:05:02.311+09	2022-07-14 23:52:10.617+09
39739	55	t	2024-01-16 09:19:41.018+09	2022-02-17 02:38:45.012+09
46228	55	f	2023-06-26 15:06:17.859+09	2022-10-12 13:22:16.557+09
41453	55	f	2023-02-13 05:51:14.5+09	2022-06-26 02:15:23.909+09
79520	55	f	2023-02-13 05:52:59.802+09	2022-06-24 03:06:13.945+09
70966	56	t	2022-09-27 14:54:05.669+09	2022-07-15 06:33:23.877+09
16516	56	t	2023-02-13 07:16:18.242+09	2022-05-13 13:32:12.237+09
46889	56	t	2023-07-11 22:14:43.36+09	2022-03-20 17:27:46.701+09
28600	56	f	2023-02-12 19:40:21.745+09	2022-09-16 07:59:17.068+09
59140	56	f	2023-02-13 01:02:41.38+09	2022-07-14 00:38:32.187+09
40051	57	t	2022-12-24 12:40:48.693+09	2022-09-10 18:37:41.545+09
36220	57	f	2023-10-03 11:33:37.497+09	2023-01-22 21:39:37.32+09
58288	57	t	2023-02-13 09:21:56.873+09	2022-08-18 08:36:19.12+09
51883	57	t	2023-02-13 09:05:13.896+09	2022-07-11 06:50:36.211+09
30337	58	t	2022-04-01 00:38:42.197+09	2022-12-04 06:07:22.399+09
81992	58	t	2023-02-13 13:33:59.204+09	2022-06-12 19:11:42.578+09
20077	59	t	2023-01-17 14:50:11.921+09	2022-04-30 14:05:13.71+09
99833	59	t	2023-08-03 07:26:25.476+09	2022-11-03 01:24:58.744+09
41299	59	t	2023-12-21 20:16:20.82+09	2022-07-11 22:52:52.141+09
86615	59	t	2023-02-13 00:49:10.278+09	2022-09-11 18:25:37.489+09
73885	59	t	2023-08-26 18:06:14.035+09	2022-07-11 23:57:20.944+09
36524	59	t	2023-08-30 01:50:29.102+09	2022-09-19 02:53:58.684+09
13475	59	f	2024-01-25 01:24:24.009+09	2022-07-27 06:46:43.924+09
15893	59	t	2023-02-13 10:05:35.251+09	2022-11-14 13:32:50.836+09
89838	60	t	2022-07-30 05:14:46.578+09	2022-03-16 14:58:34.002+09
71330	60	t	2023-11-26 19:21:00.922+09	2022-11-23 06:05:06.957+09
72786	60	t	2023-08-31 03:41:45.195+09	2023-02-01 04:24:52.844+09
17318	60	f	2023-11-03 04:37:16.348+09	2022-06-22 16:23:59.967+09
59996	60	t	2023-02-12 16:11:02.042+09	2023-02-05 04:14:05.964+09
52281	60	f	2023-12-15 13:48:20.574+09	2022-10-01 11:11:43.629+09
75948	61	t	2022-03-12 00:50:26.945+09	2022-03-29 12:18:33.454+09
56851	61	t	2023-02-13 14:10:48.953+09	2022-08-07 16:07:47.463+09
99554	61	t	2023-11-19 20:05:14.705+09	2022-03-01 12:35:35.16+09
73163	61	t	2023-02-13 03:40:17.418+09	2022-06-17 07:02:39.647+09
62125	61	t	2023-06-14 20:49:38.078+09	2022-09-11 19:59:48.402+09
81435	61	f	2023-02-12 20:55:54.784+09	2022-12-27 16:03:48.077+09
50854	61	f	2023-02-13 07:34:42.099+09	2022-08-08 00:54:01.017+09
86965	62	t	2022-07-11 05:58:28.155+09	2022-03-13 08:28:44.239+09
73887	62	t	2023-02-13 00:33:45.221+09	2022-10-22 22:00:41.623+09
32495	63	t	2022-10-24 06:26:35.609+09	2022-12-12 04:41:44.501+09
85528	63	t	2023-02-13 04:38:33.078+09	2023-02-12 22:08:41.666+09
31632	64	t	2022-09-14 06:09:30.196+09	2022-08-22 00:55:22.711+09
56718	64	f	2023-02-12 19:12:25.661+09	2022-09-17 19:22:48.784+09
23209	64	f	2023-08-11 06:08:10.135+09	2023-01-15 20:56:09.978+09
20598	65	t	2022-03-19 23:47:36.125+09	2022-07-03 18:46:16.789+09
84327	65	t	2023-09-02 00:29:10.742+09	2022-09-23 14:40:30.51+09
14479	65	t	2023-03-24 17:49:22.073+09	2022-10-02 10:42:47.432+09
13130	65	t	2023-05-12 14:18:37.327+09	2022-03-15 06:42:25.511+09
87654	65	f	2023-11-13 16:09:10.274+09	2022-03-01 20:03:53.92+09
16775	65	f	2023-03-02 02:59:18.373+09	2023-01-12 15:17:26.515+09
50521	65	f	2023-02-13 02:40:33.544+09	2022-06-07 17:55:40.246+09
69914	65	f	2023-02-13 12:11:35.588+09	2022-05-26 07:29:49.747+09
23976	65	f	2023-03-05 18:43:35.917+09	2022-05-04 20:01:56.8+09
74880	65	t	2023-12-03 00:55:01.601+09	2022-03-06 01:30:53.461+09
39739	66	t	2022-08-20 03:27:16.545+09	2022-08-11 23:50:01.714+09
96928	66	t	2023-02-13 03:41:15.821+09	2022-05-18 00:21:10.585+09
61158	66	t	2023-09-18 03:17:27.17+09	2022-12-15 00:34:19.279+09
57075	66	f	2023-02-13 06:00:47.22+09	2022-12-17 23:23:29.786+09
96313	66	f	2023-02-13 03:22:06.178+09	2022-10-14 22:15:05.669+09
85386	66	t	2023-05-03 01:39:12.311+09	2022-09-16 18:16:44.037+09
79603	66	t	2024-01-13 12:10:48.103+09	2022-09-19 07:02:23.224+09
36914	67	t	2022-08-31 02:38:23.362+09	2022-11-19 06:00:11.656+09
85566	67	t	2023-11-23 03:40:24.602+09	2022-11-08 20:04:42.651+09
19906	67	t	2023-02-12 23:21:15.533+09	2022-05-15 10:38:44.353+09
96928	67	t	2023-03-20 23:15:28.311+09	2022-05-01 18:38:04.719+09
25383	67	t	2023-05-23 01:49:50.282+09	2022-08-02 12:08:28.446+09
73369	68	t	2022-05-20 21:44:14.01+09	2023-01-07 19:56:25.152+09
86178	68	f	2023-02-13 01:06:22.778+09	2022-04-02 23:49:50.575+09
67222	68	t	2023-02-12 21:58:58.381+09	2022-12-29 17:50:12.868+09
70966	68	f	2023-02-13 14:40:46.773+09	2022-10-30 16:43:43.55+09
44829	69	t	2022-05-23 01:31:06.107+09	2022-08-27 22:48:17.657+09
16775	69	t	2023-12-09 04:44:33.911+09	2022-09-29 10:31:37.889+09
39756	70	t	2022-09-21 05:07:17.668+09	2023-01-30 23:10:23.336+09
95535	70	f	2023-02-12 18:43:00.774+09	2022-09-22 18:38:14.193+09
58502	70	t	2023-02-13 04:30:26.254+09	2022-12-27 17:00:48.176+09
30337	71	t	2022-02-22 05:38:56.221+09	2023-02-03 00:47:23.838+09
14347	71	t	2023-02-13 00:53:08.992+09	2023-01-12 06:48:41.205+09
73561	71	f	2023-02-13 01:24:27.322+09	2022-11-25 00:19:08.203+09
29207	71	f	2023-02-13 07:10:43.282+09	2022-03-13 11:53:55.576+09
71569	71	t	2023-08-25 08:07:02.018+09	2022-03-23 21:54:50.884+09
27332	71	t	2023-10-24 23:27:07.085+09	2022-12-28 04:17:08.656+09
92272	71	f	2023-12-17 08:30:12.954+09	2022-08-09 09:38:14.857+09
35727	72	t	2022-10-04 15:15:18.057+09	2023-01-14 06:52:01.171+09
22882	72	f	2023-04-13 20:00:48.063+09	2022-11-01 06:58:02.655+09
43807	72	t	2023-09-07 04:18:19.636+09	2022-07-01 19:05:47.059+09
92272	72	f	2023-02-13 01:42:40.073+09	2022-03-26 10:29:34.881+09
79522	72	f	2023-02-12 17:04:31.247+09	2022-08-16 06:57:37.431+09
25880	72	f	2023-09-28 08:48:54.556+09	2022-12-15 06:27:37.675+09
86150	72	f	2024-01-28 07:26:49.599+09	2022-12-23 07:04:45.892+09
35408	72	f	2023-02-13 10:21:29.803+09	2022-09-02 16:42:18.049+09
26982	73	t	2022-08-31 16:53:39.138+09	2022-10-14 17:27:23.605+09
50741	73	t	2024-01-22 09:23:16.725+09	2022-09-23 12:36:43.009+09
41299	73	t	2023-02-12 23:45:30.468+09	2023-02-03 23:00:05.172+09
75955	73	t	2023-07-09 08:29:41.218+09	2022-03-17 17:13:44.425+09
81992	73	t	2023-02-12 22:04:52.465+09	2022-11-27 22:48:17.902+09
95464	73	t	2023-07-07 22:24:58.426+09	2022-11-16 00:12:18.801+09
74190	73	t	2023-02-13 09:42:59.99+09	2022-06-12 09:17:18.882+09
33880	74	t	2023-01-08 00:48:55.132+09	2022-11-19 14:26:09.035+09
42711	74	f	2023-10-25 15:49:51.797+09	2022-05-15 20:05:14.838+09
89368	74	f	2023-05-11 03:06:34.49+09	2022-09-01 05:38:11.766+09
60907	74	f	2023-02-13 14:01:41.81+09	2022-07-14 19:23:00.356+09
86615	74	t	2023-02-12 21:32:50.83+09	2022-09-09 05:44:55.037+09
43163	75	t	2022-05-25 08:10:14.139+09	2022-11-28 05:08:28.009+09
86150	75	t	2023-02-13 06:04:58.735+09	2022-12-22 00:56:19.305+09
53271	75	t	2023-02-13 12:03:38.774+09	2022-03-09 13:25:44.044+09
32495	75	f	2023-10-07 10:43:01.059+09	2022-06-08 11:14:49.476+09
89629	75	f	2023-02-13 12:10:21.54+09	2022-11-11 02:03:27.356+09
86965	75	f	2023-02-13 10:30:13.706+09	2022-11-12 04:30:52.929+09
25136	75	t	2023-10-12 23:44:17.932+09	2022-04-10 17:02:40.626+09
60732	75	f	2023-02-13 12:32:49.735+09	2022-12-06 22:03:34.227+09
45562	75	t	2023-09-06 18:08:51.498+09	2022-05-20 11:33:05.257+09
42097	76	t	2023-01-30 22:08:46.106+09	2022-10-22 03:55:09.847+09
60803	76	t	2023-07-08 17:56:26.029+09	2022-04-05 11:34:38.145+09
53607	76	t	2024-01-06 15:35:48.987+09	2023-02-09 06:30:58.006+09
58502	76	f	2023-02-13 11:01:51.352+09	2022-12-22 06:40:47.869+09
57244	76	t	2023-02-13 08:53:51.567+09	2022-03-29 03:51:09.507+09
83961	76	f	2023-07-14 21:55:01.944+09	2022-03-29 22:44:02.702+09
70966	76	t	2023-02-13 06:43:56.83+09	2022-07-30 12:39:33.33+09
86795	77	t	2022-09-14 19:23:20.748+09	2022-06-21 02:35:01.003+09
34661	77	f	2023-12-20 06:41:41.032+09	2022-12-03 04:39:14.261+09
55144	78	t	2022-02-22 03:31:47.513+09	2022-08-19 15:46:10.859+09
84051	78	t	2023-08-01 06:12:48.848+09	2023-02-07 06:33:39.146+09
38822	79	t	2022-10-01 15:13:19.917+09	2022-11-05 10:21:31.179+09
58189	79	f	2023-05-31 22:49:37.357+09	2022-06-11 22:07:02.188+09
70329	79	f	2023-02-12 19:48:26.298+09	2022-06-19 03:22:25.514+09
55353	79	f	2023-02-13 05:07:13.214+09	2022-11-22 10:06:45.345+09
79522	79	f	2023-02-13 07:35:14.44+09	2022-04-24 05:13:09.604+09
74511	79	f	2023-02-13 06:39:12.077+09	2022-04-02 14:39:45.203+09
60959	79	f	2023-02-13 11:38:29.137+09	2022-03-06 15:41:00.049+09
87654	79	t	2023-11-19 14:22:13.473+09	2022-07-16 00:43:06.321+09
45562	79	t	2023-02-12 18:12:31.358+09	2023-01-12 01:35:06.119+09
28652	79	t	2023-02-12 19:29:24.473+09	2023-01-19 10:32:11.145+09
56851	80	t	2022-04-27 06:53:16.541+09	2022-03-08 11:29:55.984+09
16699	80	t	2023-03-13 15:42:17.034+09	2022-10-30 10:32:00.431+09
54274	81	t	2022-10-05 16:22:37.17+09	2022-10-09 21:25:37.725+09
94673	81	f	2023-11-22 06:56:46.549+09	2022-12-08 18:12:20.153+09
87654	81	f	2023-02-13 06:13:45.276+09	2022-12-11 17:14:34.132+09
85386	81	t	2023-10-20 13:20:31.352+09	2022-05-13 15:33:48.784+09
85528	81	t	2023-04-03 07:46:47.691+09	2022-04-24 15:49:44.586+09
11876	81	t	2023-02-13 05:43:25.215+09	2022-12-12 12:24:10.194+09
52466	81	t	2024-01-06 23:33:39.753+09	2022-12-03 20:10:57.359+09
99293	82	t	2022-11-28 22:35:54.432+09	2023-01-12 19:16:46.201+09
71422	82	t	2023-08-07 13:59:56.147+09	2022-12-23 19:06:13.569+09
33227	82	t	2023-02-12 22:00:32.663+09	2022-08-04 11:52:10.829+09
96928	82	f	2023-02-12 20:29:12.887+09	2022-10-08 11:47:27.635+09
57011	82	t	2023-02-12 16:50:52.565+09	2022-07-07 17:36:43.687+09
63602	82	t	2023-12-08 02:18:50.399+09	2022-07-10 10:51:56.912+09
76417	82	f	2023-02-13 10:48:15.316+09	2022-06-05 01:32:35.864+09
85709	82	f	2023-06-02 02:00:57.487+09	2022-12-02 06:41:59.306+09
20598	82	t	2023-06-10 17:42:53.677+09	2022-03-13 13:53:01.129+09
39993	83	t	2022-03-01 14:39:40.569+09	2023-01-14 20:40:51.566+09
86615	83	f	2023-02-13 03:45:52.312+09	2022-09-17 17:34:07.92+09
16775	83	f	2023-02-13 05:11:42.971+09	2022-10-04 04:46:33.042+09
25286	83	f	2023-02-13 06:52:19.96+09	2022-05-03 15:11:09.558+09
94673	83	t	2023-02-12 21:42:55.928+09	2022-02-24 07:44:04.232+09
79796	83	f	2023-11-22 13:31:15.624+09	2022-07-05 23:26:23.129+09
89973	83	t	2023-02-13 13:24:06.966+09	2022-06-01 15:45:15.818+09
26274	83	t	2023-10-28 16:38:35.062+09	2023-01-10 20:52:47.649+09
46365	84	t	2022-05-07 05:30:42.101+09	2022-06-18 12:11:54.344+09
38835	84	f	2023-09-02 08:48:25.631+09	2022-07-09 14:51:59.252+09
21025	84	t	2023-02-13 03:16:18.54+09	2023-01-17 09:41:54.144+09
20913	84	t	2023-12-17 17:45:25.745+09	2022-10-14 04:35:25.13+09
54947	84	t	2023-02-13 09:49:42.236+09	2022-06-11 05:00:10.686+09
26982	85	t	2022-06-08 06:08:44.547+09	2023-02-04 21:03:08.641+09
80894	85	f	2023-08-19 19:17:43.466+09	2022-08-08 16:25:02.563+09
99293	86	t	2023-01-07 22:13:36.536+09	2022-06-23 05:06:17.352+09
70329	86	f	2023-02-12 20:57:58.483+09	2022-07-31 11:09:05.006+09
98788	86	t	2023-02-13 08:49:23.39+09	2022-04-11 23:03:51.081+09
77333	86	t	2023-02-13 01:26:35.315+09	2022-07-08 11:05:01.919+09
13409	86	t	2023-03-15 19:21:29.422+09	2022-10-14 23:22:52.221+09
53607	86	f	2023-09-14 05:52:28.482+09	2022-12-10 15:24:34.166+09
26274	86	f	2023-02-12 22:39:31.298+09	2022-12-14 10:36:24.317+09
10462	86	t	2023-02-13 01:25:21.143+09	2022-11-14 03:34:06.449+09
44829	86	t	2023-02-13 12:41:44.671+09	2022-03-30 11:29:00.244+09
43163	87	t	2022-05-09 03:30:35.699+09	2022-12-17 13:22:31.243+09
98784	87	f	2023-09-19 20:28:16.298+09	2022-09-16 13:06:53.362+09
35339	87	f	2023-02-13 12:07:57.003+09	2022-11-27 07:46:03.58+09
25286	87	f	2023-11-25 07:53:00.911+09	2022-05-09 13:54:53.1+09
87654	88	t	2022-06-25 19:18:51.672+09	2022-04-16 03:10:08.52+09
99554	88	f	2023-12-21 23:14:25.505+09	2022-07-05 08:49:29.742+09
23861	88	f	2023-02-13 10:37:59.529+09	2022-03-04 10:00:28.591+09
61158	88	t	2023-02-12 16:09:28.808+09	2022-05-24 01:49:58.437+09
35339	88	t	2023-02-13 15:11:20.07+09	2023-01-12 20:06:55.838+09
16516	88	f	2023-04-03 10:58:16.207+09	2022-06-03 09:53:52.471+09
70208	88	t	2024-01-29 03:17:44.872+09	2022-05-29 08:22:36.968+09
76417	88	t	2023-02-13 06:13:59.727+09	2022-04-11 07:08:23.169+09
75201	88	t	2023-02-13 09:39:21.858+09	2022-10-05 08:59:06.678+09
33742	88	t	2023-02-13 08:53:39.207+09	2022-12-21 20:24:29.43+09
38822	89	t	2022-08-18 04:14:56.762+09	2022-08-25 19:45:08.288+09
55144	89	f	2023-02-13 15:52:29.244+09	2022-10-31 11:10:45.793+09
85620	89	f	2023-02-13 08:24:33.606+09	2022-11-16 19:50:54.893+09
89973	89	f	2023-02-13 07:13:39.83+09	2022-08-15 17:25:32.913+09
50854	89	f	2023-02-12 23:53:43.77+09	2022-07-01 10:59:21.706+09
73561	89	f	2023-02-13 00:05:45.863+09	2022-09-17 20:16:28.33+09
11876	89	f	2023-06-18 13:17:03.657+09	2022-12-17 06:26:29.55+09
30337	89	f	2023-02-13 12:45:14.377+09	2022-07-29 02:36:42.365+09
32495	89	t	2023-08-09 15:30:12.743+09	2022-10-06 12:26:13.226+09
72822	89	f	2023-02-13 07:44:21.016+09	2022-06-26 06:03:37.98+09
41490	90	t	2022-05-06 21:51:06.439+09	2022-10-24 19:13:05.718+09
99554	90	t	2023-02-13 14:17:08.645+09	2022-07-17 18:26:27.54+09
77197	90	t	2023-08-18 09:27:30.671+09	2022-03-20 03:04:40.68+09
26982	90	f	2023-08-31 21:19:41.814+09	2022-09-03 04:34:03.69+09
33248	90	f	2023-02-13 10:54:03.129+09	2022-11-23 23:12:28.057+09
79522	91	t	2022-06-17 01:51:36.442+09	2022-07-30 02:39:06.602+09
41774	91	t	2023-02-13 08:06:45.788+09	2022-09-14 17:22:53.582+09
58916	92	t	2022-06-20 01:14:04.1+09	2022-10-08 06:26:14.396+09
58516	92	f	2023-02-13 07:22:21.263+09	2022-05-12 11:59:06.594+09
60959	92	f	2023-02-13 05:05:53.941+09	2022-04-24 04:07:07.074+09
97776	93	t	2022-05-04 15:03:53.836+09	2022-04-15 02:06:23.523+09
93984	93	f	2023-07-08 05:48:00.568+09	2022-08-10 22:40:08.217+09
30502	94	t	2022-09-07 18:50:10.054+09	2023-02-05 05:22:05.527+09
77333	94	f	2023-02-13 12:54:58.206+09	2022-10-21 04:18:33.867+09
45782	94	t	2023-02-13 09:38:51.744+09	2022-07-04 18:18:03.384+09
40717	94	t	2023-02-13 00:22:40.302+09	2022-07-25 15:06:55.513+09
17318	94	f	2023-02-12 15:58:18.162+09	2022-10-27 13:20:36.421+09
84784	95	t	2022-08-28 13:07:57.257+09	2023-02-05 00:08:37.248+09
39993	95	f	2023-02-13 10:58:17.941+09	2022-07-20 02:10:36.241+09
50741	96	t	2023-01-27 17:15:38.887+09	2022-06-14 06:35:04.521+09
73369	96	f	2023-02-12 17:55:24.6+09	2022-08-13 22:57:40.095+09
86795	96	f	2023-02-13 14:30:29.829+09	2022-09-16 19:33:28.328+09
41774	96	t	2023-08-06 04:02:47.397+09	2023-01-25 09:52:42.87+09
41490	97	t	2022-03-26 18:52:38.674+09	2023-01-04 11:35:36.463+09
65765	97	f	2023-12-08 22:39:30.359+09	2022-05-27 03:52:33.722+09
46835	97	t	2023-02-13 12:54:12.211+09	2022-02-21 18:55:39.896+09
73887	97	f	2024-01-20 19:17:32.979+09	2023-01-16 21:05:37.696+09
86615	97	f	2023-09-07 17:19:20.894+09	2022-05-22 15:58:52.68+09
40717	97	f	2023-02-19 16:49:10.216+09	2022-10-10 06:28:03.271+09
78315	97	t	2023-11-12 05:20:35.209+09	2022-03-10 12:41:47.827+09
73369	98	t	2023-01-10 15:19:09.81+09	2022-03-11 18:50:26.75+09
69327	98	f	2023-10-30 01:43:13.684+09	2022-10-19 22:51:09.052+09
76848	98	f	2023-05-26 20:23:52.686+09	2022-11-22 15:50:45.817+09
94323	98	f	2023-02-13 02:15:26.258+09	2022-10-14 14:10:54.331+09
47414	98	f	2023-12-16 01:09:33.934+09	2022-12-15 22:50:31.991+09
69607	98	f	2023-12-15 10:10:10.627+09	2022-12-09 15:37:44.401+09
81369	98	f	2023-06-04 02:50:41.292+09	2022-08-22 17:52:40.423+09
60357	98	f	2024-01-30 22:45:19.738+09	2022-12-29 15:59:11.585+09
28845	98	t	2023-11-26 22:09:07.217+09	2022-02-24 17:20:52.769+09
63870	98	f	2023-02-13 12:12:11.611+09	2022-10-18 11:18:12.072+09
26982	99	t	2022-03-27 08:46:08.578+09	2022-06-28 03:16:24.015+09
13130	99	f	2023-12-28 00:46:48.406+09	2022-12-09 20:31:28.709+09
75948	100	t	2022-05-26 15:00:37.12+09	2022-10-21 23:48:55.086+09
69607	100	f	2023-02-12 23:55:48.948+09	2022-12-06 18:19:22.086+09
28600	100	t	2023-02-12 19:07:33.04+09	2022-07-21 00:10:23.943+09
60803	100	f	2023-02-13 10:18:13.85+09	2022-06-14 11:43:15.191+09
44044	100	f	2023-02-13 13:05:00.282+09	2022-04-03 13:34:36.118+09
91652	100	f	2023-10-31 18:36:53.6+09	2022-10-05 12:19:52.552+09
57402	100	f	2023-05-21 20:49:50.601+09	2022-05-07 19:17:02.605+09
95535	100	t	2023-02-12 19:16:44.371+09	2022-06-07 11:53:45.12+09
93653	100	f	2023-02-13 05:26:32.172+09	2022-12-26 14:35:04.269+09
\.


--
-- Data for Name: channels; Type: TABLE DATA; Schema: public; Owner: test_user
--

COPY public.channels (channel_id, owner_id, dm_peer_id, name, member_count, access_mode, password, modified_at) FROM stdin;
1	42711	\N	Evalyn	4	protected	\\x426163767079747056666e5f494337	2022-06-18 15:06:00.521+09
2	44829	\N	Eduardo	10	private	\N	2022-04-02 04:05:16.15+09
3	30337	\N	Adrain	7	public	\N	2022-05-12 13:37:19.631+09
4	50741	31632	Alex	2	private	\N	2022-06-16 23:26:52.637+09
5	13130	\N	Liam	5	public	\N	2022-08-13 17:14:01.368+09
6	39993	\N	Rickey	4	protected	\\x495133537054455a6a69416c365339	2022-10-29 16:34:55.97+09
7	99996	\N	Richard	5	private	\N	2023-02-02 13:52:44.27+09
8	87654	\N	Myriam	6	public	\N	2022-03-19 19:37:23.132+09
9	79603	\N	Gerard	5	protected	\\x6651574b686e763776516b37575335	2022-07-28 11:46:05.758+09
10	30502	\N	Bart	6	protected	\\x327737496b47476b376c477849474f	2022-09-26 17:26:40.054+09
11	35727	\N	Russel	7	protected	\\x367367565668444671377338417750	2022-06-23 05:30:00.159+09
12	93984	60732	Turner	2	private	\N	2022-10-24 07:28:17.953+09
13	56660	\N	Damian	7	protected	\\x5853523467304e3464436270353673	2022-11-15 04:55:23.174+09
14	39756	\N	Flossie	3	public	\N	2023-01-10 02:35:02.57+09
15	39739	99996	Bertram	2	private	\N	2023-01-16 12:44:26.982+09
16	54274	\N	Anais	8	public	\N	2022-06-03 18:23:09.278+09
17	45782	\N	Isabel	3	public	\N	2022-06-06 00:18:04.161+09
18	41453	\N	Stefan	2	protected	\\x4d5f6d6471486757486d44476a486e	2022-04-04 20:40:26.981+09
19	81369	\N	Rose	7	public	\N	2022-07-18 03:01:16.236+09
20	40051	\N	Crawford	4	public	\N	2022-04-24 12:45:32.156+09
21	39454	\N	Cortney	3	public	\N	2022-04-07 11:09:19.46+09
22	40051	\N	Leanne	8	protected	\\x596f5234347663574d776a33746d59	2022-06-09 16:01:57.393+09
23	98784	\N	Danny	2	public	\N	2022-12-11 12:53:49.402+09
24	93653	\N	Vida	5	protected	\\x396e6663425a6c7641673436796172	2022-03-15 22:35:30.579+09
25	60732	\N	Jessika	9	protected	\\x647658725065756641436961486f37	2022-09-16 19:43:04.98+09
26	91652	\N	Sheila	10	public	\N	2022-09-28 02:58:55.096+09
27	93653	\N	Mabel	3	protected	\\x6c44456f7873453352336f49716433	2022-11-30 10:59:43.524+09
28	20598	\N	Ursula	2	private	\N	2022-08-23 00:54:40.812+09
29	33880	\N	Brenna	5	private	\N	2022-09-29 09:27:28.725+09
30	44829	\N	Ole	6	private	\N	2022-10-06 12:43:34.669+09
31	60148	\N	Reta	3	protected	\\x7641494449755938646c4a72393150	2022-09-26 08:11:07.499+09
32	56851	\N	Eliane	4	protected	\\x6c4b38653677693871705264764c34	2022-03-24 01:14:47.531+09
33	79522	\N	Paula	7	public	\N	2022-04-26 19:14:15.551+09
34	25880	\N	Scottie	3	private	\N	2022-06-11 21:24:16.443+09
35	56718	\N	Fritz	2	protected	\\x4a6d64494e634d4563416257376a4c	2022-05-29 15:11:39.803+09
36	60148	\N	Lemuel	2	public	\N	2022-09-29 12:20:54.81+09
37	61158	\N	Gunner	2	private	\N	2022-05-25 05:48:52.298+09
38	60732	\N	Zander	4	private	\N	2022-04-15 09:16:10.091+09
39	78315	\N	Nikki	8	protected	\\x33414c45746e5f364569585930636a	2022-05-30 23:00:41.428+09
40	51315	\N	Emmett	7	public	\N	2022-04-10 21:25:23.508+09
41	57244	\N	Gust	8	public	\N	2022-12-06 04:53:20.773+09
42	23861	\N	Helen	5	private	\N	2022-08-26 15:26:38.543+09
43	47414	66910	Kole	2	private	\N	2022-04-03 19:46:53.444+09
44	97776	\N	Dorcas	8	protected	\\x625a6a756e4936635a7853636b7368	2022-10-01 14:37:10.214+09
45	86178	\N	Randy	3	public	\N	2022-06-09 20:02:14.816+09
46	54274	\N	Dejon	9	public	\N	2022-02-24 06:57:41.03+09
47	20077	\N	Trevor	7	private	\N	2022-06-30 17:33:26.783+09
48	39756	\N	Charlotte	2	public	\N	2022-05-02 10:56:22.359+09
49	98784	\N	Hunter	7	private	\N	2022-03-14 05:13:42.427+09
50	79522	\N	Bernhard	3	public	\N	2023-01-21 12:40:56.595+09
51	16699	\N	Katherine	6	public	\N	2022-04-30 19:48:38.474+09
52	26982	\N	Hilda	6	public	\N	2022-07-15 15:59:55.602+09
53	27017	\N	Jesse	2	public	\N	2022-07-06 12:02:42.328+09
54	85566	40051	Rodrick	2	private	\N	2022-08-31 22:21:02.872+09
55	85528	\N	Abe	7	public	\N	2022-10-12 15:45:30.743+09
56	70966	\N	Jaren	5	protected	\\x7948367473704270634e6771313451	2022-03-02 17:37:37.702+09
57	40051	\N	Nicolas	4	public	\N	2022-02-16 03:08:10.836+09
58	30337	81992	Claude	2	private	\N	2022-07-16 15:12:26.121+09
59	20077	\N	Payton	8	private	\N	2022-11-22 12:39:31.103+09
60	89838	\N	Akeem	6	protected	\\x355434694c7874584f55636c437350	2022-02-13 21:18:24.508+09
61	75948	\N	Lauren	7	protected	\\x706f554869636f6e6f5368617a546a	2022-07-12 09:19:45.607+09
62	86965	73887	Marcelo	2	private	\N	2022-06-25 15:34:12.105+09
63	32495	85528	Janelle	2	private	\N	2022-09-28 11:02:19.699+09
64	31632	\N	Arne	3	public	\N	2022-09-07 02:33:01.973+09
65	20598	\N	Tomasa	10	protected	\\x3178793576754b3276726f357a4a32	2022-10-14 19:57:09.419+09
66	39739	\N	Sienna	7	public	\N	2022-07-19 01:09:28.681+09
67	36914	\N	Ethyl	5	public	\N	2022-10-21 20:40:13.347+09
68	73369	\N	Jason	4	public	\N	2023-01-13 14:41:05.805+09
69	44829	\N	Derick	2	public	\N	2022-11-02 08:31:25.78+09
70	39756	\N	Audra	3	protected	\\x3361717a5862646135583468444142	2022-09-29 06:35:36.742+09
71	30337	\N	Aric	7	protected	\\x6a544579566c773570583151666f66	2022-12-01 05:31:10.606+09
72	35727	\N	Fern	8	public	\N	2022-09-02 21:23:23.364+09
73	26982	\N	Idell	7	protected	\\x32775a7050504e5277656362745753	2022-06-13 00:21:20.029+09
74	33880	\N	Nils	5	public	\N	2022-12-18 04:19:24.158+09
75	43163	\N	Esteban	9	public	\N	2022-11-22 05:37:03.897+09
76	42097	\N	Christine	7	protected	\\x5f573471415874724a7474636a724d	2022-10-27 06:02:24.616+09
77	86795	\N	Jace	2	protected	\\x6f7950577874773164784346736432	2022-09-08 03:23:14.209+09
78	55144	84051	Kaela	2	private	\N	2022-12-25 14:14:19.91+09
79	38822	\N	Taurean	10	private	\N	2022-12-12 21:10:54.1+09
80	56851	16699	Chesley	2	private	\N	2022-10-29 08:25:42.561+09
81	54274	\N	Breana	7	private	\N	2022-06-22 01:03:53.601+09
82	99293	\N	Frankie	9	public	\N	2023-01-27 15:22:52.14+09
83	39993	\N	Myrna	8	protected	\\x586b517749416f6a316677414c6b67	2022-03-15 20:32:12.06+09
84	46365	\N	Clair	5	protected	\\x5a716c5567707a5371473852794741	2022-07-15 05:54:40.562+09
85	26982	\N	Norbert	2	public	\N	2022-10-01 18:06:04.059+09
86	99293	\N	Tianna	9	protected	\\x6252633846366e4e624d476d69774e	2022-10-03 17:00:00.867+09
87	43163	\N	Faustino	4	public	\N	2022-07-23 17:21:09.001+09
88	87654	\N	Gianni	10	protected	\\x7561617a56506c6853345346675a59	2022-03-16 18:48:10.439+09
89	38822	\N	Alvis	10	protected	\\x6f3659517330494c6c646e63554574	2023-02-11 20:14:56.201+09
90	41490	\N	Nicolas	5	protected	\\x334d464b36333878386745464f7a45	2022-02-19 03:59:42.693+09
91	79522	\N	Darien	2	protected	\\x77454a674276363534775f55376264	2022-08-22 22:44:39.099+09
92	58916	\N	Emmitt	3	protected	\\x307141375f6b4a78564f4a51707141	2022-05-17 01:00:24.67+09
93	97776	93984	Cydney	2	private	\N	2022-04-19 13:40:41.768+09
94	30502	\N	Marlee	5	private	\N	2022-08-25 10:53:39.45+09
95	84784	39993	Bradley	2	private	\N	2022-05-11 01:13:01.8+09
96	50741	\N	Joanie	4	public	\N	2022-11-30 11:30:09.623+09
97	41490	\N	Sammy	7	protected	\\x5f51624f7338505055424c626e6d75	2022-03-27 11:00:23.504+09
98	73369	\N	Willy	10	public	\N	2022-06-15 14:19:49.728+09
99	26982	13130	Josefina	2	private	\N	2022-02-14 18:31:35.06+09
100	75948	\N	Reanna	9	protected	\\x57646674616d413041507a65714336	2022-07-31 07:30:06.346+09
\.


--
-- Data for Name: friends; Type: TABLE DATA; Schema: public; Owner: test_user
--

COPY public.friends (sender_id, receiver_id, is_accepted) FROM stdin;
25136	44044	f
41299	25136	f
46835	87486	t
44044	46835	t
73885	41299	f
44044	73885	f
32923	31755	t
91679	32923	f
41472	57075	f
31755	41472	t
49578	91679	t
31755	49578	f
72786	15293	t
82396	72786	f
85709	51665	f
15293	85709	t
82331	82396	f
15293	82331	f
42384	40717	f
58189	42384	t
85620	23976	t
40717	85620	f
95235	58189	t
40717	95235	f
37354	58516	f
36215	37354	f
33227	14479	t
58516	33227	f
75955	36215	f
58516	75955	f
99960	71022	t
75893	99960	f
92415	62125	f
71022	92415	f
75480	75893	f
71022	75480	t
15893	27332	f
36220	15893	f
60803	76848	f
27332	60803	f
51155	36220	f
27332	51155	t
14347	97267	f
13409	14347	f
91664	47213	f
97267	91664	t
33328	13409	f
97267	33328	t
44925	94041	f
65430	44925	t
69511	48768	t
94041	69511	f
53607	65430	t
94041	53607	f
46868	43641	t
76417	46868	f
20834	83961	t
43641	20834	t
51205	76417	f
43641	51205	t
63870	35339	t
92872	63870	t
77333	50521	t
35339	77333	t
75369	92872	t
35339	75369	f
87543	73386	f
71422	87543	f
58502	87699	t
73386	58502	f
64003	71422	t
73386	64003	t
22419	25383	t
55353	22419	f
11949	43070	f
25383	11949	f
69914	55353	f
25383	69914	t
22882	57301	f
60907	22882	f
52281	59140	f
57301	52281	t
18980	60907	t
57301	18980	t
86150	84167	f
55595	86150	t
51015	77436	f
84167	51015	t
47248	55595	f
84167	47248	f
18363	52466	t
25740	18363	f
51853	57011	t
52466	51853	t
99818	25740	t
52466	99818	t
67222	65765	t
70208	67222	t
95387	30587	f
65765	95387	t
22237	70208	t
65765	22237	t
91622	51883	t
46154	91622	f
15279	76499	t
51883	15279	t
29207	46154	t
51883	29207	f
60357	99554	f
16775	60357	f
60959	41774	f
99554	60959	t
80721	16775	t
99554	80721	f
71569	68350	t
46889	71569	t
69327	33742	f
68350	69327	t
62376	46889	t
68350	62376	f
77197	20913	f
89368	77197	f
96313	74190	t
20913	96313	f
43648	89368	t
20913	43648	f
29345	71330	t
69686	29345	f
52553	17318	f
71330	52553	t
74511	69686	f
71330	74511	t
54947	92272	f
43884	54947	f
13475	72822	f
92272	13475	f
81435	43884	t
92272	81435	t
79520	74880	f
95464	79520	f
56035	33248	t
74880	56035	f
94323	95464	f
74880	94323	f
53513	45562	f
99621	53513	t
23209	92841	t
45562	23209	f
16516	99621	f
45562	16516	f
99833	50618	f
50854	99833	f
26028	39627	f
50618	26028	t
20395	50854	f
50618	20395	f
34661	79668	t
69607	34661	t
95041	10462	f
79668	95041	f
72365	69607	f
79668	72365	t
54636	74520	t
57402	54636	f
40989	38731	t
74520	40989	t
46153	57402	f
74520	46153	f
69390	81395	t
73673	69390	t
54811	49186	t
81395	54811	t
80894	73673	f
81395	80894	t
25286	86318	f
43807	25286	f
13507	97457	t
86318	13507	f
84327	43807	t
86318	84327	f
94673	85386	f
89494	94673	f
58481	69221	f
85386	58481	t
11876	89494	f
85386	11876	f
23464	60365	f
20768	23464	f
89629	75065	f
60365	89629	f
93923	20768	f
60365	93923	t
59996	95535	f
26274	59996	t
25136	99293	t
58288	25136	t
46835	33880	f
99293	46835	t
73885	58288	t
99293	73885	f
32923	31632	t
96665	32923	t
41472	87654	t
31632	41472	t
49578	96665	f
31632	49578	t
72786	70966	f
41490	72786	f
85709	20598	f
70966	85709	f
82331	41490	f
70966	82331	f
42384	63602	t
60732	42384	t
85620	79522	f
63602	85620	t
95235	60732	f
63602	95235	f
37354	28652	f
99996	37354	f
33227	51315	t
28652	33227	f
75955	99996	f
28652	75955	t
99960	36488	t
89838	99960	f
92415	79603	t
36488	92415	t
75480	89838	t
36488	75480	t
15893	97776	f
38822	15893	t
60803	46365	t
97776	60803	t
51155	38822	t
97776	51155	t
14347	55144	t
26982	14347	t
91664	50741	f
55144	91664	t
33328	26982	f
55144	33328	t
44925	25880	f
42097	44925	t
69511	86615	f
25880	69511	f
53607	42097	f
25880	53607	f
46868	86178	t
80293	46868	f
20834	39454	t
86178	20834	t
51205	80293	f
86178	51205	f
63870	47414	f
76605	63870	t
77333	75128	f
47414	77333	t
75369	76605	t
47414	75369	t
87543	91652	t
30502	87543	t
58502	39756	t
91652	58502	f
64003	30502	t
91652	64003	t
22419	51467	f
51565	22419	f
11949	23861	f
51467	11949	t
69914	51565	t
51467	69914	t
22882	75201	t
30337	22882	t
52281	73163	f
75201	52281	t
18980	30337	t
75201	18980	t
86150	66910	t
96928	86150	t
51015	53271	t
66910	51015	t
47248	96928	t
66910	47248	t
18363	54274	t
20077	18363	t
51853	82276	f
54274	51853	f
99818	20077	f
54274	99818	t
67222	98784	f
81369	67222	t
95387	43163	t
98784	95387	f
22237	81369	t
98784	22237	f
91622	42711	f
40051	91622	f
15279	28600	f
42711	15279	f
29207	40051	t
42711	29207	f
60357	39739	t
57274	60357	f
60959	56718	t
39739	60959	f
80721	57274	t
39739	80721	f
71569	81992	t
32495	71569	f
69327	86795	t
81992	69327	f
62376	32495	t
81992	62376	f
77197	56660	t
85528	77197	f
96313	73887	f
56660	96313	t
43648	85528	t
56660	43648	t
29345	35408	t
37069	29345	t
52553	79796	t
35408	52553	t
74511	37069	t
35408	74511	f
54947	41453	t
19906	54947	t
13475	85566	f
41453	13475	f
81435	19906	f
41453	81435	f
79520	57244	f
86965	79520	f
56035	27017	t
57244	56035	f
94323	86965	f
57244	94323	t
53513	93653	t
84784	53513	f
23209	35727	f
93653	23209	f
16516	84784	f
93653	16516	f
99833	61158	f
84051	99833	f
26028	66033	f
61158	26028	t
20395	84051	t
61158	20395	t
34661	50205	f
21025	34661	f
95041	16699	f
50205	95041	f
72365	21025	t
50205	72365	t
54636	58339	t
73561	54636	t
40989	56851	f
58339	40989	f
46153	73561	f
58339	46153	t
69390	73369	f
36914	69390	f
54811	58916	f
73369	54811	f
80894	36914	f
73369	80894	f
25286	20210	t
89973	25286	t
13507	44829	f
20210	13507	f
84327	89973	t
20210	84327	f
94673	80046	f
93984	94673	f
58481	60148	t
80046	58481	f
11876	93984	f
80046	11876	t
23464	75948	f
98788	23464	f
89629	39993	t
75948	89629	t
93923	98788	f
75948	93923	t
59996	98638	t
13130	59996	f
46228	78315	f
98638	46228	t
\.


--
-- Data for Name: match_history; Type: TABLE DATA; Schema: public; Owner: test_user
--

COPY public.match_history (match_id, user_one_id, user_two_id, user_one_score, user_two_score, is_rank, end_at) FROM stdin;
1	25136	46835	0	2	t	2023-01-19 06:14:41.712+09
2	25136	73885	4	0	f	2023-01-13 01:46:30.626+09
3	25136	32923	2	1	f	2022-12-17 22:23:45.491+09
4	25136	41472	5	0	t	2022-05-11 08:23:08.025+09
5	25136	49578	0	3	t	2022-11-20 16:56:34.278+09
6	25136	72786	2	5	t	2022-12-12 13:07:24.373+09
7	25136	85709	4	1	f	2022-10-02 07:16:31.186+09
8	25136	82331	4	0	f	2022-08-08 03:41:38.549+09
9	25136	42384	5	5	t	2022-04-12 19:33:56.885+09
10	25136	85620	4	2	t	2022-10-10 18:09:12.744+09
11	25136	95235	0	4	f	2023-01-24 17:38:54.727+09
12	25136	37354	2	1	t	2022-04-04 10:05:54.9+09
13	25136	33227	4	1	t	2022-03-08 04:53:04.704+09
14	25136	75955	1	2	f	2022-03-11 02:07:37.095+09
15	25136	99960	0	1	f	2022-06-15 03:50:01.259+09
16	25136	92415	1	3	f	2022-10-24 01:53:43.857+09
17	25136	75480	5	1	t	2023-01-25 08:16:11.228+09
18	25136	15893	0	0	f	2022-08-18 16:38:19.113+09
19	46835	25136	4	5	t	2022-05-20 09:58:08.694+09
20	46835	73885	0	2	f	2022-05-08 13:26:12.402+09
21	46835	32923	4	2	t	2022-06-09 09:50:18.373+09
22	46835	41472	0	1	f	2022-12-19 05:16:42.871+09
23	46835	49578	3	3	f	2022-07-31 02:53:00.867+09
24	46835	72786	1	5	f	2022-06-26 00:14:18.304+09
25	46835	85709	4	5	f	2022-04-10 15:15:11.43+09
26	46835	82331	4	5	f	2022-03-03 09:05:55.781+09
27	46835	42384	2	5	t	2023-01-17 19:20:56.99+09
28	46835	85620	1	2	f	2022-11-14 16:20:02.017+09
29	46835	95235	5	0	f	2022-03-22 04:31:10.367+09
30	46835	37354	3	2	f	2022-02-27 06:56:03.3+09
31	46835	33227	4	1	f	2022-10-12 05:19:32.051+09
32	46835	75955	1	5	f	2022-05-03 14:39:50.533+09
33	46835	99960	0	3	t	2022-12-28 23:01:57.132+09
34	46835	92415	0	4	f	2022-02-28 01:31:00.981+09
35	46835	75480	4	5	t	2022-04-11 23:51:18.085+09
36	46835	15893	0	0	t	2022-05-08 02:39:10.308+09
37	46835	60803	2	4	t	2022-11-30 14:29:59.43+09
38	46835	51155	5	5	t	2022-08-01 11:40:27.442+09
39	46835	14347	4	5	f	2022-07-10 10:36:49.915+09
40	46835	91664	1	4	t	2022-04-12 07:54:04.661+09
41	46835	33328	1	0	t	2022-07-23 18:08:51.655+09
42	46835	44925	0	1	t	2023-01-02 09:10:05.594+09
43	46835	69511	1	4	f	2022-12-19 19:20:12.888+09
44	46835	53607	0	0	f	2022-02-22 14:01:29.13+09
45	46835	46868	0	5	t	2022-04-15 05:01:14.949+09
46	46835	20834	2	5	t	2022-02-27 17:09:23.969+09
47	46835	51205	5	3	f	2022-04-08 19:39:52.046+09
48	73885	25136	2	2	t	2022-12-22 18:07:21.957+09
49	73885	46835	0	3	t	2022-05-09 17:26:59.047+09
50	73885	32923	4	2	t	2022-03-11 08:14:22.576+09
51	73885	41472	2	0	t	2023-02-09 13:02:39.639+09
52	73885	49578	4	3	t	2023-01-21 15:48:20.076+09
53	73885	72786	1	5	f	2022-08-27 10:34:43.161+09
54	73885	85709	4	1	f	2022-10-10 13:08:53.048+09
55	73885	82331	3	0	f	2022-08-31 21:05:15.362+09
56	73885	42384	4	2	t	2022-03-07 14:53:13.621+09
57	73885	85620	4	0	f	2022-04-11 17:55:02.5+09
58	73885	95235	0	2	t	2022-02-17 08:46:27.656+09
59	73885	37354	4	0	t	2022-12-06 14:54:45.663+09
60	73885	33227	2	0	t	2022-04-07 00:13:31.466+09
61	32923	25136	2	0	t	2022-06-18 12:51:12.556+09
62	32923	46835	1	4	t	2022-05-27 12:42:03.637+09
63	41472	25136	5	5	f	2022-12-09 07:20:53.506+09
64	41472	46835	0	5	t	2022-02-24 09:01:08.178+09
65	41472	73885	5	5	f	2023-01-17 04:17:17.774+09
66	41472	32923	1	1	f	2022-10-21 10:11:10.916+09
67	41472	49578	1	5	t	2022-04-20 17:00:22.992+09
68	41472	72786	5	4	t	2022-10-28 20:27:50.889+09
69	41472	85709	5	5	f	2022-03-17 18:30:49.531+09
70	41472	82331	0	1	f	2022-07-05 19:35:37.875+09
71	41472	42384	3	5	f	2022-07-26 15:09:21.702+09
72	41472	85620	0	2	t	2022-05-02 20:34:46.828+09
73	41472	95235	5	2	t	2022-05-23 04:29:02.36+09
74	41472	37354	5	2	f	2022-04-30 04:03:25.076+09
75	41472	33227	0	1	t	2022-08-25 17:22:29.19+09
76	41472	75955	4	4	t	2022-07-23 01:09:59.989+09
77	41472	99960	4	5	t	2022-10-22 20:28:39.249+09
78	41472	92415	2	4	t	2022-10-24 01:02:37.295+09
79	49578	25136	4	4	t	2022-09-11 12:33:01.585+09
80	49578	46835	1	1	f	2022-02-13 18:54:16.12+09
81	49578	73885	4	3	f	2022-05-14 03:40:38.438+09
82	49578	32923	5	0	f	2022-03-29 12:30:30.813+09
83	49578	41472	2	2	t	2022-09-20 23:11:56.938+09
84	49578	72786	4	4	f	2022-10-27 00:28:07.062+09
85	49578	85709	1	2	f	2022-03-07 19:01:30.584+09
86	49578	82331	5	1	f	2022-07-09 10:18:51.127+09
87	49578	42384	5	0	f	2022-10-06 11:52:15.603+09
88	72786	25136	5	0	f	2022-10-12 11:34:11.443+09
89	72786	46835	0	1	t	2022-07-06 12:52:00.715+09
90	72786	73885	3	2	f	2022-08-22 13:46:00.975+09
91	72786	32923	5	1	t	2022-05-10 15:04:00.03+09
92	72786	41472	0	2	t	2022-12-20 12:18:56.421+09
93	72786	49578	4	1	f	2023-02-04 19:42:05.474+09
94	85709	25136	4	4	f	2022-08-30 13:24:12.038+09
95	85709	46835	4	3	t	2022-07-17 12:41:02.444+09
96	85709	73885	4	4	t	2022-04-10 07:23:41.413+09
97	85709	32923	0	2	t	2022-05-04 08:24:39.312+09
98	85709	41472	3	1	f	2022-12-19 13:08:57.643+09
99	85709	49578	0	4	f	2023-01-16 23:11:58.905+09
100	85709	72786	2	4	t	2022-07-26 11:58:26.859+09
101	85709	82331	3	5	f	2022-11-01 22:53:02.261+09
102	85709	42384	5	4	t	2022-03-21 15:41:11.474+09
103	85709	85620	5	0	t	2022-11-15 19:16:42.401+09
104	85709	95235	3	0	f	2022-08-21 02:31:11.932+09
105	85709	37354	3	4	f	2022-11-05 18:45:14.901+09
106	85709	33227	4	3	f	2022-11-01 16:23:07.489+09
107	85709	75955	5	4	t	2022-07-16 16:56:55.71+09
108	85709	99960	4	1	f	2022-03-13 05:35:45.042+09
109	85709	92415	3	5	f	2022-08-31 02:56:48.62+09
110	85709	75480	5	0	t	2022-08-08 14:58:00.448+09
111	85709	15893	2	5	f	2022-04-19 21:06:06.606+09
112	85709	60803	2	0	f	2022-09-30 20:54:15.562+09
113	85709	51155	0	0	f	2022-11-27 05:02:31.513+09
114	85709	14347	0	1	t	2022-02-18 14:52:20.923+09
115	85709	91664	1	4	t	2022-12-20 16:10:03.056+09
116	82331	25136	1	5	f	2022-07-11 03:45:45.111+09
117	82331	46835	1	0	t	2022-08-23 04:13:14.683+09
118	82331	73885	5	0	f	2022-05-03 00:13:43.43+09
119	82331	32923	1	0	f	2022-06-03 10:26:07.797+09
120	82331	41472	2	5	f	2022-06-05 15:47:16.857+09
121	82331	49578	0	5	f	2022-07-26 09:49:54.431+09
122	82331	72786	1	3	t	2022-03-08 11:26:14.708+09
123	82331	85709	4	1	t	2022-09-21 20:29:54.943+09
124	82331	42384	1	5	f	2022-03-29 03:36:02.966+09
125	82331	85620	5	2	f	2023-01-02 07:19:05.281+09
126	82331	95235	3	3	f	2023-01-25 02:28:12.425+09
127	42384	25136	5	4	f	2022-11-02 16:00:28.097+09
128	42384	46835	2	0	t	2022-05-24 18:01:22.656+09
129	42384	73885	5	4	t	2022-07-22 04:02:04.176+09
130	42384	32923	1	4	t	2022-06-23 05:37:16.661+09
131	42384	41472	5	4	f	2022-11-30 06:24:59.06+09
132	42384	49578	3	5	f	2022-03-30 00:26:46.755+09
133	42384	72786	0	0	f	2022-09-23 19:30:27.91+09
134	42384	85709	1	1	f	2022-05-04 18:54:26.416+09
135	42384	82331	2	0	t	2022-06-15 00:43:25.168+09
136	42384	85620	5	4	t	2022-06-11 11:59:59.189+09
137	42384	95235	4	1	t	2022-11-09 12:21:50.024+09
138	42384	37354	4	0	t	2022-11-15 07:03:28.804+09
139	85620	25136	0	0	t	2022-09-09 14:02:45.2+09
140	85620	46835	5	1	f	2022-11-15 15:46:29.381+09
141	85620	73885	3	4	t	2022-03-07 01:29:36.98+09
142	85620	32923	5	5	t	2022-12-24 07:23:45.065+09
143	85620	41472	1	4	t	2022-09-04 00:22:37.582+09
144	85620	49578	5	4	t	2022-11-04 10:43:35.422+09
145	85620	72786	4	5	f	2022-11-08 20:26:43.758+09
146	85620	85709	5	5	t	2023-01-14 05:03:51.218+09
147	85620	82331	1	3	f	2022-03-01 14:47:39.031+09
148	85620	42384	3	2	t	2022-10-04 09:37:05.547+09
149	85620	95235	2	1	f	2022-08-26 19:35:42.279+09
150	85620	37354	0	3	f	2022-06-07 21:37:05.974+09
151	85620	33227	4	5	f	2022-07-22 08:04:06.507+09
152	85620	75955	4	0	t	2023-01-29 11:30:41.912+09
153	85620	99960	2	0	t	2022-09-14 15:29:32.87+09
154	85620	92415	0	5	f	2022-08-27 08:32:29.426+09
155	95235	25136	2	4	t	2022-08-14 13:47:25.66+09
156	95235	46835	3	2	f	2022-04-27 12:15:42.029+09
157	95235	73885	0	5	f	2022-11-10 11:29:55.778+09
158	95235	32923	0	0	f	2023-01-11 07:00:55.782+09
159	95235	41472	3	5	t	2022-08-09 23:55:52.409+09
160	95235	49578	1	0	t	2022-06-15 16:12:55.109+09
161	95235	72786	0	5	t	2023-01-02 04:55:15.548+09
162	95235	85709	2	0	t	2022-03-24 11:02:43.874+09
163	95235	82331	2	5	t	2022-02-28 02:37:03.446+09
164	95235	42384	4	2	t	2022-03-15 06:27:20.284+09
165	95235	85620	2	3	t	2023-01-29 11:15:47.245+09
166	95235	37354	4	0	t	2022-07-04 14:42:00.491+09
167	95235	33227	3	3	f	2022-11-01 12:13:57.902+09
168	95235	75955	1	5	t	2022-09-09 06:16:50.171+09
169	95235	99960	2	5	t	2022-12-26 05:38:02.469+09
170	95235	92415	2	5	f	2022-08-24 12:41:44.382+09
171	95235	75480	2	1	f	2022-08-01 20:38:57.264+09
172	95235	15893	2	3	t	2022-05-03 18:45:51.454+09
173	95235	60803	4	2	f	2023-02-08 16:30:36.214+09
174	37354	25136	4	0	f	2022-06-15 00:33:20.127+09
175	37354	46835	2	0	t	2022-09-04 03:31:54.475+09
176	37354	73885	0	5	f	2022-07-23 20:48:36.029+09
177	37354	32923	5	3	f	2022-07-11 21:16:02.41+09
178	37354	41472	5	4	f	2023-01-15 14:15:53.96+09
179	37354	49578	4	4	t	2022-06-04 15:47:43.702+09
180	37354	72786	1	4	f	2023-01-21 23:32:14.659+09
181	37354	85709	0	1	f	2022-04-07 08:35:59.016+09
182	33227	25136	4	2	t	2022-04-28 01:36:45.482+09
183	33227	46835	4	0	f	2022-03-03 05:45:29.256+09
184	33227	73885	1	4	f	2022-04-21 01:25:04.97+09
185	33227	32923	3	3	t	2022-06-05 17:03:40.559+09
186	33227	41472	3	0	t	2022-05-12 06:07:16.477+09
187	33227	49578	2	5	f	2022-04-21 14:48:52.103+09
188	33227	72786	3	1	f	2022-12-16 23:43:54.985+09
189	33227	85709	3	4	t	2023-01-09 20:23:42.803+09
190	33227	82331	1	1	t	2022-11-23 19:43:39.241+09
191	33227	42384	2	3	t	2022-07-31 13:52:26.27+09
192	33227	85620	3	0	f	2023-02-03 10:09:29.712+09
193	33227	95235	4	2	t	2022-05-23 10:39:03.939+09
194	33227	37354	5	1	f	2022-12-29 17:56:31.993+09
195	33227	75955	0	5	f	2022-09-10 06:07:51.97+09
196	33227	99960	3	1	t	2022-03-08 16:45:41.708+09
197	33227	92415	1	1	f	2023-01-25 20:43:12.743+09
198	33227	75480	1	3	t	2022-05-09 03:13:55.072+09
199	33227	15893	2	4	f	2022-06-16 13:44:06.69+09
200	33227	60803	4	4	t	2022-12-19 23:32:54.339+09
201	33227	51155	1	1	f	2022-10-30 21:28:13.364+09
202	33227	14347	4	2	t	2022-04-19 23:54:58.536+09
203	33227	91664	0	5	t	2022-12-08 04:39:04.802+09
204	33227	33328	0	1	t	2023-01-06 04:52:25.318+09
205	33227	44925	3	2	t	2022-09-07 03:39:16.753+09
206	33227	69511	3	1	t	2022-11-16 22:07:02.911+09
207	33227	53607	5	2	f	2022-09-19 04:43:38.48+09
208	33227	46868	3	1	t	2022-06-06 02:46:34.852+09
209	33227	20834	4	2	f	2022-05-02 10:53:49.306+09
210	33227	51205	0	0	t	2022-12-28 22:40:10.013+09
211	75955	25136	3	5	f	2022-05-07 06:25:46.798+09
212	75955	46835	1	4	t	2022-11-14 21:42:54.786+09
213	75955	73885	1	2	f	2023-01-10 10:43:55.828+09
214	75955	32923	1	0	f	2022-05-20 20:21:16.424+09
215	75955	41472	3	5	t	2022-08-25 12:42:17.086+09
216	75955	49578	0	1	t	2022-04-10 21:49:47.188+09
217	99960	25136	5	5	t	2022-11-18 14:54:03.812+09
218	99960	46835	0	4	f	2022-05-10 02:43:26.726+09
219	99960	73885	2	2	t	2022-08-19 10:16:37.821+09
220	99960	32923	5	0	f	2022-04-26 17:45:08.057+09
221	99960	41472	4	5	t	2022-06-01 07:50:19.356+09
222	99960	49578	3	4	t	2023-01-11 01:40:51.381+09
223	99960	72786	0	4	t	2022-08-04 09:55:26.385+09
224	99960	85709	5	0	t	2022-08-26 16:15:46.923+09
225	99960	82331	1	1	f	2023-02-13 11:01:22.001+09
226	99960	42384	3	3	t	2023-02-02 14:04:08.158+09
227	99960	85620	0	3	f	2022-10-27 06:59:24.982+09
228	99960	95235	4	2	t	2023-02-13 06:01:49.054+09
229	92415	25136	2	3	t	2022-03-09 04:31:52.609+09
230	92415	46835	5	0	f	2023-01-23 05:48:06.463+09
231	92415	73885	1	3	t	2022-08-22 23:24:20.869+09
232	92415	32923	2	4	t	2022-06-02 12:54:27.957+09
233	92415	41472	4	3	t	2022-11-10 09:42:47.342+09
234	92415	49578	4	4	t	2022-07-19 01:24:28.197+09
235	92415	72786	4	4	t	2022-12-28 17:20:36.986+09
236	92415	85709	4	4	t	2022-12-01 17:13:50.573+09
237	92415	82331	4	4	t	2022-06-04 13:21:49.713+09
238	92415	42384	5	0	t	2022-06-23 10:49:08.974+09
239	92415	85620	3	0	f	2022-06-09 05:47:15.739+09
240	92415	95235	5	4	t	2022-12-29 01:01:51.486+09
241	92415	37354	2	1	f	2022-03-24 18:28:01.106+09
242	92415	33227	0	1	t	2022-08-10 04:29:38.973+09
243	92415	75955	0	0	f	2022-10-16 11:07:36.157+09
244	92415	99960	4	3	t	2023-01-21 17:09:39.252+09
245	92415	75480	2	3	f	2022-10-15 19:47:09.726+09
246	92415	15893	2	1	t	2022-12-21 08:31:15.774+09
247	92415	60803	5	4	f	2022-09-18 03:42:14.064+09
248	92415	51155	2	1	t	2022-09-11 18:39:34.217+09
249	92415	14347	2	4	t	2022-12-02 00:53:50.803+09
250	92415	91664	2	3	t	2022-07-05 07:06:24.021+09
251	92415	33328	1	2	t	2022-03-05 02:03:15.183+09
252	92415	44925	2	5	f	2022-12-25 21:34:54.271+09
253	92415	69511	5	1	t	2023-01-13 19:04:56.537+09
254	92415	53607	4	0	t	2022-09-19 02:35:47.817+09
255	92415	46868	1	2	f	2022-03-15 22:02:55.349+09
256	92415	20834	2	3	t	2022-04-05 11:41:15.73+09
257	92415	51205	1	5	t	2022-07-11 05:13:09.027+09
258	92415	63870	5	0	f	2022-11-28 21:19:35.745+09
259	75480	25136	3	3	t	2022-12-17 10:51:07.162+09
260	75480	46835	3	0	t	2022-11-01 00:21:49.023+09
261	75480	73885	3	4	t	2022-10-11 14:08:28.7+09
262	75480	32923	2	3	t	2022-03-12 04:18:48.211+09
263	75480	41472	5	3	f	2022-05-18 10:59:44.326+09
264	75480	49578	3	4	f	2022-10-27 13:58:08.131+09
265	75480	72786	5	4	f	2023-02-11 00:48:56.74+09
266	75480	85709	4	5	t	2022-10-12 22:15:45.474+09
267	75480	82331	4	3	t	2022-06-14 05:40:19.532+09
268	75480	42384	1	2	f	2022-11-13 03:09:07.381+09
269	75480	85620	2	5	t	2023-01-17 05:30:45.014+09
270	75480	95235	0	1	t	2022-03-10 18:12:48.514+09
271	75480	37354	4	0	t	2022-07-02 06:46:12.179+09
272	75480	33227	3	4	f	2022-05-30 15:36:35.452+09
273	75480	75955	4	2	t	2022-10-02 14:40:27.121+09
274	75480	99960	1	1	t	2022-12-03 09:25:41.659+09
275	75480	92415	0	4	t	2022-04-08 07:30:11.392+09
276	75480	15893	4	4	f	2022-03-04 14:51:41.929+09
277	75480	60803	4	0	f	2022-11-07 13:45:24.347+09
278	75480	51155	2	5	t	2023-01-14 07:39:18.559+09
279	75480	14347	0	3	f	2022-06-23 21:30:34.31+09
280	75480	91664	5	5	t	2023-02-09 05:27:05.968+09
281	75480	33328	3	3	t	2022-11-30 17:42:37.497+09
282	75480	44925	0	3	t	2022-04-06 18:17:04.397+09
283	75480	69511	0	3	t	2022-12-14 23:04:14.482+09
284	15893	25136	2	3	t	2022-03-05 07:12:01.575+09
285	51155	25136	5	2	f	2022-12-28 16:43:42.9+09
286	51155	46835	4	3	f	2022-04-25 22:34:17.328+09
287	51155	73885	2	5	f	2022-06-19 16:22:19.926+09
288	51155	32923	0	5	t	2022-12-21 01:47:01.976+09
289	51155	41472	1	3	t	2022-06-15 16:53:36.389+09
290	51155	49578	4	5	t	2022-10-16 20:56:32.384+09
291	51155	72786	0	5	f	2022-12-24 11:33:29.846+09
292	51155	85709	1	3	f	2022-09-19 18:23:57.32+09
293	51155	82331	3	5	t	2022-03-07 07:11:12.232+09
294	51155	42384	0	3	f	2022-05-09 18:33:07.1+09
295	51155	85620	1	4	f	2022-04-20 20:26:53.387+09
296	51155	95235	2	0	t	2022-10-20 09:30:46.431+09
297	51155	37354	4	3	f	2022-07-20 09:22:27.803+09
298	51155	33227	0	1	f	2022-05-30 22:04:41.848+09
299	51155	75955	1	4	f	2023-01-21 12:25:23.418+09
300	51155	99960	5	1	t	2023-02-13 02:45:58.872+09
301	51155	92415	2	1	t	2022-09-19 07:07:30.496+09
302	51155	75480	2	3	t	2022-08-15 02:00:52.761+09
303	51155	15893	4	3	t	2022-06-16 06:14:03.423+09
304	51155	60803	5	4	t	2022-12-16 14:51:43.417+09
305	51155	14347	2	2	f	2022-10-27 09:47:48.173+09
306	14347	25136	5	0	t	2023-01-12 23:32:50.283+09
307	14347	46835	0	3	t	2022-03-02 11:49:56.214+09
308	14347	73885	3	0	f	2022-05-15 13:47:15.283+09
309	14347	32923	2	4	f	2022-05-05 23:01:48.655+09
310	14347	41472	0	0	t	2022-06-23 06:42:46.246+09
311	14347	49578	2	1	t	2022-05-07 20:59:51.175+09
312	14347	72786	3	3	f	2022-02-25 19:24:35.9+09
313	14347	85709	4	0	t	2022-10-20 09:27:41.09+09
314	14347	82331	1	1	t	2022-06-28 19:49:00.794+09
315	14347	42384	4	4	t	2022-05-11 02:47:35.307+09
316	14347	85620	3	0	t	2022-12-23 19:02:08.248+09
317	14347	95235	2	4	t	2023-01-03 07:14:10.661+09
318	91664	25136	5	1	t	2023-01-13 05:05:07.758+09
319	91664	46835	0	2	f	2022-09-16 09:38:25.12+09
320	91664	73885	0	5	t	2022-02-14 08:02:53.241+09
321	91664	32923	3	1	f	2022-10-27 04:05:56.628+09
322	91664	41472	4	1	t	2022-12-30 05:29:49.394+09
323	91664	49578	1	0	t	2022-10-24 14:04:38.961+09
324	91664	72786	3	4	f	2022-12-28 21:12:40.474+09
325	91664	85709	2	2	t	2022-07-18 13:26:35.656+09
326	91664	82331	3	3	f	2022-08-16 03:40:15.915+09
327	91664	42384	4	4	t	2022-03-12 20:26:44.013+09
328	91664	85620	0	1	t	2022-05-11 15:38:51.092+09
329	33328	25136	0	1	t	2022-04-29 00:23:57.093+09
330	33328	46835	3	5	t	2022-04-20 09:07:05.781+09
331	33328	73885	5	1	t	2022-12-18 18:59:19.063+09
332	33328	32923	4	2	t	2022-05-27 12:07:57.608+09
333	33328	41472	2	4	f	2022-02-20 18:32:40.9+09
334	33328	49578	0	1	f	2022-08-16 01:46:14.651+09
335	33328	72786	3	0	f	2022-09-09 21:01:14.501+09
336	33328	85709	5	3	f	2022-03-10 11:30:01.446+09
337	33328	82331	4	3	t	2022-08-30 12:14:53.411+09
338	33328	42384	2	4	f	2022-07-25 16:29:09.632+09
339	33328	85620	4	2	t	2022-06-18 21:29:13.58+09
340	33328	95235	2	0	t	2022-09-08 18:46:30.336+09
341	33328	37354	2	4	t	2022-06-29 18:44:28.393+09
342	33328	33227	0	2	t	2022-03-24 10:57:52.237+09
343	33328	75955	3	4	t	2023-01-01 14:28:12.474+09
344	33328	99960	0	5	f	2022-07-11 21:32:19.381+09
345	33328	92415	3	0	f	2022-03-05 09:12:35.43+09
346	33328	75480	5	0	t	2022-08-10 01:23:42.171+09
347	33328	15893	5	0	f	2023-01-14 20:14:41.23+09
348	33328	60803	4	3	t	2022-09-12 04:36:42.058+09
349	33328	51155	4	1	t	2022-04-20 09:44:14.391+09
350	33328	14347	4	4	f	2022-11-08 16:22:32.25+09
351	33328	91664	2	5	t	2023-01-28 05:07:54.111+09
352	33328	44925	2	0	f	2022-11-06 18:47:29.711+09
353	33328	69511	3	0	t	2022-05-10 07:40:55.547+09
354	33328	53607	0	5	f	2022-12-12 10:00:29.604+09
355	33328	46868	2	4	t	2022-08-10 23:28:07.164+09
356	33328	20834	0	1	t	2022-10-24 09:39:42.802+09
357	44925	25136	5	5	t	2022-11-24 21:55:16.657+09
358	44925	46835	1	4	f	2023-02-09 06:15:41.128+09
359	44925	73885	1	2	f	2022-03-21 22:41:04.216+09
360	44925	32923	5	0	f	2022-08-17 20:49:06.476+09
361	44925	41472	0	3	t	2022-08-30 15:55:44.601+09
362	44925	49578	5	3	t	2022-09-26 00:03:40.484+09
363	44925	72786	0	4	f	2022-08-31 12:38:58.549+09
364	44925	85709	5	2	t	2022-03-14 00:00:18.534+09
365	44925	82331	2	1	f	2022-03-05 19:38:19.723+09
366	44925	42384	4	5	f	2022-04-28 05:50:53.567+09
367	44925	85620	5	4	t	2022-08-16 15:36:49.405+09
368	69511	25136	3	2	t	2022-11-22 07:05:16.238+09
369	69511	46835	4	5	f	2023-01-20 22:50:33.004+09
370	69511	73885	2	5	t	2022-10-04 12:30:50.328+09
371	69511	32923	2	0	t	2022-12-18 12:58:29.945+09
372	69511	41472	4	2	t	2022-07-02 02:57:24.105+09
373	69511	49578	2	0	f	2022-08-14 16:17:39.254+09
374	69511	72786	3	3	f	2022-05-27 21:43:26.53+09
375	69511	85709	0	4	t	2022-04-19 16:24:43.566+09
376	69511	82331	4	2	f	2023-01-17 03:19:11.526+09
377	69511	42384	2	0	t	2022-03-18 15:41:11.814+09
378	69511	85620	5	0	t	2022-12-24 00:58:49.98+09
379	69511	95235	5	3	t	2022-11-28 14:07:43.948+09
380	69511	37354	4	0	f	2022-12-19 01:10:05.401+09
381	69511	33227	2	4	t	2022-03-11 09:56:03.302+09
382	69511	75955	0	2	f	2022-04-26 00:08:41.993+09
383	69511	99960	0	5	f	2022-03-22 07:34:23.998+09
384	69511	92415	3	2	t	2022-04-14 07:18:21.314+09
385	53607	25136	3	1	f	2022-11-01 02:18:12.108+09
386	53607	46835	0	1	t	2022-05-22 15:18:50.537+09
387	53607	73885	4	0	t	2023-01-02 09:08:10.545+09
388	53607	32923	1	1	f	2023-01-23 18:52:03.281+09
389	20834	25136	0	2	f	2022-12-05 11:30:50.631+09
390	20834	46835	4	2	f	2022-06-29 19:35:19.427+09
391	20834	73885	2	0	f	2022-05-28 10:59:10.054+09
392	20834	32923	3	3	t	2022-05-17 05:47:07.489+09
393	20834	41472	2	4	t	2023-02-11 10:51:01.285+09
394	20834	49578	4	2	t	2022-12-19 08:19:51.905+09
395	20834	72786	0	1	t	2022-03-29 01:20:49.314+09
396	20834	85709	2	1	t	2022-05-21 13:37:46.923+09
397	20834	82331	4	0	t	2022-05-30 04:29:33.601+09
398	20834	42384	2	0	t	2023-01-04 23:04:38.931+09
399	20834	85620	2	0	f	2022-08-24 18:58:42.909+09
400	51205	25136	5	2	f	2022-03-26 14:20:45.188+09
401	51205	46835	4	5	t	2022-08-27 04:53:21.497+09
402	51205	73885	1	2	t	2022-10-07 16:39:07.819+09
403	51205	32923	4	3	t	2023-02-10 20:26:48.124+09
404	51205	41472	4	4	t	2022-06-28 09:25:07.83+09
405	51205	49578	0	4	f	2022-09-14 21:03:26.005+09
406	51205	72786	4	1	f	2023-01-10 08:12:03.948+09
407	51205	85709	4	2	t	2022-12-10 07:35:46.339+09
408	51205	82331	4	0	t	2022-07-29 19:07:02.581+09
409	51205	42384	5	2	t	2022-08-09 00:05:02.611+09
410	51205	85620	1	2	f	2022-06-15 08:53:15.109+09
411	51205	95235	5	5	f	2022-05-06 21:16:25.445+09
412	51205	37354	0	3	t	2022-02-25 04:44:20.506+09
413	51205	33227	5	2	t	2022-05-27 12:52:28.226+09
414	51205	75955	2	0	t	2022-12-11 07:18:15.003+09
415	51205	99960	0	0	f	2022-10-25 02:08:45.987+09
416	51205	92415	1	2	f	2022-03-19 01:56:20.383+09
417	51205	75480	1	4	f	2022-08-12 06:55:48.661+09
418	51205	15893	3	3	f	2022-04-27 14:45:00.012+09
419	63870	25136	0	0	t	2022-04-07 11:34:43.719+09
420	63870	46835	4	5	f	2022-07-20 23:52:27.167+09
421	63870	73885	2	1	f	2023-01-18 20:17:16.473+09
422	63870	32923	2	4	t	2022-08-02 08:41:20.474+09
423	63870	41472	1	5	f	2022-02-19 23:24:28.639+09
424	63870	49578	0	3	f	2022-08-02 06:07:29.101+09
425	63870	72786	2	4	f	2023-01-14 22:40:07.312+09
426	63870	85709	5	0	t	2022-08-29 01:46:36.725+09
427	63870	82331	2	0	f	2022-07-04 07:01:57.062+09
428	63870	42384	3	4	t	2022-06-01 23:31:38.933+09
429	63870	85620	3	0	t	2022-12-24 10:33:57.793+09
430	63870	95235	4	3	f	2022-05-04 04:16:48.769+09
431	63870	37354	3	3	t	2022-05-23 07:25:01.378+09
432	63870	33227	4	5	t	2022-11-22 02:51:01.988+09
433	63870	75955	1	5	t	2022-07-31 01:18:40.919+09
434	63870	99960	1	2	t	2022-08-10 13:08:05.263+09
435	63870	92415	0	5	t	2022-03-14 15:02:58.982+09
436	63870	75480	3	4	f	2022-03-03 02:56:56.889+09
437	63870	15893	4	4	t	2022-11-16 04:46:11.195+09
438	63870	60803	1	2	f	2022-07-04 10:04:13.683+09
439	63870	51155	4	4	t	2022-03-07 14:20:23.72+09
440	63870	14347	4	0	f	2022-06-13 16:42:14.268+09
441	63870	91664	3	2	t	2022-10-29 08:32:03.782+09
442	63870	33328	3	3	f	2022-10-27 23:06:11.104+09
443	63870	44925	0	2	t	2022-02-25 23:49:14.915+09
444	63870	69511	4	1	t	2023-02-12 09:42:54.38+09
445	63870	53607	5	2	t	2022-06-21 06:29:53.665+09
446	63870	46868	1	5	t	2023-02-03 13:40:58.024+09
447	63870	20834	5	4	f	2022-12-15 14:55:05.184+09
448	77333	25136	1	3	t	2022-10-26 03:35:57.632+09
449	77333	46835	0	4	t	2022-05-02 12:03:07.553+09
450	77333	73885	1	4	t	2022-10-04 01:41:02.447+09
451	77333	32923	4	2	f	2022-05-10 02:19:44.343+09
452	77333	41472	0	4	f	2022-11-19 20:33:16.464+09
453	77333	49578	0	1	t	2022-05-20 16:00:12.672+09
454	75369	25136	5	5	t	2022-09-13 23:47:51.767+09
455	75369	46835	3	3	f	2023-02-01 01:29:27.723+09
456	75369	73885	4	0	f	2022-08-09 17:04:10.725+09
457	75369	32923	2	3	t	2022-11-11 15:26:39.511+09
458	75369	41472	0	2	f	2022-05-24 11:40:14.597+09
459	75369	49578	1	3	t	2022-04-13 03:04:50.722+09
460	75369	72786	2	5	t	2022-03-03 12:19:00.943+09
461	75369	85709	1	3	f	2023-01-19 10:04:19.123+09
462	75369	82331	2	4	t	2022-05-26 08:23:40.079+09
463	75369	42384	5	4	f	2022-12-10 09:23:19.571+09
464	75369	85620	5	2	f	2022-05-19 00:49:53.001+09
465	75369	95235	3	1	t	2022-06-20 14:35:04.926+09
466	75369	37354	4	2	f	2022-11-02 21:50:21.344+09
467	75369	33227	4	0	t	2022-08-27 18:29:07.414+09
468	87543	25136	0	1	t	2022-07-22 03:33:49.914+09
469	87543	46835	3	5	f	2022-04-16 13:42:40.729+09
470	87543	73885	2	0	t	2022-05-18 19:45:19.685+09
471	87543	32923	3	4	f	2022-07-14 04:51:51.599+09
472	87543	41472	2	5	f	2022-09-13 02:22:49.841+09
473	87543	49578	5	1	f	2022-03-14 11:36:01.634+09
474	87543	72786	4	5	t	2022-06-26 23:46:05.057+09
475	87543	85709	0	2	f	2022-12-15 21:05:05.603+09
476	87543	82331	3	3	t	2022-08-25 07:41:11.25+09
477	87543	42384	1	2	f	2022-08-13 06:39:03.136+09
478	87543	85620	5	3	t	2022-04-07 07:32:42.026+09
479	87543	95235	2	3	f	2022-11-24 01:06:39.396+09
480	87543	37354	1	0	f	2022-05-21 04:53:04.807+09
481	87543	33227	5	0	f	2023-01-09 17:27:50.985+09
482	87543	75955	0	2	f	2022-03-31 09:11:21.48+09
483	87543	99960	0	1	t	2022-04-11 03:23:38.744+09
484	87543	92415	0	4	f	2022-09-08 18:43:36.032+09
485	87543	75480	4	0	t	2022-05-17 12:42:35.429+09
486	87543	15893	4	1	f	2022-08-29 06:16:39.854+09
487	87543	60803	1	4	f	2022-07-29 02:41:39.835+09
488	87543	51155	0	5	f	2022-11-12 19:28:26.408+09
489	58502	25136	4	3	f	2022-08-25 14:46:25.668+09
490	58502	46835	3	3	f	2022-04-28 01:35:32.206+09
491	58502	73885	5	4	f	2022-09-24 13:41:33.312+09
492	58502	32923	2	2	t	2022-05-27 14:31:25.24+09
493	58502	41472	2	3	f	2023-01-14 05:49:40.298+09
494	58502	49578	3	5	f	2022-04-25 07:13:01.006+09
495	58502	72786	1	1	f	2022-10-12 13:20:07.639+09
496	58502	85709	1	5	f	2022-11-23 09:58:56.032+09
497	58502	82331	3	3	t	2022-03-29 03:47:45.18+09
498	58502	42384	3	4	t	2022-06-08 05:00:27.385+09
499	58502	85620	3	0	t	2022-05-23 02:49:44.355+09
500	58502	95235	0	0	f	2022-04-10 02:00:12.427+09
501	58502	37354	4	2	t	2023-01-04 21:57:39.416+09
502	58502	33227	2	5	f	2023-01-23 05:45:13.173+09
503	58502	75955	4	0	f	2022-11-14 23:07:10.446+09
504	58502	99960	3	3	t	2023-02-02 21:27:28.437+09
505	58502	92415	3	2	f	2022-07-26 23:55:05.837+09
506	58502	75480	5	1	f	2022-09-27 14:43:41.687+09
507	58502	15893	3	3	f	2022-05-03 11:29:20.481+09
508	58502	60803	0	1	f	2022-09-30 08:00:07.126+09
509	58502	51155	4	2	t	2022-02-25 18:25:37.484+09
510	58502	14347	2	1	t	2022-12-17 18:39:27.068+09
511	64003	25136	5	3	f	2022-04-14 05:51:11.696+09
512	64003	46835	5	3	t	2022-03-02 20:40:13.042+09
513	64003	73885	5	5	t	2022-06-03 21:06:27.691+09
514	64003	32923	2	5	t	2022-02-20 23:06:30.29+09
515	64003	41472	4	3	t	2022-03-04 05:19:31.455+09
516	64003	49578	1	1	f	2022-02-15 04:24:07.72+09
517	64003	72786	0	2	t	2022-04-23 04:10:55.569+09
518	64003	85709	1	4	t	2022-05-27 16:18:49.852+09
519	64003	82331	4	4	f	2022-08-30 06:08:09.414+09
520	64003	42384	0	3	f	2022-09-02 05:18:15.188+09
521	64003	85620	2	4	f	2023-02-11 16:35:40.71+09
522	64003	95235	3	4	t	2022-08-30 08:42:32.25+09
523	64003	37354	3	2	t	2023-01-16 12:44:35.086+09
524	64003	33227	0	2	t	2022-07-20 03:42:45.936+09
525	64003	75955	2	0	f	2022-03-15 06:20:06.533+09
526	64003	99960	0	1	f	2022-03-21 14:17:52.222+09
527	64003	92415	1	5	t	2023-02-12 22:05:55.447+09
528	64003	75480	3	3	t	2022-10-25 04:46:01.946+09
529	64003	15893	0	2	f	2022-03-14 09:28:46.618+09
530	64003	60803	5	0	t	2022-04-05 07:26:40.729+09
531	64003	51155	4	4	t	2022-03-14 01:44:44.899+09
532	64003	14347	5	4	t	2022-09-06 08:57:05.085+09
533	64003	91664	1	0	t	2023-01-24 19:23:53.108+09
534	64003	33328	4	5	f	2022-12-13 14:48:36.493+09
535	64003	44925	1	0	t	2023-01-13 23:02:05.087+09
536	64003	69511	4	5	f	2022-06-12 13:55:02.088+09
537	64003	53607	4	3	f	2022-03-30 06:06:09.733+09
538	64003	46868	5	3	t	2022-11-11 10:39:31.384+09
539	22419	25136	0	1	f	2022-06-13 18:18:48.705+09
540	22419	46835	4	4	f	2022-09-23 10:04:48.105+09
541	22419	73885	3	1	t	2022-10-20 17:37:26.302+09
542	22419	32923	0	1	f	2022-07-27 10:47:00.039+09
543	22419	41472	1	0	t	2022-08-16 14:17:06.655+09
544	22419	49578	3	5	f	2022-02-20 14:51:46.473+09
545	22419	72786	3	4	t	2023-01-20 09:02:09.425+09
546	22419	85709	2	4	t	2023-02-10 22:29:58.662+09
547	22419	82331	1	5	f	2022-06-26 22:13:00.154+09
548	22419	42384	1	4	t	2022-05-19 00:04:42.25+09
549	22419	85620	0	1	f	2022-11-05 14:57:22.009+09
550	22419	95235	3	1	t	2022-06-01 00:53:00.391+09
551	22419	37354	3	2	f	2022-04-28 21:11:47.122+09
552	22419	33227	5	1	f	2022-12-31 20:26:57.254+09
553	22419	75955	0	2	f	2022-03-19 08:39:51.83+09
554	22419	99960	3	3	f	2022-02-16 06:01:00.211+09
555	22419	92415	0	4	f	2022-07-11 21:50:09.183+09
556	22419	75480	4	5	t	2022-08-09 20:13:53.464+09
557	22419	15893	2	3	f	2022-04-08 01:56:49.084+09
558	22419	60803	1	5	f	2022-06-20 12:50:56.8+09
559	22419	51155	4	3	t	2023-01-07 21:01:46.316+09
560	22419	14347	1	5	t	2022-09-18 17:50:10.249+09
561	22419	91664	1	1	t	2023-01-17 22:20:20.373+09
562	22419	33328	3	0	f	2022-10-08 01:25:55.002+09
563	22419	44925	2	1	f	2022-12-04 01:44:24.252+09
564	22419	69511	4	4	f	2022-06-28 05:21:54.745+09
565	22419	53607	1	1	f	2022-07-04 03:28:34.347+09
566	22419	46868	5	2	f	2022-08-16 07:23:09.572+09
567	22419	20834	4	2	f	2023-01-24 00:13:35.964+09
568	11949	25136	3	2	t	2022-05-23 05:03:04.06+09
569	11949	46835	2	5	t	2022-10-10 05:42:44.129+09
570	11949	73885	1	5	f	2022-07-31 15:24:42.369+09
571	11949	32923	2	0	f	2022-09-02 04:05:57.197+09
572	11949	41472	5	0	t	2022-10-06 23:57:39.587+09
573	11949	49578	0	5	f	2022-08-02 09:02:42.527+09
574	11949	72786	2	3	f	2022-12-11 21:23:53.405+09
575	11949	85709	4	5	t	2022-12-16 12:35:40.275+09
576	11949	82331	2	3	f	2022-10-08 16:24:27.462+09
577	69914	25136	0	4	t	2022-08-18 00:00:25.602+09
578	69914	46835	5	5	f	2022-06-29 12:59:20.928+09
579	69914	73885	4	0	t	2022-04-12 10:24:58.465+09
580	69914	32923	1	2	t	2023-01-03 22:49:41.13+09
581	69914	41472	0	2	f	2022-03-24 11:44:13.411+09
582	22882	25136	2	4	f	2022-11-09 12:05:27.138+09
583	22882	46835	3	5	t	2022-09-26 16:41:11.208+09
584	22882	73885	3	1	f	2022-06-03 05:56:06.682+09
585	22882	32923	0	5	t	2022-04-18 10:16:35.71+09
586	22882	41472	3	2	t	2022-12-04 17:45:50.304+09
587	22882	49578	2	4	f	2022-09-09 07:05:15.273+09
588	22882	72786	4	1	t	2022-06-19 02:36:02.639+09
589	22882	85709	0	3	f	2022-07-22 09:16:45.545+09
590	22882	82331	2	2	f	2022-05-03 12:18:46.937+09
591	22882	42384	2	3	t	2022-04-13 13:05:18.149+09
592	22882	85620	5	5	t	2023-02-01 21:08:23.765+09
593	22882	95235	0	4	t	2022-06-02 22:18:29.258+09
594	22882	37354	3	0	t	2022-08-15 11:56:43.742+09
595	22882	33227	4	4	t	2022-11-13 16:52:16.254+09
596	22882	75955	4	0	t	2022-04-23 04:34:32.835+09
597	22882	99960	4	3	f	2022-04-13 10:12:57.244+09
598	22882	92415	3	5	t	2022-12-17 15:53:07.967+09
599	22882	75480	0	3	t	2023-01-28 10:47:33.374+09
600	22882	15893	1	2	f	2022-12-05 20:56:31.035+09
601	22882	60803	3	5	t	2022-06-20 20:19:16.956+09
602	22882	51155	2	1	t	2022-12-04 06:30:10.833+09
603	52281	25136	2	3	t	2023-01-07 11:55:35.517+09
604	52281	46835	3	4	f	2022-04-20 15:37:28.625+09
605	52281	73885	0	1	f	2022-07-02 15:48:42.44+09
606	52281	32923	3	2	f	2022-07-23 20:26:11.854+09
607	52281	41472	3	0	f	2022-12-04 10:15:06.17+09
608	52281	49578	3	2	t	2022-02-18 06:23:22.275+09
609	52281	72786	0	4	f	2023-02-05 09:01:02.19+09
610	52281	85709	3	2	f	2022-11-25 16:10:39.702+09
611	52281	82331	4	0	t	2022-08-14 09:37:48.674+09
612	52281	42384	2	5	t	2022-07-15 19:33:51.81+09
613	52281	85620	3	4	t	2022-05-08 04:20:36.145+09
614	52281	95235	3	4	t	2022-11-05 03:29:09.354+09
615	52281	37354	2	1	f	2022-08-25 16:41:28.302+09
616	52281	33227	4	0	f	2022-11-18 13:46:39.054+09
617	52281	75955	0	3	t	2022-05-27 09:38:35.73+09
618	52281	99960	3	5	t	2022-11-29 08:10:13.844+09
619	52281	92415	3	1	f	2022-10-31 15:12:25.439+09
620	52281	75480	0	3	t	2022-08-28 06:09:14.633+09
621	52281	15893	0	4	t	2022-07-27 12:53:57.272+09
622	52281	60803	1	1	f	2022-06-13 23:36:00.03+09
623	52281	51155	0	5	f	2022-04-08 00:35:07.788+09
624	52281	14347	1	3	t	2022-09-03 09:39:47.798+09
625	52281	91664	5	3	t	2023-01-06 12:49:29.652+09
626	52281	33328	0	0	t	2022-06-16 16:53:12.072+09
627	52281	44925	0	4	t	2022-02-15 23:02:21.33+09
628	52281	69511	4	3	f	2022-08-21 10:53:19.742+09
629	52281	53607	3	2	t	2022-03-06 17:42:27.023+09
630	52281	46868	2	0	t	2022-04-23 05:10:31.346+09
631	52281	20834	3	5	f	2022-03-06 05:28:07.291+09
632	18980	25136	1	2	t	2022-06-02 13:45:48.451+09
633	18980	46835	0	2	t	2022-11-07 07:58:18.022+09
634	86150	25136	4	3	t	2022-03-07 08:37:17.811+09
635	86150	46835	3	2	f	2022-03-26 13:53:56.004+09
636	86150	73885	3	3	f	2022-12-29 07:13:30.561+09
637	86150	32923	5	1	t	2022-06-24 03:32:15.451+09
638	86150	41472	3	5	t	2022-04-21 08:28:28.034+09
639	86150	49578	0	0	f	2022-06-26 13:57:45.073+09
640	86150	72786	4	5	t	2022-06-24 06:12:53.337+09
641	86150	85709	2	3	t	2022-06-22 16:48:58.047+09
642	86150	82331	1	5	f	2022-04-26 09:10:13.522+09
643	86150	42384	2	2	f	2022-04-02 04:03:48.331+09
644	86150	85620	0	2	t	2022-05-06 10:10:15.873+09
645	86150	95235	2	3	f	2022-05-31 01:03:57.242+09
646	86150	37354	2	0	t	2022-12-17 04:04:35.964+09
647	86150	33227	3	1	f	2022-08-25 21:47:08.898+09
648	86150	75955	2	4	f	2022-02-24 12:58:59.992+09
649	86150	99960	5	4	t	2022-04-12 21:45:08.767+09
650	86150	92415	1	4	f	2022-05-30 06:37:56.382+09
651	86150	75480	5	4	t	2022-10-02 04:31:17.518+09
652	86150	15893	5	5	t	2023-01-23 05:08:48.839+09
653	86150	60803	3	4	f	2022-12-24 13:07:20.421+09
654	86150	51155	2	4	t	2022-12-20 17:08:22.392+09
655	86150	14347	0	5	f	2022-08-13 21:53:50.144+09
656	86150	91664	3	3	f	2022-05-05 17:41:56.378+09
657	86150	33328	2	3	f	2022-12-27 03:50:33.351+09
658	51015	25136	1	1	f	2022-05-16 04:47:23.594+09
659	51015	46835	2	5	t	2022-03-15 13:02:59.219+09
660	47248	25136	2	0	f	2023-01-05 07:57:30.468+09
661	47248	46835	2	1	t	2022-12-11 04:06:40.673+09
662	47248	73885	0	5	f	2022-04-26 14:55:57.333+09
663	47248	32923	1	0	t	2022-07-23 06:15:09.896+09
664	47248	41472	2	5	f	2023-01-17 23:17:18.726+09
665	18363	25136	5	5	f	2022-11-03 14:21:32.7+09
666	51853	25136	0	5	f	2022-06-03 18:46:07.009+09
667	51853	46835	4	0	t	2022-12-19 23:50:38.82+09
668	51853	73885	4	2	f	2022-08-13 07:01:11.404+09
669	51853	32923	1	2	t	2022-03-18 05:55:02.698+09
670	51853	41472	3	5	f	2023-01-30 10:25:27.353+09
671	51853	49578	4	3	f	2022-10-28 04:54:29.007+09
672	51853	72786	4	5	t	2022-06-10 04:49:28.627+09
673	51853	85709	4	1	t	2022-03-12 17:22:37.667+09
674	51853	82331	1	3	f	2022-06-24 19:30:08.54+09
675	51853	42384	3	0	f	2022-02-27 21:11:26.906+09
676	51853	85620	1	4	f	2022-11-04 03:52:43.734+09
677	51853	95235	1	4	t	2022-11-12 10:38:53.901+09
678	51853	37354	2	0	t	2022-07-02 06:32:50.191+09
679	51853	33227	5	3	t	2022-09-13 00:08:02.1+09
680	51853	75955	4	4	t	2022-03-31 16:25:48.242+09
681	51853	99960	0	2	t	2022-05-09 05:07:58.349+09
682	51853	92415	3	3	t	2022-06-11 19:58:22.486+09
683	51853	75480	3	2	f	2022-09-16 21:08:16.902+09
684	51853	15893	4	1	t	2022-04-30 10:29:34.185+09
685	51853	60803	4	2	t	2023-01-29 12:05:20.157+09
686	51853	51155	1	3	t	2022-12-25 20:42:36.091+09
687	51853	14347	5	3	t	2022-11-30 09:42:46.396+09
688	51853	91664	0	1	f	2022-03-21 08:58:39.491+09
689	51853	33328	3	3	f	2022-04-30 02:30:22.181+09
690	51853	44925	4	3	t	2022-07-25 04:05:07.44+09
691	51853	69511	4	5	f	2022-12-27 21:57:43.54+09
692	51853	53607	2	2	f	2022-06-08 01:27:59.653+09
693	51853	46868	0	5	t	2022-07-15 12:55:25.777+09
694	51853	20834	4	5	t	2022-04-16 01:37:33.856+09
695	51853	51205	4	4	t	2022-05-10 08:39:00.16+09
696	99818	25136	0	2	t	2023-01-20 03:30:20.264+09
697	99818	46835	0	3	t	2022-06-10 01:03:20.452+09
698	99818	73885	0	5	t	2022-08-28 00:42:30.194+09
699	99818	32923	1	2	t	2022-10-23 05:34:22.834+09
700	99818	41472	1	2	f	2023-01-05 11:07:29.985+09
701	99818	49578	1	4	t	2023-01-30 02:19:01.155+09
702	99818	72786	5	0	f	2022-12-25 10:12:08.082+09
703	99818	85709	0	4	t	2022-12-02 07:48:40.96+09
704	99818	82331	4	2	t	2022-06-06 06:47:50.707+09
705	99818	42384	0	0	f	2022-05-21 13:31:40.723+09
706	99818	85620	2	1	f	2022-07-20 17:32:41.269+09
707	99818	95235	1	3	t	2022-08-17 22:41:00.334+09
708	99818	37354	3	1	t	2022-06-27 18:11:49.132+09
709	99818	33227	2	4	f	2022-12-28 00:55:15.064+09
710	99818	75955	2	3	f	2023-01-05 19:10:38.25+09
711	99818	99960	4	2	f	2022-06-15 16:06:52.324+09
712	99818	92415	2	4	t	2023-02-13 03:22:12.143+09
713	99818	75480	1	3	t	2022-08-22 12:48:00.317+09
714	99818	15893	2	0	t	2022-09-30 23:48:54.642+09
715	99818	60803	4	3	t	2022-05-12 19:19:33.517+09
716	67222	25136	0	1	f	2022-07-18 21:40:50.01+09
717	67222	46835	5	4	t	2022-05-26 16:57:58+09
718	67222	73885	0	2	t	2023-02-03 22:08:32.149+09
719	67222	32923	3	1	f	2022-11-08 23:07:42.404+09
720	67222	41472	4	4	t	2022-12-29 12:47:15.213+09
721	67222	49578	5	0	t	2022-08-15 02:30:23.235+09
722	67222	72786	1	1	t	2022-05-16 09:26:22.685+09
723	67222	85709	5	4	t	2022-11-17 14:03:51.461+09
724	67222	82331	1	1	f	2022-02-20 04:43:26.725+09
725	67222	42384	2	2	f	2022-10-09 20:32:37.692+09
726	67222	85620	2	2	t	2022-05-01 11:16:56.896+09
727	67222	95235	1	4	f	2023-01-13 18:33:58.926+09
728	67222	37354	3	2	t	2022-08-15 10:48:43.099+09
729	67222	33227	0	0	f	2022-10-04 11:49:29.312+09
730	67222	75955	3	0	f	2022-03-31 16:28:40.557+09
731	67222	99960	2	1	f	2022-06-06 09:14:36.947+09
732	67222	92415	1	1	t	2022-12-19 10:35:10.245+09
733	67222	75480	0	3	t	2023-01-23 20:04:24.748+09
734	67222	15893	5	5	f	2022-02-20 21:56:09.502+09
735	95387	25136	3	5	t	2023-02-08 08:29:09.007+09
736	95387	46835	2	0	t	2022-10-03 19:08:56.538+09
737	95387	73885	3	4	t	2022-12-24 19:31:48.339+09
738	95387	32923	1	3	t	2022-08-24 02:53:27.697+09
739	95387	41472	3	1	f	2022-02-19 22:34:55.548+09
740	95387	49578	0	0	f	2022-09-22 15:07:13.53+09
741	22237	25136	4	5	f	2022-12-28 06:37:46.537+09
742	22237	46835	2	0	t	2022-05-07 05:26:25.467+09
743	22237	73885	2	5	t	2022-02-26 23:19:28.496+09
744	22237	32923	3	2	t	2022-08-09 15:05:32.597+09
745	22237	41472	4	3	t	2022-12-08 21:48:55.428+09
746	22237	49578	5	1	t	2022-09-01 18:38:47.268+09
747	22237	72786	4	3	t	2022-12-16 21:36:35.039+09
748	22237	85709	0	1	t	2022-10-11 13:25:26.226+09
749	22237	82331	0	0	t	2022-06-12 17:24:04.819+09
750	22237	42384	0	1	f	2022-04-10 20:58:26.926+09
751	22237	85620	4	2	t	2022-04-23 17:58:46.872+09
752	22237	95235	2	2	t	2022-03-26 12:07:53.886+09
753	22237	37354	2	3	f	2022-10-02 07:06:48.272+09
754	22237	33227	2	2	f	2023-01-03 22:28:00.398+09
755	22237	75955	5	2	f	2022-06-13 21:21:57.592+09
756	22237	99960	5	1	f	2022-10-31 14:35:18.04+09
757	22237	92415	0	2	f	2022-02-28 20:06:32.882+09
758	22237	75480	4	0	t	2022-03-14 14:43:53.788+09
759	22237	15893	1	2	f	2022-06-20 01:36:40.087+09
760	22237	60803	5	2	t	2022-10-04 01:11:37.557+09
761	22237	51155	4	5	t	2022-11-19 02:39:24.529+09
762	22237	14347	4	5	f	2022-05-03 15:47:03.856+09
763	22237	91664	2	2	f	2022-02-28 04:14:28.314+09
764	22237	33328	1	1	t	2022-06-26 14:52:20.635+09
765	22237	44925	2	0	f	2022-07-28 06:45:02.679+09
766	22237	69511	5	0	t	2022-10-21 12:12:57.224+09
767	22237	53607	5	5	f	2022-07-23 14:03:16.819+09
768	91622	25136	1	1	f	2022-04-18 16:45:33.255+09
769	91622	46835	3	5	f	2022-03-24 09:44:59.055+09
770	91622	73885	1	3	f	2023-02-02 14:23:45.876+09
771	91622	32923	4	2	f	2022-05-19 04:53:52.102+09
772	91622	41472	4	0	t	2022-02-25 14:21:17.238+09
773	91622	49578	0	5	t	2022-10-28 20:39:04.027+09
774	91622	72786	4	3	t	2022-05-16 01:08:24.921+09
775	91622	85709	5	2	t	2022-08-03 16:03:52.894+09
776	91622	82331	2	4	t	2022-06-28 11:47:00.772+09
777	91622	42384	4	2	f	2022-07-07 21:32:55.458+09
778	91622	85620	5	2	f	2023-01-26 13:46:10.99+09
779	91622	95235	3	4	t	2023-01-25 03:52:04.503+09
780	91622	37354	0	4	t	2023-01-13 16:35:59.389+09
781	91622	33227	4	2	t	2022-02-28 19:57:08.034+09
782	91622	75955	0	5	t	2022-05-18 20:19:23.748+09
783	91622	99960	1	5	f	2022-04-12 10:51:09.073+09
784	91622	92415	5	3	t	2023-02-10 23:40:50.394+09
785	15279	25136	3	5	f	2022-07-26 05:48:04.379+09
786	15279	46835	1	1	t	2022-11-03 20:48:53.102+09
787	15279	73885	2	4	t	2022-03-12 04:18:14.496+09
788	15279	32923	3	5	f	2022-09-19 21:09:38.278+09
789	15279	41472	1	2	f	2022-04-22 12:28:14.601+09
790	15279	49578	1	4	t	2022-05-29 21:47:42.793+09
791	15279	72786	2	5	t	2022-02-26 18:52:29.555+09
792	15279	85709	4	1	f	2023-02-04 04:00:22.449+09
793	15279	82331	1	3	f	2022-03-24 01:03:10.5+09
794	15279	42384	4	4	t	2022-10-16 11:59:09.354+09
795	15279	85620	2	1	t	2022-09-16 12:08:41.689+09
796	15279	95235	1	5	f	2022-10-16 10:20:25.798+09
797	15279	37354	2	1	f	2022-09-12 18:59:20.158+09
798	15279	33227	1	5	t	2022-11-20 05:59:35.525+09
799	15279	75955	4	3	t	2022-03-03 03:52:04.377+09
800	15279	99960	3	2	f	2022-12-22 13:47:50.21+09
801	15279	92415	2	1	f	2022-05-14 01:26:38.918+09
802	15279	75480	4	1	f	2022-07-08 19:45:09.134+09
803	15279	15893	3	1	f	2022-09-08 22:43:23.122+09
804	15279	60803	5	0	f	2023-01-22 18:00:21.946+09
805	15279	51155	5	0	t	2022-06-09 08:25:01.899+09
806	15279	14347	5	1	t	2022-07-23 16:48:16.283+09
807	15279	91664	2	0	t	2022-07-04 00:11:16.312+09
808	15279	33328	5	4	f	2022-12-01 16:29:41.781+09
809	15279	44925	4	0	t	2022-06-26 16:04:49.779+09
810	15279	69511	3	2	t	2022-03-28 18:37:18.332+09
811	15279	53607	5	3	t	2022-05-25 22:00:44.563+09
812	15279	46868	3	5	f	2022-04-28 13:53:29.857+09
813	29207	25136	3	1	t	2023-01-03 19:54:32.749+09
814	29207	46835	3	2	t	2022-11-02 18:19:44.88+09
815	29207	73885	3	0	f	2022-11-08 22:07:54.909+09
816	29207	32923	3	5	t	2022-10-15 17:42:52.652+09
817	29207	41472	3	1	t	2022-11-16 03:46:42.925+09
818	29207	49578	0	5	f	2022-08-05 14:57:40.43+09
819	29207	72786	4	3	t	2023-01-21 22:31:05.622+09
820	29207	85709	1	1	f	2022-10-13 02:32:20+09
821	29207	82331	4	2	f	2022-09-12 23:51:28.434+09
822	29207	42384	3	3	f	2022-02-25 08:15:39.397+09
823	29207	85620	1	0	t	2022-06-12 08:49:17.537+09
824	29207	95235	5	3	t	2022-06-20 10:01:46.15+09
825	29207	37354	1	3	t	2022-08-16 13:50:38.464+09
826	29207	33227	3	2	f	2022-12-05 22:15:47.208+09
827	29207	75955	0	3	f	2022-07-11 09:30:40.928+09
828	29207	99960	1	3	t	2022-10-10 07:02:41.068+09
829	29207	92415	1	4	f	2022-02-23 15:40:32.486+09
830	29207	75480	4	4	t	2022-06-16 18:03:56.814+09
831	29207	15893	4	0	f	2022-07-31 14:34:17.433+09
832	29207	60803	1	4	f	2022-11-30 18:17:20.72+09
833	29207	51155	1	0	f	2022-09-23 11:55:00.834+09
834	29207	14347	5	2	t	2022-10-16 05:49:05.86+09
835	29207	91664	3	5	f	2022-10-27 11:07:50.928+09
836	29207	33328	2	4	f	2022-05-30 08:53:18.745+09
837	29207	44925	2	4	f	2022-08-24 15:49:03.549+09
838	29207	69511	2	0	f	2023-02-04 22:44:00.225+09
839	29207	53607	1	5	f	2022-07-14 06:41:00.632+09
840	29207	46868	5	5	f	2022-12-11 03:40:17.393+09
841	60357	25136	4	2	t	2022-10-23 16:20:45.022+09
842	60357	46835	3	4	t	2022-06-19 09:06:50.382+09
843	60357	73885	3	4	t	2022-05-07 15:17:01.018+09
844	60357	32923	5	4	t	2022-05-05 16:54:50.445+09
845	60959	25136	1	3	f	2022-11-06 20:20:25.416+09
846	60959	46835	2	4	f	2022-06-11 14:56:09.913+09
847	60959	73885	0	5	f	2022-08-27 20:31:33.7+09
848	60959	32923	4	1	f	2023-01-20 03:42:23.836+09
849	60959	41472	5	4	t	2022-11-11 00:56:21.786+09
850	60959	49578	0	2	f	2022-10-23 20:02:17.345+09
851	60959	72786	2	3	t	2022-10-31 07:10:10.68+09
852	60959	85709	4	5	f	2022-04-11 21:39:32.627+09
853	60959	82331	3	1	t	2022-12-24 18:10:37.757+09
854	60959	42384	2	3	f	2022-05-14 08:31:45.943+09
855	60959	85620	3	3	t	2022-06-26 14:39:42.642+09
856	60959	95235	1	3	f	2022-12-26 00:39:14.411+09
857	80721	25136	2	1	t	2022-05-01 07:32:52.818+09
858	80721	46835	4	3	f	2023-01-10 02:27:19.195+09
859	80721	73885	4	5	t	2022-04-15 08:26:48.384+09
860	80721	32923	1	2	f	2023-01-02 17:05:22.362+09
861	80721	41472	1	2	f	2022-12-26 23:22:57.669+09
862	80721	49578	4	0	t	2023-01-11 13:18:42.016+09
863	80721	72786	5	4	t	2022-08-05 09:33:27.644+09
864	80721	85709	5	4	f	2022-09-02 05:25:23.129+09
865	80721	82331	2	1	t	2022-03-11 13:22:34.154+09
866	80721	42384	2	5	f	2022-08-04 04:42:08.902+09
867	80721	85620	2	0	t	2022-06-03 12:08:45.415+09
868	80721	95235	5	4	f	2023-01-31 10:36:37.391+09
869	80721	37354	4	1	t	2022-12-15 01:31:22.473+09
870	80721	33227	1	5	t	2022-09-11 18:35:04.756+09
871	80721	75955	0	4	t	2022-03-03 10:47:01.743+09
872	80721	99960	4	2	f	2022-10-13 01:06:35.29+09
873	80721	92415	2	1	t	2022-09-03 12:58:59.923+09
874	80721	75480	4	1	t	2022-03-28 09:22:54.715+09
875	80721	15893	5	4	f	2022-09-25 18:18:44.858+09
876	80721	60803	4	4	t	2023-01-01 05:37:50.231+09
877	80721	51155	1	1	t	2022-03-14 03:44:08.224+09
878	80721	14347	3	2	f	2022-07-24 01:40:49.683+09
879	80721	91664	5	4	f	2022-04-09 19:12:34.119+09
880	80721	33328	3	0	f	2022-10-02 07:40:37.239+09
881	71569	25136	3	2	t	2022-11-12 19:26:03.069+09
882	71569	46835	3	3	t	2022-02-27 12:53:31.281+09
883	71569	73885	5	4	t	2023-01-18 12:20:51.374+09
884	71569	32923	4	4	f	2022-08-06 05:27:08.675+09
885	71569	41472	0	0	f	2022-11-13 21:35:29.471+09
886	71569	49578	0	3	t	2022-08-22 04:37:23.511+09
887	71569	72786	2	5	t	2022-09-05 12:46:00.592+09
888	71569	85709	2	1	f	2022-06-23 00:09:18.309+09
889	71569	82331	2	4	f	2022-03-04 12:17:03.949+09
890	71569	42384	3	2	t	2022-05-31 03:32:29.429+09
891	71569	85620	3	1	t	2022-09-05 08:06:30.163+09
892	71569	95235	3	1	f	2022-05-14 00:19:18.969+09
893	71569	37354	2	3	f	2022-07-17 23:30:57.209+09
894	71569	33227	3	4	f	2022-10-24 12:08:09.975+09
895	71569	75955	5	1	f	2022-09-21 00:12:58.105+09
896	71569	99960	1	1	f	2022-08-07 14:10:10.529+09
897	71569	92415	1	4	f	2022-02-21 13:12:31.787+09
898	71569	75480	5	1	t	2022-03-29 19:11:53.542+09
899	71569	15893	3	2	f	2023-01-14 03:55:57.606+09
900	71569	60803	1	1	f	2022-04-30 17:11:50.54+09
901	71569	51155	3	5	f	2022-02-27 07:39:27.684+09
902	71569	14347	3	1	f	2022-09-10 01:28:38.454+09
903	71569	91664	1	4	t	2022-10-10 00:35:44.28+09
904	71569	33328	5	3	t	2023-01-29 06:21:22.292+09
905	71569	44925	0	5	f	2023-02-07 15:02:45.122+09
906	71569	69511	5	1	t	2023-02-05 05:25:49.904+09
907	71569	53607	5	0	f	2022-04-16 12:48:11.169+09
908	71569	46868	2	2	f	2022-07-13 17:01:01.992+09
909	71569	20834	0	3	f	2022-06-16 16:07:36.189+09
910	71569	51205	3	1	t	2022-04-20 14:36:31.773+09
911	69327	25136	3	3	t	2023-02-08 21:31:57.064+09
912	69327	46835	4	0	t	2022-06-18 13:04:53.486+09
913	69327	73885	4	5	f	2022-08-26 16:41:57.504+09
914	69327	32923	0	0	t	2022-09-03 14:48:34.44+09
915	62376	25136	4	0	t	2022-11-30 09:47:17.234+09
916	62376	46835	0	5	f	2022-09-02 05:11:12.23+09
917	77197	25136	1	5	t	2023-02-04 06:00:20.231+09
918	77197	46835	0	1	f	2023-02-04 18:24:23.496+09
919	77197	73885	2	2	t	2022-12-01 06:43:58.649+09
920	77197	32923	1	3	t	2022-11-24 06:38:12.752+09
921	77197	41472	4	1	t	2022-06-02 11:14:10.163+09
922	77197	49578	5	0	t	2022-09-16 02:12:41.563+09
923	77197	72786	2	0	t	2022-04-20 22:56:54.288+09
924	77197	85709	2	4	f	2022-09-04 07:23:52.997+09
925	77197	82331	4	2	t	2022-07-08 12:27:31.717+09
926	77197	42384	2	5	f	2022-08-12 12:21:27.563+09
927	77197	85620	4	0	t	2022-03-08 18:01:59.334+09
928	77197	95235	4	4	t	2022-10-25 00:25:02.241+09
929	77197	37354	4	3	t	2022-12-04 09:58:03.905+09
930	77197	33227	1	2	t	2022-09-12 04:04:50.128+09
931	77197	75955	0	5	f	2022-03-21 02:03:43.265+09
932	77197	99960	4	0	t	2022-10-06 00:17:52.365+09
933	77197	92415	0	1	f	2022-05-26 08:11:55.784+09
934	77197	75480	5	3	f	2022-08-07 11:38:56.808+09
935	77197	15893	3	3	t	2022-07-05 08:29:49.709+09
936	77197	60803	1	2	t	2022-03-09 04:52:19.802+09
937	77197	51155	4	5	f	2022-07-09 06:56:01.109+09
938	77197	14347	2	0	t	2022-09-03 05:50:35.223+09
939	77197	91664	5	5	f	2022-12-16 01:27:37.314+09
940	77197	33328	0	1	t	2022-08-10 07:55:10.247+09
941	77197	44925	5	2	f	2022-12-30 04:49:11.481+09
942	96313	25136	2	3	f	2022-10-18 12:19:53.086+09
943	96313	46835	1	4	f	2022-10-31 15:13:42.397+09
944	96313	73885	2	2	t	2022-10-31 04:42:43.872+09
945	96313	32923	2	4	f	2023-02-05 07:09:13.908+09
946	96313	41472	4	0	t	2022-06-01 06:21:11.966+09
947	96313	49578	0	4	f	2022-09-04 14:54:02.196+09
948	96313	72786	5	1	f	2022-10-02 06:50:47.361+09
949	96313	85709	0	4	f	2022-03-06 20:30:23.685+09
950	96313	82331	0	5	f	2023-02-03 08:29:42.779+09
951	96313	42384	5	0	t	2022-08-24 04:22:48.815+09
952	96313	85620	5	1	f	2022-11-07 19:32:50.626+09
953	96313	95235	3	3	t	2023-02-08 22:33:15.841+09
954	96313	37354	2	3	t	2022-05-20 23:03:22.555+09
955	96313	33227	4	4	t	2022-08-07 15:48:16.095+09
956	96313	75955	3	0	f	2022-12-05 07:26:32.877+09
957	96313	99960	2	1	f	2023-01-05 22:03:49.291+09
958	96313	92415	2	3	t	2022-06-25 11:06:59.93+09
959	96313	75480	1	3	f	2023-01-29 06:52:49.613+09
960	96313	15893	2	4	f	2022-12-29 00:20:20.596+09
961	96313	60803	0	0	f	2022-03-05 10:57:07.415+09
962	96313	51155	3	4	t	2022-04-05 10:36:11.429+09
963	96313	14347	4	4	f	2023-02-13 14:59:24.425+09
964	96313	91664	0	5	f	2022-04-18 14:28:45.104+09
965	96313	33328	5	2	t	2022-06-02 17:39:08.251+09
966	96313	44925	0	5	t	2022-08-03 07:18:11.95+09
967	96313	69511	2	1	t	2023-01-19 16:33:04.172+09
968	96313	53607	3	0	f	2023-01-09 08:46:42.875+09
969	96313	46868	4	3	t	2022-06-23 02:04:24.341+09
970	43648	25136	5	0	t	2022-09-10 09:29:38.607+09
971	43648	46835	4	1	f	2022-09-20 06:15:18.667+09
972	43648	73885	1	3	f	2022-02-14 15:19:37.891+09
973	43648	32923	2	2	f	2022-12-27 21:34:18.229+09
974	43648	41472	4	3	f	2022-03-21 13:51:21.726+09
975	43648	49578	5	4	f	2023-01-14 21:46:56.728+09
976	43648	72786	2	4	f	2022-11-19 11:59:39.525+09
977	43648	85709	0	1	t	2022-04-06 08:43:03.457+09
978	43648	82331	0	0	f	2023-01-26 06:54:53.087+09
979	43648	42384	1	0	t	2023-02-06 11:37:25.386+09
980	29345	25136	1	1	t	2023-01-09 05:09:52.286+09
981	29345	46835	2	3	t	2023-02-04 07:10:52.343+09
982	29345	73885	0	2	f	2022-11-14 20:29:59.372+09
983	29345	32923	3	3	f	2023-01-13 17:07:29.567+09
984	29345	41472	2	0	t	2022-11-07 04:21:54.417+09
985	29345	49578	3	5	f	2022-10-04 20:00:00.914+09
986	29345	72786	0	3	t	2022-09-22 19:20:09.503+09
987	29345	85709	2	0	f	2023-01-31 10:17:35.25+09
988	29345	82331	1	5	t	2022-08-14 09:40:28.698+09
989	29345	42384	1	1	f	2022-07-17 22:05:35.24+09
990	29345	85620	3	0	f	2022-03-18 16:41:43.786+09
991	29345	95235	5	1	f	2023-01-22 06:31:38.548+09
992	29345	37354	2	4	t	2022-05-18 06:22:57.074+09
993	29345	33227	1	0	f	2023-01-08 13:47:05.921+09
994	29345	75955	2	5	f	2023-02-13 05:07:43.211+09
995	29345	99960	0	5	t	2022-03-03 04:11:24.339+09
996	29345	92415	3	5	t	2022-11-11 23:38:08.774+09
997	29345	75480	2	5	f	2023-01-11 19:09:20.322+09
998	29345	15893	2	4	f	2022-08-28 01:56:19.05+09
999	29345	60803	5	0	t	2023-01-01 06:36:54.992+09
1000	29345	51155	5	3	t	2022-12-21 08:38:13.311+09
1001	29345	14347	2	0	f	2022-08-31 10:24:30.414+09
1002	29345	91664	4	2	t	2022-05-24 11:12:20.799+09
1003	29345	33328	0	4	f	2022-03-24 23:32:20.892+09
1004	29345	44925	4	3	f	2022-07-22 22:20:51.147+09
1005	52553	25136	4	0	t	2022-10-26 15:25:22.144+09
1006	52553	46835	4	3	t	2022-08-17 12:42:39.921+09
1007	52553	73885	3	0	f	2022-11-02 21:43:42.821+09
1008	52553	32923	0	0	f	2022-04-30 19:24:45.75+09
1009	52553	41472	0	2	t	2022-08-29 07:23:02.189+09
1010	52553	49578	2	5	t	2022-03-13 07:29:10.449+09
1011	52553	72786	4	4	t	2022-05-21 06:11:52.065+09
1012	52553	85709	5	4	t	2023-01-06 08:39:34.938+09
1013	52553	82331	2	0	f	2022-07-04 16:37:52.852+09
1014	52553	42384	1	2	f	2022-10-26 21:31:29.436+09
1015	52553	85620	2	4	t	2022-06-08 22:12:20.147+09
1016	52553	95235	5	4	f	2022-09-04 14:03:08.886+09
1017	52553	37354	3	5	t	2022-06-23 07:00:48.651+09
1018	52553	33227	1	2	t	2022-06-13 04:58:15.072+09
1019	52553	75955	0	4	t	2022-07-26 21:45:48.225+09
1020	74511	25136	5	0	f	2022-04-24 18:15:12.815+09
1021	74511	46835	3	2	t	2022-06-16 21:46:13.699+09
1022	74511	73885	1	2	t	2022-12-10 12:59:26.886+09
1023	74511	32923	0	4	t	2022-03-19 09:34:04.161+09
1024	74511	41472	5	0	t	2022-02-24 15:41:40.661+09
1025	74511	49578	2	5	t	2022-09-05 11:44:21.527+09
1026	74511	72786	0	4	f	2022-12-18 09:11:21.234+09
1027	74511	85709	5	2	f	2022-05-25 17:35:32.979+09
1028	74511	82331	5	4	t	2022-03-13 00:47:48.415+09
1029	74511	42384	3	3	t	2022-06-05 23:08:56.304+09
1030	74511	85620	3	4	f	2022-03-04 23:32:31.129+09
1031	74511	95235	3	0	t	2022-08-19 15:14:11.08+09
1032	74511	37354	0	5	f	2022-09-11 02:08:58.821+09
1033	54947	25136	1	1	f	2022-09-26 02:04:45.629+09
1034	54947	46835	1	0	f	2022-04-21 10:29:13.176+09
1035	54947	73885	4	0	f	2022-09-24 03:44:55.233+09
1036	54947	32923	1	3	t	2022-02-17 21:09:02.227+09
1037	54947	41472	0	5	t	2022-12-23 02:54:02.338+09
1038	13475	25136	1	4	t	2022-05-27 08:54:24.007+09
1039	13475	46835	0	0	f	2022-04-09 07:16:03.132+09
1040	13475	73885	0	2	t	2023-01-16 01:52:20.45+09
1041	13475	32923	4	0	f	2023-01-28 13:15:23.819+09
1042	13475	41472	5	5	f	2022-06-03 17:02:39.321+09
1043	13475	49578	4	4	t	2022-09-20 07:15:58.2+09
1044	13475	72786	2	2	t	2022-09-15 08:45:22.123+09
1045	13475	85709	3	0	f	2022-09-07 11:44:12.143+09
1046	13475	82331	0	2	f	2022-10-30 00:57:34.997+09
1047	13475	42384	3	3	f	2022-03-08 08:44:35.252+09
1048	13475	85620	5	5	f	2022-12-13 05:23:16.036+09
1049	13475	95235	1	4	f	2022-12-06 20:17:53.061+09
1050	13475	37354	0	0	f	2022-07-27 22:05:53.394+09
1051	13475	33227	3	3	f	2022-11-19 01:07:21.783+09
1052	13475	75955	2	1	f	2022-05-20 13:59:49.1+09
1053	13475	99960	2	4	t	2022-05-12 21:58:44.902+09
1054	13475	92415	0	4	f	2022-06-17 19:09:55.799+09
1055	13475	75480	2	5	t	2022-06-24 17:04:07.143+09
1056	13475	15893	4	3	f	2022-12-09 03:53:20.573+09
1057	13475	60803	3	5	t	2022-06-22 12:06:56.32+09
1058	13475	51155	4	5	t	2022-11-04 03:28:11.578+09
1059	13475	14347	5	2	t	2022-06-22 17:59:01.51+09
1060	13475	91664	5	5	f	2022-05-09 02:15:06.725+09
1061	13475	33328	0	3	f	2022-08-29 14:58:05.297+09
1062	13475	44925	4	1	t	2022-03-15 19:33:14.17+09
1063	13475	69511	1	2	t	2022-09-07 23:38:10.603+09
1064	13475	53607	1	4	t	2022-06-15 21:25:34.088+09
1065	13475	46868	2	1	t	2022-12-07 23:44:06.126+09
1066	13475	20834	0	3	f	2022-12-12 12:50:40.711+09
1067	13475	51205	1	0	f	2022-12-31 22:16:21.413+09
1068	81435	25136	4	3	t	2022-04-01 18:52:23.683+09
1069	81435	46835	2	4	f	2022-06-02 20:27:40.804+09
1070	81435	73885	3	4	t	2022-09-28 00:01:35.326+09
1071	81435	32923	5	4	t	2022-03-27 14:58:23.964+09
1072	81435	41472	4	3	f	2022-02-25 00:11:39.699+09
1073	81435	49578	0	1	f	2022-03-01 00:10:45.7+09
1074	81435	72786	1	0	f	2023-01-31 03:09:13.451+09
1075	81435	85709	2	5	t	2022-05-19 16:25:44.823+09
1076	81435	82331	5	4	f	2022-04-08 09:33:51.921+09
1077	81435	42384	3	1	f	2023-02-03 15:08:28.712+09
1078	81435	85620	2	4	f	2022-05-27 17:43:47.059+09
1079	81435	95235	5	1	t	2022-07-06 01:41:12.3+09
1080	81435	37354	1	2	f	2022-09-09 12:07:39.708+09
1081	81435	33227	4	1	f	2023-01-12 23:22:26.971+09
1082	81435	75955	3	2	t	2022-08-30 12:19:24.443+09
1083	81435	99960	5	4	f	2022-09-18 04:59:06.494+09
1084	81435	92415	2	1	f	2023-01-17 07:54:43.458+09
1085	81435	75480	3	5	f	2023-01-23 05:41:11.136+09
1086	79520	25136	0	3	t	2022-08-20 22:59:11.144+09
1087	79520	46835	2	1	t	2022-12-11 17:59:03.284+09
1088	79520	73885	0	2	f	2022-04-14 19:19:28.832+09
1089	79520	32923	4	3	f	2023-01-16 20:40:49.447+09
1090	79520	41472	1	4	t	2022-07-31 20:45:12.804+09
1091	56035	25136	4	3	t	2022-05-02 16:09:24.49+09
1092	56035	46835	2	4	f	2022-09-20 15:23:40.9+09
1093	56035	73885	3	3	t	2022-04-17 16:11:51.348+09
1094	94323	25136	1	2	t	2022-04-02 10:17:38.683+09
1095	94323	46835	3	3	f	2022-05-17 10:59:07.177+09
1096	94323	73885	3	3	f	2022-11-10 08:29:35.857+09
1097	94323	32923	5	3	f	2022-04-29 13:35:35.086+09
1098	94323	41472	2	4	t	2022-09-30 00:37:19.481+09
1099	94323	49578	3	2	f	2022-06-04 07:45:05.619+09
1100	94323	72786	3	1	f	2022-09-04 23:41:32.943+09
1101	53513	25136	5	3	t	2022-02-22 23:09:54.158+09
1102	53513	46835	4	3	t	2022-11-22 23:49:54.573+09
1103	53513	73885	1	1	t	2023-02-10 18:41:00.238+09
1104	53513	32923	3	0	f	2022-04-22 11:49:01.508+09
1105	53513	41472	5	1	t	2022-07-29 02:27:55.064+09
1106	53513	49578	2	1	f	2022-05-24 13:02:02.535+09
1107	53513	72786	5	1	f	2023-01-30 12:02:24.569+09
1108	53513	85709	1	3	t	2023-02-06 03:16:56.007+09
1109	53513	82331	0	2	t	2022-09-27 14:38:19.991+09
1110	53513	42384	5	5	t	2022-05-02 20:30:18.11+09
1111	53513	85620	1	3	t	2023-01-26 03:27:43.434+09
1112	53513	95235	1	0	f	2022-05-22 23:59:27.748+09
1113	53513	37354	4	4	f	2022-02-18 23:03:05.907+09
1114	53513	33227	5	5	t	2022-05-07 00:15:00.64+09
1115	53513	75955	2	4	t	2022-07-17 16:14:07.424+09
1116	53513	99960	0	3	f	2023-01-15 00:49:18.864+09
1117	53513	92415	1	4	f	2022-10-18 13:12:17.298+09
1118	53513	75480	0	3	f	2022-06-05 20:52:47.486+09
1119	53513	15893	0	2	t	2022-08-19 17:53:48.552+09
1120	53513	60803	1	3	f	2023-01-09 06:56:35.039+09
1121	53513	51155	5	0	f	2022-08-19 16:43:02.761+09
1122	53513	14347	2	5	f	2022-10-13 09:04:36.69+09
1123	53513	91664	1	1	f	2022-11-09 15:28:22.259+09
1124	53513	33328	4	1	t	2022-06-09 20:49:43.48+09
1125	53513	44925	4	3	t	2022-11-01 05:55:06.652+09
1126	23209	25136	4	1	t	2022-08-16 01:07:27.736+09
1127	23209	46835	2	1	f	2022-11-18 02:55:01.036+09
1128	23209	73885	2	0	f	2023-01-29 21:19:41.39+09
1129	23209	32923	2	5	f	2022-06-30 11:50:51.572+09
1130	23209	41472	1	0	t	2022-09-29 09:40:52.314+09
1131	23209	49578	0	3	t	2022-06-02 16:02:01.743+09
1132	23209	72786	3	1	t	2022-12-16 11:07:09.473+09
1133	23209	85709	1	1	t	2022-09-28 06:07:25.18+09
1134	23209	82331	1	1	f	2022-02-22 19:26:50.781+09
1135	23209	42384	3	0	t	2022-02-16 21:53:53.397+09
1136	23209	85620	5	3	t	2022-04-15 12:49:59.149+09
1137	23209	95235	4	0	t	2022-03-09 08:06:08.877+09
1138	23209	37354	4	0	f	2022-06-10 07:08:14.313+09
1139	23209	33227	0	2	f	2023-01-22 04:45:34.793+09
1140	23209	75955	1	0	t	2022-04-20 20:03:55.158+09
1141	23209	99960	1	3	f	2022-09-23 16:34:28.87+09
1142	23209	92415	2	1	f	2022-06-05 04:33:23.938+09
1143	23209	75480	1	1	t	2022-08-21 03:19:22.044+09
1144	23209	15893	1	1	t	2022-09-03 15:46:29.345+09
1145	23209	60803	2	2	f	2023-01-22 09:47:28.387+09
1146	23209	51155	0	2	f	2022-05-14 20:39:08.068+09
1147	23209	14347	2	2	f	2022-09-21 13:08:14.763+09
1148	23209	91664	3	3	f	2022-11-02 17:39:16.313+09
1149	23209	33328	5	3	t	2022-07-15 03:20:24.847+09
1150	23209	44925	1	5	f	2022-04-09 23:04:59.665+09
1151	23209	69511	2	4	t	2022-04-12 14:14:52.771+09
1152	23209	53607	1	2	f	2022-08-21 14:32:58.36+09
1153	23209	46868	3	1	t	2022-07-08 01:51:07.588+09
1154	23209	20834	1	5	t	2022-03-15 19:43:13.674+09
1155	23209	51205	4	5	t	2022-07-15 06:21:25.92+09
1156	16516	25136	1	3	t	2022-08-25 21:37:51.945+09
1157	16516	46835	1	1	t	2022-07-31 21:42:24.02+09
1158	16516	73885	0	4	f	2022-08-22 22:47:34.041+09
1159	16516	32923	1	0	f	2022-10-07 19:23:08.862+09
1160	16516	41472	1	2	t	2022-09-01 05:05:29.063+09
1161	16516	49578	0	3	t	2023-01-02 11:39:40.637+09
1162	16516	72786	1	2	f	2023-01-22 23:10:10.803+09
1163	16516	85709	1	0	f	2022-04-16 01:44:10.121+09
1164	16516	82331	4	5	t	2022-04-04 19:12:36.743+09
1165	16516	42384	1	1	f	2022-10-13 19:58:29.761+09
1166	16516	85620	4	2	t	2022-02-16 15:00:41.617+09
1167	16516	95235	1	2	t	2022-09-07 01:13:12.759+09
1168	16516	37354	3	3	f	2022-10-17 21:52:14.811+09
1169	99833	25136	4	4	f	2022-06-24 04:28:25.447+09
1170	99833	46835	2	4	t	2022-06-17 01:03:09.87+09
1171	99833	73885	3	5	t	2022-12-17 12:10:47.869+09
1172	99833	32923	5	1	f	2022-10-28 06:20:22.236+09
1173	99833	41472	3	0	f	2022-09-20 10:39:15.785+09
1174	99833	49578	2	4	f	2023-02-13 05:27:51.942+09
1175	99833	72786	0	1	t	2022-07-01 10:08:34.773+09
1176	99833	85709	3	2	t	2022-11-03 10:58:05.674+09
1177	99833	82331	2	1	f	2023-01-25 16:54:46.195+09
1178	99833	42384	4	4	t	2022-06-09 04:17:43.363+09
1179	99833	85620	2	1	f	2022-10-21 09:54:09.669+09
1180	99833	95235	0	1	f	2023-02-10 03:52:24.191+09
1181	26028	25136	5	3	f	2022-11-16 14:00:31.115+09
1182	26028	46835	3	5	f	2022-12-04 11:12:56.605+09
1183	26028	73885	5	4	f	2022-11-27 02:56:44.783+09
1184	26028	32923	5	3	f	2022-09-11 19:59:32.517+09
1185	26028	41472	5	0	t	2022-06-10 18:41:07.976+09
1186	26028	49578	2	3	t	2022-12-30 10:59:07.23+09
1187	26028	72786	3	3	t	2022-08-30 06:43:26.207+09
1188	26028	85709	3	5	t	2022-11-08 22:35:38.028+09
1189	26028	82331	5	2	t	2022-11-23 07:43:25.163+09
1190	26028	42384	2	5	f	2023-01-21 07:32:57.511+09
1191	26028	85620	4	0	f	2022-04-30 04:12:45.486+09
1192	26028	95235	3	4	t	2022-11-24 22:23:19.5+09
1193	26028	37354	4	0	f	2022-08-27 05:03:28.082+09
1194	26028	33227	0	3	f	2022-04-24 02:21:59.507+09
1195	26028	75955	2	4	f	2022-12-16 01:08:40.762+09
1196	26028	99960	3	3	f	2022-10-27 17:03:05.051+09
1197	26028	92415	0	0	f	2022-07-27 02:02:23.645+09
1198	26028	75480	1	1	t	2022-06-03 23:36:55.385+09
1199	26028	15893	1	1	t	2022-10-22 16:55:24.976+09
1200	26028	60803	1	0	f	2022-06-01 18:42:42.001+09
1201	26028	51155	0	1	t	2022-03-04 05:08:38.067+09
1202	20395	25136	5	5	f	2022-09-08 23:15:55.933+09
1203	20395	46835	3	5	t	2023-01-21 16:49:44.073+09
1204	34661	25136	1	3	f	2022-06-22 04:03:09.925+09
1205	34661	46835	4	2	f	2022-08-01 09:13:47.428+09
1206	34661	73885	1	1	f	2022-03-16 12:37:56.722+09
1207	34661	32923	5	0	f	2022-06-06 13:37:23.475+09
1208	34661	41472	3	0	t	2022-04-19 17:00:08.701+09
1209	34661	49578	3	2	f	2023-02-07 21:34:52.934+09
1210	34661	72786	2	2	f	2022-08-22 18:24:57.64+09
1211	34661	85709	5	1	f	2022-09-22 02:03:25.121+09
1212	34661	82331	4	5	f	2022-09-30 17:44:55.127+09
1213	34661	42384	4	1	t	2022-11-29 23:23:07.551+09
1214	34661	85620	0	0	t	2022-08-17 10:52:11.768+09
1215	34661	95235	4	1	t	2022-08-16 10:16:22.333+09
1216	34661	37354	1	3	t	2023-02-05 10:12:28.228+09
1217	34661	33227	2	3	f	2022-08-13 21:51:15.218+09
1218	34661	75955	2	1	f	2023-02-08 09:50:57.106+09
1219	34661	99960	0	4	t	2022-04-13 00:32:06.493+09
1220	34661	92415	1	3	f	2022-09-22 14:35:37.914+09
1221	34661	75480	3	3	f	2022-09-29 05:58:09.327+09
1222	34661	15893	0	3	f	2023-01-17 09:01:40.793+09
1223	34661	60803	0	5	t	2022-05-19 15:22:26.142+09
1224	34661	51155	1	5	t	2022-11-09 03:28:14.557+09
1225	34661	14347	2	5	t	2022-05-20 12:32:44.98+09
1226	34661	91664	2	2	t	2022-04-08 13:26:04.793+09
1227	34661	33328	5	3	f	2022-03-31 07:48:21.298+09
1228	34661	44925	4	2	f	2022-02-25 00:20:21.093+09
1229	34661	69511	0	2	t	2022-06-02 12:01:18.175+09
1230	34661	53607	5	1	t	2022-11-06 03:28:44.949+09
1231	34661	46868	5	3	t	2022-04-24 18:47:51.537+09
1232	34661	20834	4	2	t	2022-12-20 10:40:00.925+09
1233	34661	51205	1	5	t	2022-02-18 17:09:39.964+09
1234	95041	25136	3	0	t	2022-08-15 06:52:23.954+09
1235	95041	46835	2	3	t	2022-12-31 11:19:09.14+09
1236	95041	73885	1	3	t	2022-06-23 00:35:32.296+09
1237	95041	32923	0	5	f	2022-10-09 11:30:42.482+09
1238	95041	41472	4	3	t	2022-05-14 05:16:20.155+09
1239	95041	49578	0	3	t	2022-07-24 02:33:50.425+09
1240	95041	72786	2	2	f	2022-03-24 03:09:22.454+09
1241	95041	85709	3	3	t	2022-08-02 21:33:14.953+09
1242	95041	82331	2	1	t	2022-06-24 02:19:51.414+09
1243	95041	42384	4	4	f	2022-03-26 21:39:17.82+09
1244	95041	85620	3	0	f	2023-01-20 19:02:26.245+09
1245	95041	95235	2	0	t	2022-11-19 00:13:23.318+09
1246	95041	37354	2	3	t	2022-07-09 04:39:33.96+09
1247	95041	33227	1	5	t	2022-08-23 09:30:29.817+09
1248	72365	25136	4	3	f	2022-05-12 09:54:58.754+09
1249	72365	46835	5	0	t	2022-09-10 14:33:22.15+09
1250	72365	73885	1	3	t	2022-05-21 01:16:54.782+09
1251	72365	32923	4	4	f	2022-07-26 07:08:18.443+09
1252	72365	41472	3	5	f	2023-01-08 15:20:30.989+09
1253	72365	49578	1	3	t	2022-09-09 01:06:16.335+09
1254	72365	72786	5	3	f	2022-08-01 14:11:07.381+09
1255	72365	85709	5	5	f	2022-09-14 05:37:37.249+09
1256	72365	82331	1	3	f	2022-03-07 14:28:44.377+09
1257	72365	42384	0	3	f	2022-04-18 04:01:04.662+09
1258	72365	85620	4	2	f	2022-10-04 17:57:15.873+09
1259	72365	95235	5	0	t	2022-08-11 19:14:29.646+09
1260	72365	37354	5	4	t	2022-08-05 23:06:47.418+09
1261	72365	33227	3	4	t	2022-12-30 17:24:09.337+09
1262	54636	25136	0	0	t	2022-10-17 19:18:25.048+09
1263	54636	46835	4	2	t	2023-01-30 01:48:52.653+09
1264	54636	73885	2	0	f	2022-03-18 22:17:04.519+09
1265	54636	32923	5	5	t	2022-04-18 15:00:21.224+09
1266	54636	41472	1	0	t	2022-04-26 01:33:55.459+09
1267	54636	49578	5	1	t	2022-09-17 12:50:22.072+09
1268	54636	72786	0	2	t	2022-11-14 11:28:35.889+09
1269	54636	85709	0	0	f	2022-11-20 04:49:54.243+09
1270	54636	82331	3	2	t	2022-07-16 15:05:52.745+09
1271	54636	42384	2	1	f	2022-11-25 09:25:48.365+09
1272	54636	85620	3	2	t	2022-03-19 07:17:58.151+09
1273	54636	95235	1	4	t	2022-09-29 06:25:45.675+09
1274	54636	37354	4	2	t	2022-12-16 16:57:59.793+09
1275	54636	33227	2	3	f	2022-12-07 20:07:45.98+09
1276	54636	75955	5	2	t	2022-10-14 01:25:31.229+09
1277	40989	25136	4	3	f	2022-05-11 10:24:22.603+09
1278	40989	46835	1	3	f	2022-05-05 04:36:55.551+09
1279	40989	73885	4	3	t	2022-08-12 16:34:48.444+09
1280	46153	25136	1	0	t	2022-10-11 02:31:28.555+09
1281	46153	46835	5	3	t	2023-01-21 08:19:44.98+09
1282	46153	73885	0	1	t	2022-08-07 16:54:39.723+09
1283	46153	32923	3	2	t	2022-11-15 05:47:10.469+09
1284	46153	41472	1	5	f	2022-04-25 19:54:09.957+09
1285	46153	49578	2	4	f	2022-11-29 12:29:24.563+09
1286	69390	25136	5	5	t	2022-04-04 11:37:25.378+09
1287	69390	46835	4	0	t	2023-01-27 20:11:47.183+09
1288	69390	73885	5	4	t	2022-03-22 01:39:44.165+09
1289	69390	32923	5	5	f	2022-07-11 00:11:20.498+09
1290	69390	41472	3	5	t	2022-11-10 08:40:25.043+09
1291	69390	49578	0	2	t	2022-03-13 04:10:31.552+09
1292	69390	72786	3	3	f	2022-07-31 07:03:05.054+09
1293	69390	85709	3	1	t	2022-08-01 18:42:21.38+09
1294	69390	82331	2	3	f	2022-05-04 18:50:45.786+09
1295	69390	42384	2	5	t	2022-09-06 13:26:44.906+09
1296	69390	85620	2	2	f	2022-12-02 12:20:56.295+09
1297	69390	95235	1	1	t	2022-11-27 03:38:22.888+09
1298	69390	37354	0	2	f	2022-11-18 04:31:10.826+09
1299	69390	33227	0	5	f	2022-10-07 22:50:29.649+09
1300	69390	75955	3	0	t	2022-11-15 02:05:41.846+09
1301	69390	99960	2	0	t	2022-02-23 17:09:38.142+09
1302	69390	92415	2	2	f	2022-08-30 23:07:20.955+09
1303	69390	75480	2	0	t	2022-09-24 03:45:13.923+09
1304	69390	15893	1	2	f	2022-03-19 01:02:31.591+09
1305	69390	60803	1	5	f	2022-02-17 15:34:59.023+09
1306	69390	51155	1	0	f	2022-11-26 06:49:08.216+09
1307	69390	14347	0	2	f	2022-02-26 16:06:39.387+09
1308	69390	91664	2	4	f	2022-11-30 21:31:22.786+09
1309	69390	33328	1	3	t	2022-10-22 12:42:56.217+09
1310	69390	44925	3	0	f	2022-08-09 01:11:19.472+09
1311	69390	69511	4	4	f	2022-05-31 04:42:13.251+09
1312	69390	53607	2	1	f	2022-02-15 14:09:54.375+09
1313	69390	46868	4	2	t	2022-12-02 02:18:54.731+09
1314	54811	25136	1	2	f	2023-01-02 22:16:23.882+09
1315	80894	25136	0	2	t	2022-07-26 10:50:59.236+09
1316	80894	46835	2	3	f	2022-09-28 00:42:55.986+09
1317	80894	73885	3	1	t	2023-02-08 09:46:24.861+09
1318	80894	32923	0	4	t	2022-05-21 21:53:29.633+09
1319	13507	25136	0	0	f	2022-06-16 18:36:59.033+09
1320	13507	46835	2	5	t	2022-09-01 10:18:37.916+09
1321	13507	73885	3	0	f	2022-08-05 03:59:32.531+09
1322	13507	32923	1	5	t	2023-01-08 07:15:37.16+09
1323	13507	41472	2	4	f	2022-08-12 08:40:55.07+09
1324	13507	49578	1	4	t	2022-04-25 13:30:14.47+09
1325	13507	72786	1	3	t	2022-10-18 06:28:23.385+09
1326	13507	85709	4	3	f	2022-12-23 04:51:57.928+09
1327	13507	82331	4	4	f	2022-06-03 00:28:46.476+09
1328	13507	42384	1	3	f	2022-12-06 08:58:03.966+09
1329	13507	85620	2	5	t	2023-02-08 10:33:17.915+09
1330	13507	95235	3	4	f	2022-05-27 07:55:19.352+09
1331	13507	37354	5	0	f	2022-10-24 01:54:35.784+09
1332	13507	33227	3	3	t	2022-05-08 10:30:24.526+09
1333	13507	75955	1	2	f	2022-03-24 18:22:08.581+09
1334	13507	99960	2	4	f	2022-03-25 09:27:32.525+09
1335	13507	92415	1	0	f	2022-03-17 10:35:21.107+09
1336	13507	75480	2	0	t	2022-03-19 08:49:39.172+09
1337	13507	15893	5	4	t	2022-06-01 07:29:46.211+09
1338	13507	60803	1	2	f	2022-06-28 08:24:02.061+09
1339	13507	51155	4	0	f	2022-04-30 11:24:15.059+09
1340	13507	14347	5	4	f	2022-02-25 04:28:07.381+09
1341	13507	91664	4	3	t	2022-08-15 15:41:26.101+09
1342	84327	25136	2	2	t	2022-06-27 02:22:16.038+09
1343	84327	46835	1	0	f	2022-09-26 07:18:07.097+09
1344	84327	73885	2	3	f	2022-08-27 14:27:14.721+09
1345	84327	32923	2	0	f	2022-03-31 04:43:12.65+09
1346	84327	41472	3	4	f	2022-03-01 15:07:54.567+09
1347	84327	49578	0	3	t	2023-01-31 21:54:07.217+09
1348	84327	72786	2	4	f	2022-02-16 02:01:26.689+09
1349	84327	85709	0	5	t	2022-10-22 05:40:03.393+09
1350	84327	82331	2	4	t	2022-04-17 11:13:49.671+09
1351	84327	42384	5	4	t	2022-10-26 02:43:43.332+09
1352	84327	85620	2	0	t	2022-06-23 16:30:51.397+09
1353	84327	95235	1	2	t	2022-12-01 04:20:25.903+09
1354	84327	37354	3	5	t	2022-03-02 05:19:39.626+09
1355	84327	33227	5	3	t	2022-12-08 13:18:28.56+09
1356	84327	75955	3	5	t	2023-02-07 20:25:28.801+09
1357	84327	99960	2	1	f	2022-05-19 17:17:25.913+09
1358	84327	92415	5	4	f	2022-11-13 13:26:48.165+09
1359	84327	75480	0	3	t	2022-03-17 17:33:02.74+09
1360	84327	15893	1	2	f	2022-06-28 12:43:17.129+09
1361	84327	60803	5	0	f	2022-07-17 16:03:05.686+09
1362	84327	51155	5	0	f	2022-12-11 09:28:05.26+09
1363	84327	14347	0	1	t	2023-01-18 13:55:09.169+09
1364	84327	91664	0	4	f	2023-01-17 18:08:38.72+09
1365	84327	33328	0	1	f	2022-10-17 21:17:58.929+09
1366	94673	25136	1	1	f	2022-06-08 06:34:51.791+09
1367	94673	46835	4	0	t	2022-07-19 08:25:33.855+09
1368	94673	73885	3	3	t	2022-09-22 22:47:03.749+09
1369	94673	32923	1	2	t	2022-11-19 21:37:02.075+09
1370	94673	41472	2	1	t	2022-11-19 00:14:33.637+09
1371	94673	49578	0	3	t	2022-11-11 15:02:27.681+09
1372	94673	72786	3	5	f	2022-06-22 15:53:34.374+09
1373	94673	85709	3	0	t	2022-05-14 17:40:56.308+09
1374	94673	82331	3	4	f	2022-03-01 18:15:48.754+09
1375	94673	42384	4	3	f	2022-08-28 11:03:51.87+09
1376	94673	85620	5	2	f	2022-02-28 10:41:19.827+09
1377	94673	95235	2	0	f	2023-01-14 12:24:15.355+09
1378	94673	37354	5	0	t	2022-06-16 13:00:24.533+09
1379	94673	33227	5	1	f	2022-05-10 19:41:55.703+09
1380	94673	75955	2	1	t	2022-11-19 17:32:47.343+09
1381	94673	99960	1	2	t	2022-05-04 22:21:21.979+09
1382	94673	92415	5	4	t	2022-09-15 04:41:32.673+09
1383	94673	75480	4	3	f	2022-03-23 12:10:39.693+09
1384	94673	15893	4	4	t	2023-01-23 08:32:01.488+09
1385	94673	60803	1	3	t	2022-07-07 06:31:15.533+09
1386	94673	51155	4	2	t	2022-08-02 09:56:14.654+09
1387	94673	14347	4	0	t	2022-06-30 21:38:23.788+09
1388	94673	91664	0	1	t	2022-10-30 11:39:13.478+09
1389	94673	33328	3	5	t	2022-02-16 02:32:24.808+09
1390	94673	44925	1	1	t	2022-12-11 06:55:44.472+09
1391	94673	69511	2	1	f	2022-08-15 14:44:43.866+09
1392	58481	25136	2	5	t	2023-02-06 01:27:14.032+09
1393	58481	46835	2	2	t	2022-05-04 19:42:50.561+09
1394	58481	73885	4	4	f	2022-06-10 11:45:48.423+09
1395	58481	32923	0	2	f	2022-06-28 02:21:00.792+09
1396	58481	41472	3	3	t	2022-03-13 18:11:57.591+09
1397	58481	49578	2	4	f	2022-03-07 03:28:19.676+09
1398	58481	72786	5	4	f	2022-03-09 15:22:32.703+09
1399	58481	85709	2	2	t	2022-09-17 21:27:19.362+09
1400	58481	82331	5	5	f	2022-08-07 04:11:04.286+09
1401	58481	42384	4	5	t	2022-09-23 20:16:33.98+09
1402	11876	25136	4	1	f	2022-07-29 17:13:58.168+09
1403	11876	46835	3	0	f	2022-07-14 21:28:11.494+09
1404	11876	73885	3	0	t	2022-05-04 20:23:48.413+09
1405	11876	32923	3	0	f	2022-07-02 22:24:19.995+09
1406	11876	41472	5	2	t	2022-10-27 21:44:43.623+09
1407	11876	49578	4	1	t	2023-01-24 10:47:30.068+09
1408	11876	72786	4	4	f	2022-05-05 11:41:22.786+09
1409	11876	85709	1	2	t	2022-03-29 09:22:41.046+09
1410	11876	82331	5	3	f	2022-05-29 14:42:41.684+09
1411	11876	42384	1	2	t	2022-12-28 15:39:24.911+09
1412	11876	85620	3	3	t	2022-12-01 15:51:45.272+09
1413	11876	95235	5	3	f	2022-04-03 23:50:23.791+09
1414	11876	37354	1	5	f	2022-04-19 06:10:01.57+09
1415	11876	33227	4	3	f	2022-04-16 06:08:16.323+09
1416	11876	75955	1	3	f	2022-06-15 00:54:20.137+09
1417	11876	99960	0	0	f	2022-12-09 16:54:58.524+09
1418	11876	92415	3	4	f	2022-05-29 05:26:30.315+09
1419	11876	75480	3	0	t	2022-04-18 10:26:50.265+09
1420	23464	25136	0	4	t	2022-10-23 07:39:51.687+09
1421	23464	46835	2	0	f	2023-01-26 14:28:39.166+09
1422	23464	73885	1	2	t	2022-12-14 09:54:04.801+09
1423	23464	32923	1	4	f	2022-02-24 02:04:10.615+09
1424	23464	41472	1	5	f	2022-08-09 22:37:01.819+09
1425	23464	49578	3	5	f	2022-03-27 18:41:46.919+09
1426	93923	25136	2	4	t	2023-01-02 07:16:16.416+09
1427	93923	46835	2	3	t	2022-09-10 07:04:37.662+09
1428	93923	73885	0	4	t	2022-09-22 06:23:20.245+09
1429	93923	32923	0	0	f	2022-12-25 05:33:50.671+09
1430	93923	41472	4	2	t	2022-07-11 03:09:01.928+09
1431	59996	25136	2	2	f	2022-05-30 01:24:44.151+09
1432	59996	46835	2	3	f	2023-02-09 13:11:14.624+09
1433	59996	73885	5	2	t	2022-04-17 01:50:09.107+09
1434	46228	25136	5	1	t	2022-12-07 22:37:17.493+09
1435	46228	46835	2	2	f	2022-07-30 20:32:32.206+09
1436	46228	73885	4	0	t	2022-10-11 22:22:12.851+09
1437	46228	32923	2	0	f	2022-06-10 13:36:49.288+09
1438	46228	41472	5	4	t	2022-10-09 13:18:07.58+09
1439	46228	49578	5	4	f	2022-06-27 09:22:20.432+09
1440	46228	72786	2	4	t	2022-04-05 10:23:31.17+09
1441	46228	85709	5	4	t	2022-04-08 04:03:25.357+09
1442	46228	82331	2	3	f	2022-05-28 20:57:37.449+09
1443	28845	25136	1	0	t	2022-04-13 07:40:49.559+09
1444	28845	46835	0	3	f	2022-08-14 13:52:44.136+09
1445	28845	73885	1	1	f	2023-01-02 06:33:24.359+09
1446	28845	32923	3	2	f	2023-01-07 11:58:40.252+09
1447	28845	41472	5	5	t	2022-05-07 20:53:55.302+09
1448	28845	49578	4	1	t	2023-01-27 07:06:12.473+09
1449	28845	72786	4	0	f	2022-05-29 06:13:55.706+09
1450	28845	85709	2	2	f	2023-01-05 18:35:23.402+09
1451	28845	82331	5	5	t	2022-04-27 14:46:23.274+09
1452	28845	42384	0	1	t	2023-01-03 21:06:19.304+09
1453	28845	85620	3	3	f	2022-07-08 18:36:28.875+09
1454	28845	95235	3	1	f	2022-12-13 08:54:51.295+09
1455	28845	37354	0	4	f	2022-03-23 14:50:52.005+09
1456	28845	33227	2	4	f	2022-05-25 22:37:12.47+09
1457	28845	75955	4	5	f	2022-12-28 08:01:53.507+09
1458	28845	99960	0	3	f	2022-12-21 13:11:54.378+09
1459	28845	92415	0	4	f	2022-11-22 21:07:55.43+09
1460	28845	75480	1	1	f	2022-11-03 11:23:32.669+09
1461	28845	15893	2	3	t	2022-05-12 19:08:24.77+09
1462	28845	60803	4	3	t	2022-08-08 01:28:42.599+09
1463	28845	51155	5	1	f	2022-08-31 11:14:25.744+09
1464	28845	14347	0	2	t	2022-06-28 03:27:29.639+09
1465	28845	91664	4	5	t	2022-05-02 11:28:35.903+09
1466	28845	33328	4	3	t	2022-06-15 19:35:49.346+09
1467	28845	44925	3	2	t	2022-09-29 13:23:13.564+09
1468	36524	25136	3	5	t	2022-07-05 05:55:06.34+09
1469	36524	46835	5	3	f	2022-10-28 03:13:48.431+09
1470	36524	73885	5	1	t	2022-08-07 07:55:55.762+09
1471	36524	32923	4	4	f	2022-11-26 04:52:40.403+09
1472	36524	41472	2	1	t	2022-08-02 16:26:09.809+09
1473	36524	49578	4	3	t	2023-01-12 04:04:48.682+09
1474	36524	72786	2	0	t	2022-03-01 10:30:59.309+09
1475	36524	85709	3	5	f	2022-07-26 23:47:15.868+09
1476	36524	82331	1	1	t	2022-07-03 02:21:25.204+09
1477	36524	42384	3	0	f	2022-09-11 10:29:13.021+09
1478	36524	85620	5	3	f	2022-05-28 13:40:28.382+09
1479	36524	95235	3	5	t	2022-02-22 18:24:26.033+09
1480	36524	37354	4	5	f	2022-05-03 03:11:11.511+09
1481	36524	33227	1	1	t	2022-03-05 02:46:58.095+09
1482	36524	75955	0	0	t	2022-08-03 11:28:41.075+09
1483	36524	99960	5	3	t	2022-07-21 17:58:20.044+09
1484	36524	92415	1	3	t	2022-06-24 02:05:49.313+09
1485	36524	75480	3	3	f	2022-05-07 05:27:11.326+09
1486	44044	25136	3	2	t	2023-01-26 17:08:07.497+09
1487	44044	46835	0	0	f	2022-03-12 14:33:10.513+09
1488	44044	73885	0	3	t	2022-08-17 12:38:58.268+09
1489	44044	32923	5	5	f	2022-12-03 03:37:23.492+09
1490	44044	41472	4	5	f	2022-04-13 17:28:27.207+09
1491	44044	49578	4	5	t	2023-01-20 07:18:57.505+09
1492	44044	72786	5	0	f	2023-01-25 04:34:33.907+09
1493	44044	85709	2	4	t	2022-06-26 21:26:22.436+09
1494	44044	82331	0	4	t	2022-03-15 12:37:05.306+09
1495	44044	42384	2	3	t	2022-02-24 23:40:50.995+09
1496	44044	85620	1	0	f	2022-06-12 11:34:43.306+09
1497	44044	95235	3	0	f	2022-03-12 15:46:20.174+09
1498	44044	37354	4	3	t	2022-06-27 20:52:19.306+09
1499	44044	33227	1	4	t	2022-12-31 16:25:51.613+09
1500	44044	75955	3	4	f	2022-08-04 18:35:15.864+09
1501	44044	99960	5	4	t	2022-09-28 21:41:47.24+09
1502	44044	92415	2	0	f	2022-04-04 15:51:43.39+09
1503	44044	75480	3	5	t	2022-05-17 20:35:34.108+09
1504	44044	15893	4	3	f	2022-07-01 07:00:46.522+09
1505	44044	60803	3	3	t	2023-01-05 03:32:40.07+09
1506	87486	25136	2	4	t	2022-05-15 09:41:20.838+09
1507	87486	46835	4	4	t	2023-01-05 12:53:43.834+09
1508	87486	73885	4	5	t	2022-06-04 06:35:30.731+09
1509	87486	32923	4	1	t	2022-09-27 23:53:42.814+09
1510	87486	41472	4	3	f	2022-10-13 19:06:26.127+09
1511	87486	49578	1	5	t	2022-08-02 20:17:56.115+09
1512	87486	72786	4	1	f	2023-01-05 11:30:39.141+09
1513	87486	85709	4	3	f	2022-12-24 23:53:18.986+09
1514	87486	82331	2	3	f	2022-10-13 05:34:30.391+09
1515	87486	42384	5	0	t	2023-02-10 16:06:15.774+09
1516	87486	85620	1	4	t	2022-05-11 00:45:08.031+09
1517	87486	95235	5	2	f	2023-02-07 10:08:56.581+09
1518	41299	25136	3	4	t	2022-07-02 11:18:00.041+09
1519	41299	46835	1	0	f	2023-02-05 04:05:01.984+09
1520	41299	73885	5	5	t	2023-01-19 11:17:23.474+09
1521	41299	32923	2	3	f	2022-09-04 13:41:45.427+09
1522	41299	41472	5	4	t	2022-08-19 14:25:57.386+09
1523	41299	49578	1	2	f	2022-10-29 06:40:20.278+09
1524	41299	72786	0	5	t	2022-08-13 02:31:23.523+09
1525	41299	85709	2	3	t	2022-07-22 07:23:25.023+09
1526	41299	82331	0	0	t	2022-11-12 02:58:32.471+09
1527	41299	42384	2	1	t	2023-01-30 00:54:21.469+09
1528	41299	85620	1	5	f	2023-01-14 09:11:05.637+09
1529	41299	95235	4	4	f	2023-02-09 11:27:07.814+09
1530	41299	37354	3	2	f	2022-12-13 01:12:51.859+09
1531	31755	25136	4	4	f	2022-11-15 18:36:58.541+09
1532	31755	46835	5	2	f	2023-01-31 16:16:24.387+09
1533	31755	73885	4	0	f	2022-07-06 16:40:59.811+09
1534	31755	32923	2	3	f	2022-10-25 06:17:29.735+09
1535	31755	41472	4	4	f	2022-08-25 00:27:48.617+09
1536	31755	49578	0	2	t	2022-12-20 18:40:58.774+09
1537	31755	72786	3	2	f	2022-04-30 16:47:06.828+09
1538	31755	85709	1	4	t	2022-11-24 06:50:00.085+09
1539	31755	82331	3	4	t	2022-07-14 13:51:35.835+09
1540	31755	42384	0	1	f	2022-05-06 04:45:19.162+09
1541	31755	85620	0	3	t	2022-11-20 18:24:01.448+09
1542	57075	25136	0	1	f	2022-05-24 06:26:31.683+09
1543	57075	46835	0	2	t	2022-04-15 01:01:49.852+09
1544	57075	73885	0	3	t	2022-08-31 13:36:03.487+09
1545	57075	32923	3	2	f	2022-09-13 03:32:36.626+09
1546	57075	41472	2	5	t	2023-01-20 17:01:33.814+09
1547	57075	49578	2	0	t	2022-03-01 01:01:13.549+09
1548	57075	72786	4	2	f	2022-05-24 23:07:00.051+09
1549	57075	85709	5	5	f	2022-09-17 02:55:52.244+09
1550	57075	82331	5	1	t	2022-08-10 01:22:29.377+09
1551	57075	42384	3	2	t	2022-10-16 06:29:27.95+09
1552	57075	85620	4	3	f	2022-02-18 05:07:58.595+09
1553	57075	95235	4	4	f	2023-02-11 18:52:19.918+09
1554	57075	37354	4	0	t	2022-05-30 22:12:21.851+09
1555	57075	33227	2	5	t	2022-05-23 19:27:52.81+09
1556	57075	75955	2	5	f	2022-07-02 00:22:04.775+09
1557	57075	99960	4	4	t	2022-07-06 00:47:22.83+09
1558	57075	92415	3	1	t	2022-10-12 14:18:25.972+09
1559	57075	75480	5	0	f	2022-03-04 06:56:42.002+09
1560	57075	15893	4	3	t	2022-08-13 12:36:39.621+09
1561	57075	60803	0	1	f	2022-08-11 10:27:16.56+09
1562	91679	25136	5	1	t	2022-08-05 16:26:01.54+09
1563	91679	46835	0	1	f	2022-08-29 23:25:26.163+09
1564	91679	73885	0	0	f	2023-01-10 10:00:10.47+09
1565	91679	32923	5	3	f	2022-10-31 12:45:37.156+09
1566	91679	41472	5	4	t	2022-08-10 05:54:02.547+09
1567	91679	49578	4	3	t	2022-09-15 05:44:09.826+09
1568	91679	72786	3	2	t	2023-01-20 09:53:48.397+09
1569	91679	85709	5	0	f	2022-07-31 10:20:23.377+09
1570	91679	82331	1	5	t	2022-07-16 09:58:24.53+09
1571	91679	42384	5	2	f	2022-05-19 03:28:27.486+09
1572	91679	85620	4	3	f	2022-05-18 16:47:48.827+09
1573	91679	95235	3	2	t	2022-05-08 06:18:05.135+09
1574	91679	37354	4	0	t	2023-01-27 06:38:04.181+09
1575	91679	33227	0	4	t	2022-03-28 01:49:28.769+09
1576	15293	25136	0	5	f	2022-04-12 11:51:06.978+09
1577	15293	46835	4	2	t	2022-12-07 04:07:28.972+09
1578	15293	73885	5	5	f	2022-09-27 08:50:26.888+09
1579	15293	32923	3	4	f	2022-05-19 08:25:43.649+09
1580	15293	41472	5	1	f	2022-07-05 20:51:29.836+09
1581	15293	49578	1	3	t	2023-02-03 22:40:14.329+09
1582	15293	72786	1	4	f	2022-10-02 16:17:58.69+09
1583	15293	85709	2	4	t	2022-03-14 03:02:23.039+09
1584	15293	82331	2	3	f	2022-12-16 15:16:13.997+09
1585	15293	42384	3	4	f	2022-12-23 10:50:42.319+09
1586	15293	85620	5	4	t	2022-06-11 22:57:56.607+09
1587	15293	95235	4	3	t	2022-03-30 02:13:24.941+09
1588	51665	25136	5	4	f	2022-09-08 08:33:01.575+09
1589	51665	46835	5	5	t	2023-01-15 02:27:25.893+09
1590	51665	73885	2	4	f	2022-05-29 16:03:13.103+09
1591	51665	32923	4	1	f	2023-01-22 18:20:25.343+09
1592	51665	41472	4	3	t	2022-12-29 10:43:31.639+09
1593	51665	49578	4	0	t	2022-10-15 18:31:42.84+09
1594	51665	72786	5	0	t	2022-07-24 14:33:11.423+09
1595	51665	85709	2	3	f	2022-02-17 03:47:59.316+09
1596	51665	82331	3	5	f	2022-02-17 18:55:50.669+09
1597	51665	42384	4	2	t	2022-11-01 06:15:00.208+09
1598	51665	85620	5	0	t	2022-05-18 04:38:21.806+09
1599	51665	95235	4	4	f	2022-03-21 05:16:44.169+09
1600	51665	37354	0	4	f	2022-05-11 22:27:26.065+09
1601	51665	33227	2	4	f	2023-01-06 01:17:47.761+09
1602	51665	75955	2	3	t	2022-04-04 18:17:58.505+09
1603	51665	99960	3	2	f	2022-02-17 17:23:42.634+09
1604	51665	92415	5	2	t	2023-01-14 15:55:06.337+09
1605	51665	75480	1	0	t	2022-04-06 19:42:09.846+09
1606	51665	15893	3	0	f	2022-12-29 20:17:02.955+09
1607	82396	25136	1	3	f	2022-12-11 13:03:25.529+09
1608	82396	46835	4	1	t	2022-11-18 10:31:26.148+09
1609	82396	73885	0	5	t	2022-12-01 09:08:19.87+09
1610	82396	32923	3	1	f	2022-05-02 15:08:19.101+09
1611	82396	41472	4	2	t	2022-12-24 18:11:23.182+09
1612	82396	49578	1	3	f	2022-10-17 04:52:42.866+09
1613	82396	72786	5	4	t	2022-03-07 10:34:58.622+09
1614	82396	85709	1	4	f	2023-01-22 04:49:59.532+09
1615	82396	82331	5	1	t	2022-06-13 06:18:50.356+09
1616	82396	42384	3	1	t	2023-02-02 06:29:14.993+09
1617	40717	25136	2	0	f	2023-01-03 08:25:54.59+09
1618	40717	46835	5	3	f	2022-02-19 14:17:36.367+09
1619	40717	73885	3	5	f	2022-08-25 21:17:45.355+09
1620	40717	32923	4	0	f	2022-06-15 00:28:45.84+09
1621	40717	41472	2	5	f	2022-03-08 13:44:41.78+09
1622	40717	49578	2	4	f	2023-01-26 15:24:14.534+09
1623	40717	72786	1	4	f	2022-05-12 07:22:54.891+09
1624	40717	85709	3	3	f	2022-02-23 15:19:08.859+09
1625	40717	82331	2	1	f	2022-07-09 21:00:22.499+09
1626	40717	42384	5	3	t	2022-03-07 18:46:47.577+09
1627	40717	85620	0	1	f	2022-10-23 09:04:23.237+09
1628	40717	95235	3	3	t	2022-05-22 14:55:39.631+09
1629	40717	37354	1	4	f	2022-06-15 20:55:04.027+09
1630	40717	33227	0	2	t	2022-03-24 00:42:19.365+09
1631	40717	75955	4	2	t	2022-07-05 17:14:50.782+09
1632	23976	25136	2	5	t	2022-12-07 23:32:47.413+09
1633	23976	46835	3	3	f	2022-08-22 08:03:35.553+09
1634	23976	73885	1	5	t	2022-06-07 22:26:07.48+09
1635	23976	32923	3	3	f	2022-10-30 10:30:01.988+09
1636	23976	41472	3	0	f	2022-05-01 02:02:18.451+09
1637	23976	49578	5	1	f	2022-10-29 10:36:28.302+09
1638	23976	72786	3	1	f	2022-11-07 22:34:39.078+09
1639	23976	85709	5	4	t	2023-02-13 07:35:23.349+09
1640	23976	82331	5	3	t	2022-08-10 16:22:12.156+09
1641	23976	42384	2	4	t	2023-01-22 19:33:08.101+09
1642	23976	85620	4	2	t	2022-08-23 22:26:31.045+09
1643	23976	95235	1	1	f	2022-04-03 06:16:11.275+09
1644	23976	37354	5	5	f	2022-11-20 02:04:57.805+09
1645	23976	33227	2	2	f	2023-01-06 03:32:09.782+09
1646	23976	75955	5	0	t	2022-07-04 22:56:57.313+09
1647	23976	99960	4	1	t	2022-11-07 17:10:47.857+09
1648	23976	92415	2	3	f	2022-12-23 23:25:59.924+09
1649	23976	75480	1	5	t	2022-09-24 17:49:25.529+09
1650	23976	15893	1	5	f	2022-08-14 09:00:40.979+09
1651	23976	60803	1	0	t	2022-10-11 18:26:11.994+09
1652	23976	51155	1	5	f	2022-12-02 09:58:35.174+09
1653	23976	14347	4	1	t	2022-08-18 19:18:22.909+09
1654	23976	91664	3	4	t	2022-07-13 05:08:55.252+09
1655	23976	33328	5	0	t	2022-04-16 01:18:41.163+09
1656	23976	44925	3	1	t	2022-09-18 11:34:54.409+09
1657	23976	69511	5	1	t	2023-01-29 08:29:34.363+09
1658	23976	53607	2	4	f	2022-02-13 16:53:22.661+09
1659	58189	25136	2	4	f	2022-10-28 14:27:53.903+09
1660	58189	46835	0	2	f	2022-07-12 16:11:49.264+09
1661	58189	73885	3	5	t	2022-06-29 09:05:26.015+09
1662	58189	32923	5	0	f	2022-04-08 16:39:38.987+09
1663	58189	41472	3	3	t	2022-12-10 11:49:42.086+09
1664	58189	49578	0	0	f	2022-06-08 13:07:18.378+09
1665	58189	72786	1	4	f	2022-06-04 22:15:49.474+09
1666	58189	85709	2	0	f	2022-11-18 18:38:26.327+09
1667	58189	82331	4	2	f	2023-01-29 21:57:42.304+09
1668	58516	25136	4	1	f	2022-10-07 10:24:52.312+09
1669	58516	46835	0	3	f	2022-07-04 20:37:51.01+09
1670	58516	73885	4	4	f	2023-02-04 17:28:36.584+09
1671	58516	32923	4	5	f	2022-09-21 23:14:51.448+09
1672	58516	41472	3	2	t	2022-09-19 16:11:36.994+09
1673	58516	49578	5	5	t	2022-07-12 03:59:21.969+09
1674	58516	72786	0	4	t	2022-11-12 06:34:30.041+09
1675	58516	85709	4	0	f	2022-07-05 02:07:39.741+09
1676	58516	82331	4	1	f	2022-12-10 18:03:27.231+09
1677	14479	25136	1	1	t	2022-12-22 21:40:08.71+09
1678	14479	46835	2	2	f	2022-04-30 19:07:13.429+09
1679	14479	73885	3	5	f	2023-01-15 14:39:26.705+09
1680	14479	32923	3	0	f	2022-08-22 09:00:25.506+09
1681	14479	41472	1	0	t	2022-09-07 01:36:18.912+09
1682	14479	49578	0	5	t	2022-11-15 01:29:14.122+09
1683	14479	72786	4	3	f	2022-04-18 01:49:52.977+09
1684	14479	85709	0	0	f	2022-07-07 21:43:34.428+09
1685	14479	82331	2	2	f	2022-07-14 18:13:08.82+09
1686	36215	25136	0	0	f	2022-08-02 19:15:18.964+09
1687	36215	46835	1	1	f	2022-06-08 04:36:04.786+09
1688	36215	73885	5	0	t	2023-01-21 18:00:12.488+09
1689	36215	32923	5	2	t	2022-08-06 08:30:26.78+09
1690	36215	41472	1	5	t	2022-05-30 04:36:46.393+09
1691	36215	49578	4	3	f	2022-07-09 03:54:09.693+09
1692	36215	72786	5	0	t	2022-08-15 01:40:44.678+09
1693	36215	85709	5	5	f	2022-04-28 18:58:57.176+09
1694	36215	82331	3	0	t	2022-03-24 19:24:38.657+09
1695	36215	42384	0	0	f	2022-05-14 12:33:30.334+09
1696	71022	25136	1	5	t	2023-01-03 19:48:26.435+09
1697	71022	46835	1	2	f	2022-05-07 06:08:30.046+09
1698	71022	73885	1	3	f	2022-11-22 11:14:26.024+09
1699	71022	32923	5	4	f	2022-11-23 04:02:47.076+09
1700	71022	41472	0	1	f	2022-05-21 01:42:09.559+09
1701	71022	49578	3	1	t	2022-08-28 16:21:56.767+09
1702	71022	72786	3	0	t	2022-07-28 22:24:22.086+09
1703	71022	85709	5	2	f	2022-07-15 14:29:46.329+09
1704	71022	82331	2	2	t	2022-05-29 10:46:49.022+09
1705	71022	42384	0	5	f	2022-03-14 15:20:21.939+09
1706	71022	85620	1	1	f	2022-09-11 14:08:46.41+09
1707	71022	95235	3	0	f	2023-02-09 07:20:21.488+09
1708	71022	37354	5	2	f	2022-07-04 20:53:54.06+09
1709	71022	33227	2	2	t	2022-09-28 22:54:20.615+09
1710	62125	25136	1	0	f	2022-10-16 20:18:54.75+09
1711	75893	25136	0	1	t	2022-03-25 06:55:09.33+09
1712	75893	46835	5	1	t	2022-03-10 06:04:21.879+09
1713	75893	73885	5	3	f	2022-10-10 05:55:20.499+09
1714	75893	32923	2	2	f	2022-10-13 09:09:45.316+09
1715	75893	41472	0	5	t	2022-06-27 15:53:16.237+09
1716	75893	49578	5	3	f	2022-06-10 11:27:32.558+09
1717	75893	72786	2	4	t	2022-12-04 13:04:57.998+09
1718	75893	85709	3	4	t	2022-08-31 02:03:19.429+09
1719	75893	82331	0	3	t	2022-05-25 23:52:09.643+09
1720	75893	42384	5	2	f	2022-12-22 05:16:49.312+09
1721	75893	85620	4	0	f	2022-07-12 17:11:32.56+09
1722	75893	95235	2	2	f	2022-05-18 14:03:53.303+09
1723	75893	37354	4	0	f	2022-12-03 21:39:54.46+09
1724	75893	33227	0	5	f	2022-12-05 10:42:58.25+09
1725	75893	75955	5	0	f	2022-10-20 16:50:14.773+09
1726	75893	99960	1	1	t	2022-12-07 07:21:56.816+09
1727	75893	92415	4	5	t	2022-03-14 14:05:28.102+09
1728	75893	75480	3	2	t	2022-09-05 02:22:54.543+09
1729	75893	15893	3	2	t	2022-05-26 20:28:42.731+09
1730	75893	60803	4	1	t	2022-03-15 10:51:25.671+09
1731	75893	51155	4	0	t	2022-08-04 14:37:03.121+09
1732	75893	14347	4	2	f	2022-09-27 18:04:09.462+09
1733	75893	91664	3	1	f	2022-11-18 02:42:40.515+09
1734	75893	33328	5	3	f	2022-09-04 22:50:09.224+09
1735	75893	44925	0	3	t	2022-03-07 22:25:50.619+09
1736	75893	69511	3	1	f	2022-07-17 17:53:03.855+09
1737	75893	53607	5	2	t	2022-04-27 22:09:54.311+09
1738	75893	46868	5	5	t	2022-10-21 02:40:11.202+09
1739	75893	20834	4	3	f	2023-01-18 05:43:51.496+09
1740	75893	51205	5	2	t	2022-09-23 06:50:42.319+09
1741	27332	25136	1	4	f	2022-03-14 07:55:10.664+09
1742	27332	46835	3	2	f	2022-02-18 17:27:18.888+09
1743	27332	73885	1	4	f	2022-02-25 18:08:12.264+09
1744	27332	32923	1	1	f	2022-10-20 04:35:46.282+09
1745	27332	41472	5	3	f	2022-10-11 08:43:40.987+09
1746	27332	49578	5	1	f	2022-06-05 11:05:30.571+09
1747	76848	25136	2	1	f	2023-01-16 12:41:26.859+09
1748	76848	46835	1	3	t	2023-01-14 05:02:15.384+09
1749	76848	73885	3	5	f	2022-10-02 04:38:13.802+09
1750	76848	32923	5	3	t	2022-12-11 23:17:29.462+09
1751	76848	41472	3	3	f	2022-08-13 03:49:22.657+09
1752	76848	49578	5	0	f	2022-03-22 12:53:38.141+09
1753	76848	72786	3	0	t	2022-03-29 10:46:46.486+09
1754	76848	85709	5	1	f	2022-03-30 09:49:11.781+09
1755	76848	82331	2	3	t	2022-03-22 12:41:15.765+09
1756	76848	42384	5	5	t	2022-12-16 13:27:48.494+09
1757	76848	85620	0	0	t	2022-12-08 20:01:43.87+09
1758	76848	95235	5	1	f	2022-11-25 17:40:11.287+09
1759	76848	37354	1	5	f	2022-07-22 01:07:53.384+09
1760	76848	33227	3	0	f	2022-09-26 17:21:29.336+09
1761	76848	75955	4	3	t	2022-08-29 18:36:59.186+09
1762	76848	99960	4	3	f	2022-12-07 20:50:26.52+09
1763	76848	92415	3	3	t	2022-12-24 19:43:27.393+09
1764	76848	75480	0	3	f	2022-06-22 17:08:29.013+09
1765	76848	15893	4	4	t	2022-06-06 21:27:47.48+09
1766	76848	60803	3	1	f	2022-11-10 05:29:55.042+09
1767	76848	51155	4	5	t	2022-05-24 08:11:56.686+09
1768	76848	14347	2	3	t	2022-10-30 03:33:59.481+09
1769	76848	91664	1	5	t	2022-10-22 22:19:02.955+09
1770	76848	33328	1	5	t	2022-03-16 06:04:57.803+09
1771	76848	44925	2	5	f	2023-01-11 23:52:34.284+09
1772	76848	69511	4	5	f	2022-12-19 19:24:44.749+09
1773	76848	53607	0	2	t	2022-11-02 15:09:58.402+09
1774	76848	46868	1	4	t	2022-12-22 05:12:16.257+09
1775	76848	20834	0	1	f	2022-11-27 23:57:58.647+09
1776	36220	25136	0	2	f	2022-06-08 20:29:32.405+09
1777	36220	46835	1	0	f	2022-05-16 16:19:43.773+09
1778	36220	73885	5	0	t	2022-10-30 06:51:50.133+09
1779	36220	32923	0	5	t	2022-07-09 12:53:28.114+09
1780	36220	41472	5	0	f	2022-12-18 11:41:16.835+09
1781	36220	49578	5	0	t	2023-01-16 04:57:33.848+09
1782	36220	72786	0	2	f	2022-08-17 08:00:58.646+09
1783	36220	85709	4	0	f	2022-06-01 17:22:56.786+09
1784	36220	82331	3	3	t	2022-06-05 21:25:18.934+09
1785	36220	42384	1	0	t	2022-09-22 20:25:27.014+09
1786	36220	85620	3	4	t	2022-06-28 10:14:50.416+09
1787	36220	95235	3	3	t	2022-05-22 03:50:27.456+09
1788	36220	37354	2	4	f	2022-08-11 20:57:39.276+09
1789	36220	33227	2	3	f	2022-04-28 08:18:10.147+09
1790	36220	75955	0	3	t	2022-07-06 06:52:38.594+09
1791	36220	99960	5	0	f	2022-04-08 13:08:03.834+09
1792	36220	92415	3	3	f	2022-07-22 14:55:41.888+09
1793	36220	75480	4	0	t	2022-11-08 11:17:29.249+09
1794	36220	15893	0	4	f	2022-10-16 10:14:52.115+09
1795	36220	60803	3	3	f	2022-03-17 03:17:03.674+09
1796	36220	51155	3	2	f	2022-04-26 02:01:48.592+09
1797	36220	14347	4	5	f	2022-10-19 09:42:14.524+09
1798	36220	91664	3	1	f	2023-01-10 16:32:19.972+09
1799	36220	33328	2	2	t	2022-11-03 08:37:13.018+09
1800	36220	44925	3	3	t	2023-01-28 01:10:24.181+09
1801	36220	69511	2	4	t	2022-06-30 09:05:48.271+09
1802	97267	25136	4	4	f	2022-03-13 14:58:28.453+09
1803	97267	46835	1	3	f	2023-02-10 10:45:56.225+09
1804	97267	73885	4	1	t	2022-10-29 01:24:49.438+09
1805	97267	32923	4	1	f	2022-10-27 04:10:01.943+09
1806	97267	41472	1	3	t	2022-09-12 15:53:54.7+09
1807	97267	49578	5	2	f	2022-12-03 02:09:12.924+09
1808	97267	72786	2	3	f	2022-05-07 07:37:12.269+09
1809	97267	85709	5	1	t	2022-09-01 22:28:19.917+09
1810	97267	82331	5	5	t	2022-06-29 19:35:37.387+09
1811	97267	42384	0	3	t	2022-08-11 17:55:30.247+09
1812	97267	85620	1	5	f	2022-05-24 16:31:55.227+09
1813	97267	95235	1	5	t	2022-10-27 00:11:38.097+09
1814	97267	37354	0	5	t	2023-02-12 23:53:09.603+09
1815	97267	33227	5	3	t	2022-08-27 10:07:27.274+09
1816	97267	75955	0	3	t	2022-09-14 08:15:34.291+09
1817	97267	99960	3	0	f	2022-02-21 12:23:02.025+09
1818	97267	92415	5	1	t	2022-04-04 05:23:55.67+09
1819	47213	25136	3	0	f	2022-05-06 09:24:24.326+09
1820	47213	46835	3	2	t	2022-11-26 05:38:38.507+09
1821	47213	73885	1	5	t	2022-04-15 21:26:19.356+09
1822	47213	32923	3	0	f	2022-06-29 07:22:06.594+09
1823	47213	41472	2	1	f	2022-02-24 08:56:02.414+09
1824	47213	49578	4	0	f	2022-08-05 00:09:07.435+09
1825	47213	72786	2	5	t	2023-02-03 00:22:06.09+09
1826	47213	85709	3	1	f	2022-09-05 10:02:17.466+09
1827	47213	82331	3	0	t	2022-07-03 14:23:46.733+09
1828	47213	42384	1	0	f	2022-12-02 12:25:17.134+09
1829	47213	85620	2	4	t	2022-08-27 06:05:49.613+09
1830	47213	95235	1	0	t	2022-07-10 18:18:05.1+09
1831	13409	25136	0	5	t	2022-05-16 10:08:27.991+09
1832	13409	46835	0	2	f	2022-11-09 15:21:59.995+09
1833	13409	73885	1	4	t	2023-01-12 21:35:53.871+09
1834	94041	25136	5	0	f	2022-03-15 20:46:07.85+09
1835	94041	46835	5	2	f	2023-01-26 02:45:13.966+09
1836	94041	73885	4	1	f	2022-12-12 06:10:58.995+09
1837	94041	32923	5	0	t	2023-02-11 15:57:32.398+09
1838	94041	41472	3	1	f	2022-09-06 22:55:47.208+09
1839	94041	49578	4	3	f	2022-02-18 03:40:41.283+09
1840	94041	72786	4	5	f	2023-01-11 14:08:13.417+09
1841	94041	85709	5	4	t	2022-02-14 22:42:44.862+09
1842	94041	82331	2	0	t	2022-12-25 12:54:55.43+09
1843	94041	42384	5	4	f	2022-09-01 18:26:40.634+09
1844	94041	85620	2	1	f	2022-12-20 02:49:48.586+09
1845	94041	95235	2	5	t	2022-06-16 03:44:01.785+09
1846	94041	37354	2	4	f	2022-04-07 13:01:53.227+09
1847	94041	33227	3	0	t	2022-06-30 02:15:26.031+09
1848	94041	75955	2	4	t	2022-12-07 00:14:04.547+09
1849	94041	99960	5	4	f	2022-12-31 05:25:33.088+09
1850	94041	92415	2	3	t	2022-03-29 07:25:56.934+09
1851	94041	75480	0	4	t	2023-01-14 02:13:59.397+09
1852	94041	15893	5	5	f	2022-12-10 05:07:35.887+09
1853	94041	60803	1	0	f	2023-01-23 11:14:48.575+09
1854	48768	25136	5	3	t	2022-11-05 16:35:28.557+09
1855	48768	46835	0	5	f	2023-01-26 12:11:59.173+09
1856	48768	73885	0	0	f	2022-09-17 19:51:40.033+09
1857	48768	32923	3	4	f	2022-08-11 22:16:46.518+09
1858	48768	41472	5	5	t	2022-08-04 13:25:01.151+09
1859	48768	49578	1	3	f	2023-02-05 16:52:40.68+09
1860	48768	72786	0	5	t	2022-11-05 16:25:27.019+09
1861	48768	85709	4	0	f	2022-07-26 17:53:45.718+09
1862	48768	82331	5	0	t	2022-07-16 07:21:28.809+09
1863	48768	42384	0	2	f	2022-09-12 11:55:58.153+09
1864	48768	85620	2	2	t	2022-10-10 03:26:58.542+09
1865	48768	95235	5	4	t	2022-08-10 09:17:04.693+09
1866	48768	37354	1	3	f	2022-08-02 13:09:29.25+09
1867	48768	33227	5	4	t	2023-01-17 08:07:09.957+09
1868	48768	75955	5	2	t	2022-12-21 15:56:30.898+09
1869	65430	25136	3	5	t	2023-01-17 02:12:21.696+09
1870	65430	46835	1	2	t	2022-07-22 06:28:47.194+09
1871	65430	73885	1	5	f	2022-11-26 21:17:02.045+09
1872	65430	32923	2	5	t	2022-04-16 17:50:39.005+09
1873	65430	41472	1	3	f	2022-03-15 22:00:34.989+09
1874	65430	49578	1	4	t	2022-11-08 17:34:21.841+09
1875	65430	72786	3	1	f	2022-09-11 01:58:43.94+09
1876	65430	85709	2	5	t	2022-12-16 13:13:38.396+09
1877	65430	82331	4	0	t	2022-03-24 14:57:03.62+09
1878	65430	42384	4	3	t	2022-03-29 09:07:52.923+09
1879	65430	85620	4	3	t	2022-05-08 19:17:22.82+09
1880	65430	95235	3	2	f	2022-12-30 17:34:26.356+09
1881	65430	37354	0	5	t	2022-04-24 17:00:10.436+09
1882	65430	33227	2	1	t	2022-11-02 22:08:53.291+09
1883	65430	75955	1	0	f	2023-01-01 06:46:31.218+09
1884	65430	99960	0	4	t	2023-01-02 22:30:30.354+09
1885	65430	92415	3	3	f	2022-05-27 10:56:59.343+09
1886	65430	75480	1	5	t	2022-10-06 02:53:52.23+09
1887	65430	15893	0	0	f	2022-08-01 16:38:48.031+09
1888	43641	25136	0	2	t	2022-08-23 13:51:01.323+09
1889	43641	46835	1	5	f	2022-10-27 18:36:07.645+09
1890	43641	73885	2	2	f	2022-07-29 11:28:37.011+09
1891	43641	32923	1	5	t	2022-06-12 09:05:08.82+09
1892	43641	41472	3	3	f	2022-05-15 10:13:20.431+09
1893	43641	49578	2	5	t	2022-05-28 14:14:44.598+09
1894	43641	72786	5	2	f	2022-04-06 16:34:46.874+09
1895	43641	85709	0	1	f	2022-11-11 13:48:23.086+09
1896	43641	82331	2	1	t	2022-11-16 17:52:03.138+09
1897	43641	42384	1	3	t	2023-01-27 19:44:31.332+09
1898	43641	85620	3	3	f	2022-11-24 23:29:06.792+09
1899	43641	95235	2	2	f	2022-06-21 21:33:24.843+09
1900	83961	25136	0	1	t	2022-09-24 20:52:07.139+09
1901	83961	46835	3	5	f	2022-12-27 23:57:39.595+09
1902	83961	73885	5	2	f	2022-05-19 18:38:57.969+09
1903	83961	32923	2	4	t	2022-04-02 12:00:07.036+09
1904	83961	41472	1	4	f	2022-08-04 23:08:11.391+09
1905	83961	49578	2	0	f	2022-03-07 11:18:25.089+09
1906	83961	72786	5	0	f	2023-02-12 00:49:20.178+09
1907	83961	85709	4	3	t	2022-08-06 11:36:16.747+09
1908	83961	82331	5	5	f	2022-12-25 22:23:42.723+09
1909	83961	42384	0	1	f	2023-02-12 13:37:15.556+09
1910	83961	85620	5	0	t	2022-09-04 07:21:07.81+09
1911	76417	25136	5	0	t	2022-06-19 21:34:49.76+09
1912	76417	46835	4	3	f	2022-08-20 07:59:18.75+09
1913	76417	73885	1	0	t	2022-12-05 06:09:17.746+09
1914	76417	32923	3	5	f	2022-08-08 20:53:53.876+09
1915	76417	41472	1	3	f	2022-04-27 22:16:33.313+09
1916	76417	49578	2	1	f	2022-11-19 03:48:59.185+09
1917	76417	72786	2	5	t	2022-05-15 16:41:01.488+09
1918	76417	85709	5	1	t	2022-05-31 20:02:16.329+09
1919	76417	82331	4	2	t	2022-03-08 01:11:45.8+09
1920	76417	42384	3	3	f	2022-10-16 11:56:10.731+09
1921	76417	85620	0	3	f	2022-09-23 14:40:52.686+09
1922	76417	95235	5	1	f	2022-03-24 10:05:46.245+09
1923	76417	37354	4	0	t	2022-08-06 14:14:43.862+09
1924	76417	33227	1	5	f	2022-03-04 18:58:20.372+09
1925	76417	75955	0	0	t	2022-04-21 12:16:32.522+09
1926	76417	99960	2	0	f	2022-10-02 14:14:08.857+09
1927	76417	92415	1	3	t	2022-07-06 05:12:16.943+09
1928	76417	75480	2	3	f	2022-03-22 23:12:23.359+09
1929	76417	15893	0	4	f	2022-04-01 20:25:01.203+09
1930	35339	25136	4	3	t	2022-10-27 14:17:50.253+09
1931	35339	46835	1	0	t	2022-12-11 17:02:01.435+09
1932	35339	73885	4	3	t	2022-08-14 19:20:41.349+09
1933	35339	32923	5	4	t	2022-08-11 06:29:10.403+09
1934	35339	41472	1	0	f	2022-07-06 02:27:03.271+09
1935	35339	49578	4	0	f	2022-05-01 18:02:45.133+09
1936	50521	25136	2	3	f	2023-01-04 15:56:52.215+09
1937	50521	46835	4	1	t	2022-04-22 13:53:52.328+09
1938	50521	73885	0	4	f	2022-02-22 19:14:38.337+09
1939	50521	32923	2	3	t	2022-11-11 21:50:43.786+09
1940	50521	41472	1	3	f	2022-04-28 02:52:32.974+09
1941	50521	49578	2	1	f	2022-05-29 13:29:47.254+09
1942	73386	25136	3	1	f	2022-04-05 04:40:25.182+09
1943	73386	46835	4	5	f	2022-07-27 19:44:47.222+09
1944	73386	73885	5	1	f	2022-06-23 11:43:02.038+09
1945	73386	32923	1	3	t	2022-06-10 11:49:14.796+09
1946	73386	41472	0	3	t	2022-04-30 13:30:09.368+09
1947	73386	49578	1	1	f	2022-04-29 02:46:02.754+09
1948	73386	72786	1	5	f	2022-08-01 20:29:21.28+09
1949	73386	85709	1	3	t	2022-06-02 18:57:15.284+09
1950	73386	82331	3	0	f	2022-09-26 04:12:40.675+09
1951	73386	42384	1	4	t	2022-10-17 02:38:30.15+09
1952	73386	85620	2	1	f	2022-04-12 23:33:42.921+09
1953	87699	25136	4	5	f	2022-03-16 20:45:01.87+09
1954	87699	46835	1	5	f	2022-02-14 00:00:56.869+09
1955	87699	73885	3	0	t	2022-04-18 17:26:32.575+09
1956	87699	32923	5	0	t	2022-05-30 21:22:53.482+09
1957	87699	41472	0	2	t	2022-12-26 20:34:08.632+09
1958	87699	49578	5	0	f	2022-02-17 23:38:58.902+09
1959	87699	72786	1	0	t	2022-06-27 01:24:08.567+09
1960	87699	85709	5	1	t	2022-03-29 11:27:31.394+09
1961	87699	82331	3	0	t	2022-11-16 15:31:40.876+09
1962	87699	42384	2	2	t	2022-12-05 04:38:34.818+09
1963	87699	85620	2	2	f	2022-12-16 16:31:51.862+09
1964	87699	95235	3	5	t	2022-03-14 12:57:23.202+09
1965	87699	37354	1	0	f	2022-08-06 20:14:08.078+09
1966	87699	33227	0	5	t	2022-08-08 11:17:02.608+09
1967	87699	75955	2	3	t	2022-04-09 07:44:23.672+09
1968	87699	99960	4	2	t	2022-04-13 21:15:17.516+09
1969	87699	92415	2	0	f	2022-05-17 18:10:16.201+09
1970	87699	75480	2	5	f	2022-09-25 09:34:33.277+09
1971	87699	15893	3	2	f	2023-01-15 09:47:26.64+09
1972	87699	60803	2	0	f	2022-03-31 03:27:03.812+09
1973	87699	51155	2	2	t	2022-10-04 12:38:22.425+09
1974	87699	14347	5	3	t	2022-09-17 01:59:36.114+09
1975	87699	91664	4	4	t	2022-09-11 14:48:12.114+09
1976	87699	33328	5	5	t	2022-10-19 21:08:10.925+09
1977	87699	44925	3	1	t	2022-08-01 23:35:36.549+09
1978	87699	69511	4	3	t	2022-06-08 16:02:10.307+09
1979	71422	25136	2	3	t	2022-12-27 21:54:07.646+09
1980	71422	46835	5	0	t	2022-05-07 12:36:44.747+09
1981	71422	73885	1	1	f	2022-12-02 23:34:57.322+09
1982	71422	32923	4	3	f	2022-03-06 16:20:15.65+09
1983	71422	41472	1	3	f	2022-09-22 23:15:07.647+09
1984	71422	49578	0	0	f	2022-09-29 01:08:44.252+09
1985	71422	72786	2	0	t	2022-11-14 16:25:55.63+09
1986	71422	85709	2	2	f	2022-08-09 02:09:36.869+09
1987	71422	82331	2	4	f	2022-03-13 01:13:35.444+09
1988	71422	42384	2	4	t	2023-02-12 10:11:10.964+09
1989	71422	85620	5	4	t	2023-02-12 16:06:47.209+09
1990	71422	95235	2	0	f	2022-12-19 06:03:12.727+09
1991	71422	37354	0	1	t	2022-04-07 01:29:56.933+09
1992	71422	33227	5	4	t	2022-06-17 09:39:59.881+09
1993	71422	75955	2	0	f	2023-01-22 10:50:23.041+09
1994	25383	25136	4	4	t	2022-04-05 05:33:17.075+09
1995	25383	46835	5	3	t	2022-06-29 00:24:30.462+09
1996	25383	73885	5	0	f	2022-07-25 06:48:27.126+09
1997	25383	32923	3	2	t	2022-05-10 23:53:04.683+09
1998	25383	41472	4	1	f	2022-09-20 11:47:56.112+09
1999	43070	25136	4	3	t	2022-12-01 11:38:39.963+09
2000	43070	46835	0	0	f	2022-10-18 07:14:37.586+09
2001	43070	73885	4	5	t	2022-02-28 19:00:15.24+09
2002	43070	32923	0	1	t	2022-05-03 19:05:43.622+09
2003	43070	41472	5	0	f	2022-04-27 11:36:08.025+09
2004	43070	49578	4	5	t	2022-07-08 22:34:09.602+09
2005	43070	72786	3	5	f	2022-06-14 04:09:48.839+09
2006	43070	85709	5	0	f	2022-03-31 16:16:21.353+09
2007	43070	82331	1	0	f	2022-09-05 10:23:26.868+09
2008	55353	25136	3	1	t	2023-01-24 01:40:36.985+09
2009	55353	46835	1	1	t	2022-06-16 04:46:20.867+09
2010	55353	73885	0	1	t	2022-08-04 23:51:46.791+09
2011	55353	32923	1	4	t	2022-08-22 14:06:43.447+09
2012	55353	41472	5	1	t	2022-06-02 19:14:37.669+09
2013	55353	49578	3	0	f	2023-01-13 18:33:32.793+09
2014	55353	72786	2	5	t	2022-10-26 07:03:11.282+09
2015	55353	85709	4	1	f	2022-12-23 12:34:49.734+09
2016	55353	82331	5	3	f	2022-02-14 19:46:31.221+09
2017	55353	42384	4	0	t	2022-07-16 22:27:54.321+09
2018	57301	25136	5	1	t	2022-09-05 03:09:27.348+09
2019	57301	46835	5	2	f	2022-02-18 00:07:35.677+09
2020	57301	73885	2	5	f	2022-05-30 21:13:59.686+09
2021	57301	32923	0	1	f	2022-12-07 08:41:47.579+09
2022	57301	41472	0	0	t	2022-05-15 23:12:00.338+09
2023	57301	49578	2	5	t	2022-08-04 15:58:10.87+09
2024	59140	25136	4	5	f	2022-12-06 12:59:13.067+09
2025	59140	46835	1	0	f	2022-11-24 17:15:23.513+09
2026	59140	73885	5	3	t	2022-08-03 23:06:50.491+09
2027	59140	32923	2	2	f	2022-05-21 09:10:12.203+09
2028	59140	41472	5	0	t	2022-12-11 00:23:49.843+09
2029	59140	49578	0	3	t	2022-11-25 02:00:08.354+09
2030	59140	72786	4	0	f	2022-07-18 19:43:36.033+09
2031	59140	85709	5	1	f	2022-12-08 12:05:18.087+09
2032	59140	82331	1	0	t	2022-09-29 02:46:17.129+09
2033	59140	42384	1	5	f	2022-05-19 12:51:16.214+09
2034	59140	85620	2	3	t	2022-05-31 04:30:31.035+09
2035	59140	95235	1	2	t	2022-02-25 13:52:28.883+09
2036	59140	37354	3	1	t	2023-01-18 12:34:39.987+09
2037	59140	33227	3	3	t	2022-07-27 22:00:54.014+09
2038	59140	75955	2	0	f	2022-11-17 15:42:05.675+09
2039	60907	25136	3	5	f	2022-08-20 23:23:46.156+09
2040	60907	46835	0	4	t	2022-11-27 09:23:13.784+09
2041	60907	73885	2	1	f	2022-07-21 23:18:31.431+09
2042	60907	32923	0	2	f	2023-02-11 05:27:01.409+09
2043	60907	41472	1	1	t	2022-12-05 20:38:05.115+09
2044	60907	49578	5	2	f	2023-02-01 01:49:11.034+09
2045	60907	72786	3	3	t	2022-06-08 22:14:12.597+09
2046	60907	85709	0	5	t	2022-03-05 11:54:32.456+09
2047	84167	25136	2	2	t	2022-09-08 22:52:12.461+09
2048	84167	46835	3	2	t	2022-07-29 20:31:08.064+09
2049	84167	73885	5	5	f	2022-11-06 07:36:59.215+09
2050	84167	32923	2	2	f	2022-08-22 22:53:07.971+09
2051	84167	41472	4	1	f	2022-05-25 07:50:22.357+09
2052	84167	49578	1	0	f	2022-08-26 23:02:10.392+09
2053	77436	25136	2	5	t	2022-10-21 03:19:54.976+09
2054	77436	46835	2	2	f	2022-04-15 21:44:43.889+09
2055	77436	73885	5	3	t	2022-06-25 13:46:45.433+09
2056	77436	32923	3	4	t	2022-06-07 10:29:15.936+09
2057	77436	41472	4	3	t	2022-12-16 22:10:12.044+09
2058	77436	49578	1	1	t	2022-10-23 23:09:35.031+09
2059	77436	72786	4	3	f	2022-05-16 04:37:51.514+09
2060	77436	85709	0	1	t	2022-11-04 22:33:21.037+09
2061	77436	82331	0	4	f	2022-07-10 10:26:57.493+09
2062	77436	42384	0	5	t	2022-04-07 13:31:20.381+09
2063	77436	85620	5	4	f	2022-06-27 06:07:53.275+09
2064	77436	95235	2	1	f	2022-05-04 08:06:58.603+09
2065	77436	37354	5	4	f	2023-01-30 22:25:23.212+09
2066	77436	33227	5	5	f	2022-11-17 06:22:02.032+09
2067	77436	75955	5	4	t	2022-10-17 07:57:51.936+09
2068	77436	99960	5	2	t	2022-11-17 15:33:07.335+09
2069	77436	92415	4	2	f	2022-04-07 05:32:31.829+09
2070	77436	75480	5	2	f	2023-01-24 00:57:24.846+09
2071	77436	15893	1	2	t	2022-04-02 17:47:39.641+09
2072	77436	60803	2	1	t	2022-04-03 03:49:29.685+09
2073	77436	51155	2	3	t	2022-09-09 07:34:50.078+09
2074	77436	14347	1	1	t	2022-11-17 01:05:38.685+09
2075	77436	91664	4	5	t	2022-05-07 07:29:36.1+09
2076	77436	33328	1	4	f	2022-06-11 13:54:43.748+09
2077	77436	44925	5	3	f	2023-02-07 13:24:35.061+09
2078	77436	69511	0	3	f	2022-03-07 10:23:35.988+09
2079	77436	53607	2	4	f	2022-02-25 01:55:59.357+09
2080	77436	46868	0	0	t	2022-11-04 14:00:04.927+09
2081	55595	25136	0	0	f	2022-08-04 02:45:37.306+09
2082	55595	46835	4	2	t	2022-06-25 00:59:17.729+09
2083	55595	73885	5	1	f	2022-10-23 23:33:05.6+09
2084	55595	32923	3	5	t	2022-09-24 15:13:51.803+09
2085	55595	41472	4	1	t	2022-11-17 12:44:28.336+09
2086	55595	49578	1	2	t	2022-08-11 08:36:08.53+09
2087	55595	72786	1	2	f	2022-04-22 17:41:33.526+09
2088	55595	85709	5	3	f	2022-05-29 06:05:28.772+09
2089	55595	82331	4	5	f	2022-04-18 23:03:29.353+09
2090	55595	42384	5	5	f	2022-05-17 13:23:04.271+09
2091	55595	85620	5	4	f	2022-06-20 04:04:35.515+09
2092	55595	95235	1	2	f	2022-09-18 18:20:47.568+09
2093	55595	37354	2	0	t	2022-06-27 07:43:20.028+09
2094	55595	33227	2	1	t	2022-04-06 06:04:58.706+09
2095	55595	75955	4	2	f	2023-01-30 06:22:18.439+09
2096	55595	99960	4	4	f	2022-06-01 02:27:45.667+09
2097	55595	92415	0	1	t	2022-09-05 20:54:01.735+09
2098	55595	75480	1	1	t	2022-12-31 22:51:22.987+09
2099	55595	15893	2	4	t	2022-12-03 06:45:42.279+09
2100	55595	60803	0	3	f	2022-08-22 14:08:34.18+09
2101	55595	51155	3	2	t	2022-03-30 05:35:04.587+09
2102	55595	14347	0	0	f	2022-10-20 04:25:16.968+09
2103	55595	91664	3	4	t	2022-07-05 01:01:20.221+09
2104	55595	33328	1	5	f	2022-05-07 10:13:34.657+09
2105	55595	44925	3	0	f	2022-08-21 12:39:24.863+09
2106	55595	69511	5	3	t	2023-02-01 07:53:13.65+09
2107	55595	53607	5	3	f	2022-10-09 10:11:38.305+09
2108	52466	25136	5	0	f	2022-03-10 12:23:10.499+09
2109	52466	46835	0	5	f	2022-12-01 11:19:07.813+09
2110	52466	73885	2	3	f	2022-04-24 19:56:37.619+09
2111	52466	32923	0	3	f	2022-06-09 08:01:06.563+09
2112	52466	41472	3	1	t	2022-07-28 00:32:59.787+09
2113	52466	49578	5	1	f	2023-01-30 07:25:19.682+09
2114	52466	72786	4	5	f	2022-09-26 02:06:58.139+09
2115	52466	85709	5	0	f	2022-03-09 22:58:15.447+09
2116	52466	82331	1	2	f	2022-08-01 05:26:45.54+09
2117	52466	42384	5	0	f	2022-08-09 07:51:42.071+09
2118	52466	85620	3	5	t	2022-11-24 10:51:20.5+09
2119	52466	95235	4	2	t	2022-09-23 01:07:34.259+09
2120	52466	37354	5	3	t	2022-07-22 14:06:23.988+09
2121	52466	33227	0	0	f	2022-10-01 08:27:34.302+09
2122	52466	75955	5	2	f	2022-04-23 00:45:09.062+09
2123	52466	99960	1	0	t	2022-06-22 00:06:27.241+09
2124	52466	92415	2	2	f	2022-12-26 09:29:35.782+09
2125	52466	75480	2	2	f	2022-04-30 20:41:10.149+09
2126	52466	15893	5	0	f	2023-01-28 14:50:07.763+09
2127	52466	60803	5	1	f	2022-11-25 13:29:03.714+09
2128	57011	25136	4	3	f	2022-11-16 16:43:02.089+09
2129	57011	46835	4	2	t	2022-11-23 03:54:28.27+09
2130	57011	73885	5	0	t	2022-04-15 09:34:21.881+09
2131	57011	32923	2	3	f	2022-06-27 13:49:27.234+09
2132	57011	41472	2	3	t	2022-10-11 06:52:07.516+09
2133	57011	49578	5	4	f	2023-01-18 08:09:31.185+09
2134	25740	25136	5	4	f	2022-08-17 15:25:24.598+09
2135	25740	46835	2	0	f	2023-02-10 17:08:52.525+09
2136	25740	73885	4	5	f	2022-06-27 03:38:26.888+09
2137	25740	32923	2	0	t	2022-05-06 01:26:47.285+09
2138	25740	41472	4	3	f	2022-02-20 14:03:31.602+09
2139	25740	49578	1	5	t	2023-02-08 10:39:40.069+09
2140	25740	72786	1	5	t	2023-02-02 07:07:13.322+09
2141	65765	25136	4	0	t	2023-02-10 19:03:08.614+09
2142	65765	46835	5	2	f	2022-02-19 10:11:41.757+09
2143	65765	73885	5	2	f	2022-03-19 03:18:42.036+09
2144	65765	32923	5	1	f	2023-02-09 06:19:35.85+09
2145	65765	41472	3	5	f	2022-12-27 19:29:31.863+09
2146	65765	49578	2	4	t	2022-08-20 12:55:51.049+09
2147	65765	72786	0	3	t	2022-07-30 05:23:08.305+09
2148	65765	85709	3	5	t	2022-06-29 10:34:50.212+09
2149	65765	82331	2	4	f	2023-01-07 08:05:52.727+09
2150	65765	42384	3	3	f	2022-06-24 09:46:46.443+09
2151	65765	85620	5	5	t	2022-05-02 23:18:14.308+09
2152	65765	95235	5	3	f	2022-04-19 02:49:26.295+09
2153	65765	37354	2	2	t	2022-04-01 00:39:29.825+09
2154	65765	33227	4	5	t	2022-10-04 04:14:23.247+09
2155	65765	75955	5	3	t	2022-04-12 12:06:11.7+09
2156	65765	99960	5	1	t	2022-03-04 23:29:51.179+09
2157	65765	92415	2	4	f	2022-12-06 19:15:06.333+09
2158	65765	75480	4	3	t	2022-05-16 12:03:56.67+09
2159	65765	15893	0	5	f	2022-06-27 22:30:49.311+09
2160	65765	60803	3	4	f	2022-12-22 10:54:03.104+09
2161	65765	51155	0	3	f	2022-11-03 21:00:18.537+09
2162	65765	14347	3	4	t	2022-12-04 01:33:55.665+09
2163	65765	91664	2	5	f	2022-10-06 23:07:27.14+09
2164	65765	33328	1	2	t	2022-11-02 04:48:52.812+09
2165	65765	44925	2	0	f	2022-12-10 09:08:12.842+09
2166	65765	69511	2	5	f	2022-03-17 03:50:10.54+09
2167	65765	53607	0	3	f	2022-12-25 09:32:24.038+09
2168	65765	46868	1	0	t	2022-10-05 05:47:32.966+09
2169	65765	20834	0	3	f	2022-11-25 21:50:29.874+09
2170	65765	51205	0	3	f	2022-12-03 03:51:04.194+09
2171	30587	25136	5	5	f	2022-12-08 16:15:43.047+09
2172	30587	46835	3	3	f	2022-06-29 04:53:29.572+09
2173	30587	73885	5	1	f	2022-11-08 12:11:49.577+09
2174	30587	32923	4	3	f	2023-01-23 19:35:34.308+09
2175	30587	41472	5	0	f	2022-04-27 06:06:44.643+09
2176	30587	49578	3	5	f	2022-09-04 19:44:31.581+09
2177	30587	72786	2	4	t	2022-10-20 12:08:15.748+09
2178	30587	85709	1	0	f	2022-10-05 07:18:58.95+09
2179	30587	82331	3	2	f	2022-07-01 11:31:51.86+09
2180	30587	42384	4	2	f	2022-09-10 13:54:55.772+09
2181	30587	85620	5	0	t	2022-12-11 16:18:32.996+09
2182	30587	95235	0	5	f	2022-09-26 13:48:22.814+09
2183	30587	37354	0	3	f	2022-10-15 18:40:00.579+09
2184	30587	33227	0	3	f	2022-10-16 21:57:00.875+09
2185	30587	75955	5	2	t	2022-02-18 12:02:53.849+09
2186	30587	99960	0	1	t	2023-01-12 16:03:54.226+09
2187	30587	92415	4	3	f	2022-09-18 03:54:33.395+09
2188	30587	75480	1	5	t	2022-03-11 03:46:02.695+09
2189	30587	15893	2	1	f	2022-06-26 16:36:55.385+09
2190	30587	60803	3	0	f	2023-01-10 15:17:13.104+09
2191	30587	51155	0	3	f	2023-01-18 05:38:46.489+09
2192	30587	14347	1	4	f	2022-10-30 06:04:09.787+09
2193	30587	91664	4	2	t	2022-03-26 03:26:22.301+09
2194	30587	33328	2	2	f	2022-03-04 13:28:13.199+09
2195	30587	44925	0	3	f	2022-06-28 20:43:40.161+09
2196	70208	25136	4	5	f	2022-08-13 03:42:45.685+09
2197	70208	46835	0	1	t	2022-05-24 14:42:54.055+09
2198	70208	73885	5	4	f	2023-01-23 12:22:18.968+09
2199	70208	32923	1	5	f	2023-02-01 01:36:01.263+09
2200	70208	41472	0	2	f	2022-07-21 10:08:28.749+09
2201	70208	49578	1	1	t	2022-08-12 04:04:24.963+09
2202	70208	72786	3	1	t	2022-11-04 21:48:55.672+09
2203	70208	85709	0	5	f	2022-04-10 06:24:31.89+09
2204	51883	25136	1	2	t	2022-12-01 15:32:08.42+09
2205	51883	46835	5	4	t	2022-04-23 09:28:59.569+09
2206	51883	73885	3	5	t	2023-01-23 05:56:09.473+09
2207	51883	32923	2	3	f	2022-07-27 20:07:41.3+09
2208	51883	41472	2	3	f	2022-09-19 16:54:49.349+09
2209	51883	49578	4	5	f	2022-05-14 11:04:22.018+09
2210	51883	72786	5	4	t	2022-07-05 22:54:19.663+09
2211	51883	85709	2	5	t	2022-07-01 21:24:14.838+09
2212	51883	82331	0	1	t	2023-02-02 16:02:46.782+09
2213	51883	42384	5	1	t	2023-01-16 20:31:52.375+09
2214	51883	85620	4	5	f	2022-10-08 22:45:48.609+09
2215	51883	95235	5	5	t	2022-08-22 08:25:13.395+09
2216	51883	37354	2	5	f	2022-02-20 18:54:53.12+09
2217	51883	33227	3	2	t	2022-12-21 02:47:29.322+09
2218	51883	75955	2	5	f	2022-06-01 12:40:58.503+09
2219	51883	99960	5	1	f	2022-03-27 16:03:03.992+09
2220	76499	25136	5	4	t	2022-11-02 02:27:40.886+09
2221	76499	46835	3	2	f	2022-08-12 22:18:45.521+09
2222	76499	73885	2	0	t	2022-04-15 15:45:25.967+09
2223	76499	32923	1	3	f	2022-09-11 19:20:52.954+09
2224	76499	41472	0	4	t	2022-11-19 15:21:39.522+09
2225	76499	49578	4	0	t	2022-08-25 15:27:41.995+09
2226	76499	72786	3	4	f	2022-05-10 05:23:02.254+09
2227	76499	85709	3	4	t	2022-08-04 11:37:16.649+09
2228	76499	82331	4	2	t	2022-07-24 09:41:17.873+09
2229	76499	42384	0	2	f	2022-07-03 22:59:13.469+09
2230	76499	85620	4	1	f	2022-10-07 18:41:36.345+09
2231	76499	95235	0	4	f	2022-07-16 12:52:32.691+09
2232	76499	37354	5	3	f	2022-10-22 13:30:45.733+09
2233	76499	33227	3	5	f	2022-07-23 02:04:38.572+09
2234	76499	75955	2	4	f	2022-12-13 07:09:01.824+09
2235	46154	25136	4	2	t	2022-09-10 21:30:43.536+09
2236	46154	46835	1	3	t	2022-11-02 03:43:11.127+09
2237	46154	73885	2	1	t	2022-10-13 17:13:40.164+09
2238	46154	32923	4	0	f	2022-12-29 04:56:24.809+09
2239	46154	41472	5	5	t	2022-10-02 14:54:11.839+09
2240	46154	49578	2	5	f	2022-12-18 09:29:55.729+09
2241	46154	72786	5	4	t	2022-11-26 05:13:49.418+09
2242	46154	85709	0	5	t	2022-05-11 12:54:48.11+09
2243	46154	82331	0	1	f	2022-05-02 09:25:06.505+09
2244	46154	42384	3	3	t	2022-06-30 15:03:00.808+09
2245	46154	85620	0	3	f	2022-05-01 20:16:48.828+09
2246	46154	95235	4	3	f	2022-05-04 16:46:05.578+09
2247	46154	37354	1	1	t	2022-04-30 06:02:04.009+09
2248	46154	33227	0	1	f	2022-11-11 12:08:32.861+09
2249	46154	75955	5	0	t	2022-05-15 14:35:47.134+09
2250	99554	25136	2	0	f	2022-11-11 19:32:48.245+09
2251	99554	46835	3	1	t	2023-01-21 16:39:02.135+09
2252	99554	73885	0	1	f	2022-06-11 21:23:54.479+09
2253	99554	32923	2	4	f	2022-03-09 21:38:52.485+09
2254	99554	41472	4	2	f	2022-10-21 11:45:36.965+09
2255	99554	49578	0	5	t	2022-12-20 01:57:36.617+09
2256	99554	72786	2	2	f	2022-10-18 02:34:43.133+09
2257	99554	85709	1	0	t	2022-06-15 09:29:55.731+09
2258	99554	82331	1	3	f	2022-07-16 11:21:31.892+09
2259	99554	42384	1	1	t	2022-05-12 20:57:10.645+09
2260	99554	85620	2	3	t	2022-04-25 11:25:57.722+09
2261	99554	95235	3	1	t	2022-09-27 17:58:33.689+09
2262	99554	37354	2	2	t	2022-02-14 11:57:40.985+09
2263	99554	33227	2	1	t	2023-02-10 18:59:13.322+09
2264	99554	75955	2	0	t	2022-10-31 03:17:34.282+09
2265	99554	99960	1	2	t	2022-04-30 01:07:13.795+09
2266	99554	92415	1	2	f	2022-03-12 22:54:08.179+09
2267	99554	75480	0	2	f	2023-01-04 19:56:06.543+09
2268	99554	15893	2	4	t	2022-06-11 04:12:06.771+09
2269	99554	60803	2	3	f	2022-05-24 22:52:22.495+09
2270	99554	51155	5	5	t	2022-03-17 19:24:07.735+09
2271	41774	25136	2	5	f	2022-07-04 17:39:12.738+09
2272	41774	46835	1	2	t	2022-11-19 15:53:39.612+09
2273	41774	73885	1	4	t	2022-10-21 12:33:20.838+09
2274	41774	32923	1	5	f	2022-10-31 23:02:16.612+09
2275	41774	41472	3	3	t	2023-01-04 05:39:02.663+09
2276	41774	49578	5	3	t	2022-12-12 06:03:48.937+09
2277	41774	72786	0	4	f	2022-12-11 11:28:22.774+09
2278	41774	85709	4	3	t	2022-07-10 00:51:59.587+09
2279	41774	82331	5	1	f	2022-04-30 05:22:48.462+09
2280	41774	42384	2	4	f	2022-09-01 13:19:56.74+09
2281	41774	85620	2	1	f	2022-12-20 06:02:06.116+09
2282	41774	95235	0	0	f	2022-08-08 10:21:40.004+09
2283	41774	37354	0	5	t	2022-06-13 16:55:58.221+09
2284	41774	33227	0	5	f	2022-06-27 03:19:48.28+09
2285	41774	75955	1	5	f	2022-06-18 21:07:31.471+09
2286	41774	99960	3	1	t	2022-03-16 04:48:11.18+09
2287	16775	25136	1	0	f	2022-11-08 21:00:20.723+09
2288	16775	46835	1	1	t	2022-08-18 13:52:54.498+09
2289	16775	73885	0	1	t	2022-08-21 15:07:38.274+09
2290	68350	25136	0	1	f	2022-06-23 03:34:51.159+09
2291	68350	46835	1	0	f	2023-02-04 08:36:46.274+09
2292	68350	73885	1	2	f	2022-08-14 07:54:51.25+09
2293	68350	32923	3	3	f	2022-06-29 08:13:18.798+09
2294	68350	41472	4	3	t	2022-04-25 02:12:25.208+09
2295	68350	49578	2	4	t	2022-09-24 12:56:37.578+09
2296	68350	72786	5	4	t	2022-06-02 00:07:19.317+09
2297	68350	85709	5	2	f	2022-03-13 02:08:42.242+09
2298	68350	82331	5	5	t	2022-06-08 15:12:22.971+09
2299	68350	42384	1	1	t	2023-01-31 11:10:26.055+09
2300	68350	85620	1	1	f	2022-03-19 19:02:44.044+09
2301	68350	95235	4	0	f	2022-03-20 17:21:52.427+09
2302	68350	37354	2	1	f	2022-03-11 12:30:18.409+09
2303	68350	33227	2	1	t	2022-06-15 09:06:08.347+09
2304	68350	75955	3	2	f	2022-05-15 18:16:53.831+09
2305	68350	99960	2	1	f	2022-07-25 17:31:45.802+09
2306	68350	92415	5	1	t	2022-11-25 10:36:20.004+09
2307	68350	75480	0	2	f	2022-12-24 10:07:17.325+09
2308	68350	15893	1	5	t	2023-02-09 10:16:28.502+09
2309	68350	60803	4	1	t	2022-11-12 01:20:12.348+09
2310	68350	51155	4	0	f	2023-02-10 00:20:46.158+09
2311	33742	25136	0	0	t	2022-02-21 20:42:30.221+09
2312	33742	46835	5	5	f	2022-09-22 10:22:42.579+09
2313	33742	73885	4	5	f	2022-06-01 17:03:08.485+09
2314	33742	32923	1	3	f	2022-05-19 02:14:47.349+09
2315	33742	41472	4	2	f	2022-04-24 09:26:48.666+09
2316	33742	49578	2	4	f	2022-10-07 06:14:15.932+09
2317	33742	72786	3	5	f	2022-09-26 11:00:39.611+09
2318	33742	85709	0	2	f	2022-08-20 11:33:56.734+09
2319	33742	82331	4	4	f	2022-10-09 13:42:30.248+09
2320	33742	42384	3	0	t	2022-11-02 16:07:13.328+09
2321	33742	85620	2	0	t	2022-03-21 04:56:48.129+09
2322	33742	95235	5	2	f	2022-03-18 16:31:53.687+09
2323	33742	37354	2	2	f	2022-07-25 22:55:28.572+09
2324	33742	33227	2	5	t	2022-03-28 13:12:21.308+09
2325	33742	75955	3	0	f	2022-05-01 22:03:10.735+09
2326	33742	99960	0	4	f	2022-04-03 06:52:22.748+09
2327	33742	92415	0	4	t	2022-08-10 16:25:29.659+09
2328	33742	75480	1	4	f	2022-09-02 03:42:34.133+09
2329	33742	15893	5	1	t	2022-07-24 05:50:35.63+09
2330	33742	60803	3	3	t	2022-06-13 23:15:30.507+09
2331	33742	51155	1	1	t	2023-01-24 11:08:43.938+09
2332	46889	25136	0	5	t	2022-06-02 07:50:05.702+09
2333	46889	46835	3	3	t	2022-04-23 21:33:03.98+09
2334	46889	73885	2	5	f	2023-02-11 13:24:24.355+09
2335	46889	32923	5	4	f	2022-05-21 07:11:32.878+09
2336	46889	41472	2	5	f	2022-09-03 20:07:15.966+09
2337	46889	49578	5	0	f	2022-12-28 09:10:36.975+09
2338	46889	72786	5	3	f	2022-11-12 00:31:03.155+09
2339	46889	85709	4	4	t	2022-11-09 14:16:23.533+09
2340	46889	82331	0	3	f	2022-04-02 04:29:35.626+09
2341	46889	42384	3	0	t	2022-12-22 11:07:44.331+09
2342	46889	85620	5	5	f	2023-02-03 02:29:37.276+09
2343	46889	95235	5	3	t	2022-10-05 15:05:57.992+09
2344	46889	37354	5	1	t	2022-09-30 07:55:50.704+09
2345	46889	33227	0	5	f	2022-08-10 21:40:41.035+09
2346	46889	75955	3	3	t	2022-04-30 14:05:55.089+09
2347	46889	99960	5	4	f	2023-01-11 15:40:37.806+09
2348	46889	92415	3	3	f	2023-02-01 17:57:32.109+09
2349	46889	75480	0	0	t	2023-01-19 10:36:20.06+09
2350	46889	15893	2	0	t	2022-11-08 03:53:00.863+09
2351	46889	60803	3	5	t	2022-08-30 05:18:34.275+09
2352	46889	51155	0	1	t	2022-05-14 22:37:20.592+09
2353	46889	14347	5	0	t	2022-07-20 02:08:15.949+09
2354	46889	91664	1	4	t	2022-07-29 23:53:00.845+09
2355	46889	33328	3	3	f	2022-08-26 07:53:38.326+09
2356	46889	44925	1	5	f	2022-07-15 00:44:08.509+09
2357	46889	69511	5	5	t	2022-09-03 09:41:11.826+09
2358	20913	25136	1	4	t	2023-01-24 09:44:45.534+09
2359	20913	46835	5	2	t	2022-11-18 23:36:14.242+09
2360	20913	73885	4	4	t	2022-02-21 19:26:47.424+09
2361	20913	32923	5	0	f	2022-03-09 08:53:43.467+09
2362	20913	41472	5	2	t	2022-02-14 12:54:50.255+09
2363	20913	49578	3	5	t	2022-11-10 19:15:58.241+09
2364	20913	72786	2	1	t	2022-05-19 00:10:48.923+09
2365	20913	85709	4	0	t	2022-05-29 20:18:37.992+09
2366	20913	82331	2	2	t	2022-11-07 13:23:16.523+09
2367	20913	42384	1	0	f	2022-04-05 10:03:27.18+09
2368	20913	85620	5	4	f	2022-09-03 19:28:20.464+09
2369	20913	95235	5	5	f	2022-12-05 06:29:51.008+09
2370	20913	37354	2	3	f	2022-10-02 02:58:09.04+09
2371	20913	33227	1	5	f	2022-03-08 00:02:35.969+09
2372	20913	75955	2	3	t	2022-10-23 20:16:09.314+09
2373	20913	99960	5	3	t	2022-04-22 09:44:49.145+09
2374	20913	92415	3	0	f	2022-08-26 18:47:12.277+09
2375	20913	75480	1	5	t	2022-05-25 23:38:11.456+09
2376	20913	15893	5	0	f	2022-11-23 04:24:01.965+09
2377	20913	60803	1	2	t	2022-08-12 12:17:35.134+09
2378	20913	51155	1	0	f	2022-07-24 12:41:22.188+09
2379	20913	14347	0	2	t	2023-01-29 13:17:11.878+09
2380	74190	25136	0	5	f	2022-09-29 09:49:45.823+09
2381	74190	46835	4	1	t	2022-08-23 21:59:47.465+09
2382	74190	73885	3	0	f	2022-03-17 00:30:56.69+09
2383	74190	32923	5	4	t	2022-05-26 15:55:14.417+09
2384	74190	41472	4	5	t	2022-07-15 23:16:06.331+09
2385	74190	49578	4	2	f	2022-03-22 10:35:57.293+09
2386	74190	72786	3	4	f	2023-01-27 10:52:03.038+09
2387	74190	85709	0	2	t	2022-12-20 04:08:47.615+09
2388	74190	82331	3	4	f	2022-06-03 00:44:49.44+09
2389	74190	42384	0	3	f	2022-05-08 14:35:45.316+09
2390	74190	85620	4	4	t	2022-12-25 23:51:40.216+09
2391	74190	95235	2	0	f	2022-12-24 02:58:54.938+09
2392	74190	37354	2	2	f	2022-03-19 07:22:13.36+09
2393	74190	33227	4	2	t	2022-11-25 04:32:22.571+09
2394	74190	75955	2	1	f	2022-10-01 15:35:34.758+09
2395	74190	99960	3	0	f	2022-07-20 18:05:54.39+09
2396	74190	92415	5	3	t	2022-07-17 21:20:55.599+09
2397	74190	75480	0	4	f	2022-11-30 01:20:55.478+09
2398	74190	15893	0	1	t	2022-04-17 09:30:07.777+09
2399	74190	60803	5	1	f	2022-06-20 04:32:18.383+09
2400	74190	51155	4	3	t	2022-06-07 13:22:07.402+09
2401	74190	14347	3	1	f	2022-11-10 10:33:28.863+09
2402	74190	91664	5	2	t	2022-05-21 18:14:36.317+09
2403	74190	33328	1	3	f	2022-09-08 08:26:42.768+09
2404	74190	44925	5	1	f	2022-12-19 02:18:10.224+09
2405	74190	69511	1	0	t	2022-02-28 20:24:17.713+09
2406	89368	25136	2	2	t	2022-12-10 04:18:54.855+09
2407	89368	46835	2	5	f	2022-12-06 20:04:18.066+09
2408	89368	73885	5	4	f	2022-12-15 04:08:11.55+09
2409	89368	32923	0	4	f	2022-03-11 13:20:39.632+09
2410	89368	41472	1	0	t	2022-05-04 14:29:29.548+09
2411	71330	25136	5	0	t	2022-05-17 08:35:21.012+09
2412	71330	46835	4	3	t	2022-10-04 21:26:00.492+09
2413	71330	73885	3	3	t	2022-03-11 10:22:19.331+09
2414	71330	32923	3	4	f	2022-03-25 03:12:15.441+09
2415	71330	41472	3	0	f	2022-08-28 10:59:48.138+09
2416	71330	49578	5	0	f	2022-10-03 09:32:56.088+09
2417	17318	25136	0	2	f	2022-07-20 21:18:06.968+09
2418	17318	46835	4	4	f	2022-11-30 15:09:49.478+09
2419	17318	73885	3	4	f	2022-05-28 08:08:00.124+09
2420	17318	32923	1	5	f	2022-06-28 15:26:28.441+09
2421	17318	41472	5	0	f	2022-06-06 21:15:15.503+09
2422	17318	49578	2	2	f	2022-09-22 15:53:17.177+09
2423	17318	72786	4	4	t	2022-11-22 10:01:28.223+09
2424	17318	85709	0	5	f	2022-06-28 12:37:49.861+09
2425	17318	82331	5	3	t	2022-03-16 19:05:20.17+09
2426	17318	42384	0	5	f	2022-08-29 22:50:13.7+09
2427	17318	85620	0	5	t	2022-12-11 11:17:16.027+09
2428	17318	95235	2	2	t	2022-07-16 19:18:00.862+09
2429	17318	37354	4	3	t	2022-04-21 11:00:44.645+09
2430	17318	33227	1	3	t	2022-09-12 19:45:42.888+09
2431	17318	75955	5	2	f	2022-03-17 14:52:10.834+09
2432	17318	99960	2	3	f	2022-08-29 20:34:11.527+09
2433	17318	92415	2	4	f	2022-12-29 07:40:27.251+09
2434	17318	75480	3	3	f	2022-07-17 15:45:47.931+09
2435	17318	15893	3	3	f	2022-07-12 06:15:49.426+09
2436	17318	60803	2	1	t	2022-03-12 16:37:27.585+09
2437	17318	51155	1	2	t	2023-01-05 07:17:27.928+09
2438	17318	14347	2	2	t	2022-08-22 02:58:25.683+09
2439	17318	91664	0	1	f	2022-10-29 23:07:35.905+09
2440	17318	33328	2	4	f	2022-02-26 22:53:17.971+09
2441	17318	44925	3	3	f	2022-11-26 14:26:00.68+09
2442	69686	25136	2	1	t	2022-04-17 08:06:00.607+09
2443	69686	46835	2	5	f	2022-06-07 15:03:27.106+09
2444	69686	73885	5	1	f	2022-09-26 21:55:50.338+09
2445	69686	32923	1	4	f	2022-08-04 19:54:45.998+09
2446	69686	41472	3	1	t	2022-07-25 22:58:45.382+09
2447	69686	49578	5	5	f	2022-12-16 12:43:13.702+09
2448	69686	72786	5	2	f	2022-03-03 04:18:31.713+09
2449	69686	85709	2	5	f	2022-09-15 11:57:23.35+09
2450	69686	82331	5	5	t	2022-06-20 18:25:42.201+09
2451	69686	42384	0	1	f	2022-08-21 20:31:16.074+09
2452	69686	85620	0	1	f	2023-01-02 12:36:02.335+09
2453	69686	95235	2	1	t	2022-12-08 14:46:57.594+09
2454	69686	37354	4	0	t	2022-02-20 16:05:07.173+09
2455	69686	33227	2	5	f	2023-01-28 11:06:45.15+09
2456	69686	75955	3	4	t	2022-02-19 16:07:19.001+09
2457	69686	99960	1	0	f	2022-05-03 09:17:02.096+09
2458	69686	92415	4	2	f	2022-12-28 19:00:46.989+09
2459	69686	75480	4	3	f	2022-05-12 23:56:24.871+09
2460	69686	15893	1	1	f	2022-10-31 20:12:35.291+09
2461	69686	60803	5	5	t	2023-01-24 16:28:25.829+09
2462	69686	51155	4	5	f	2023-02-01 00:15:17.231+09
2463	69686	14347	3	3	f	2023-01-14 23:59:57.167+09
2464	69686	91664	5	3	t	2022-07-28 15:16:00.883+09
2465	69686	33328	2	3	t	2022-04-06 11:22:02.175+09
2466	69686	44925	3	4	t	2022-02-14 21:21:40.031+09
2467	69686	69511	5	4	t	2023-01-20 05:57:55.406+09
2468	69686	53607	5	2	t	2022-07-31 04:13:01.826+09
2469	92272	25136	0	3	t	2022-07-28 04:28:06.488+09
2470	92272	46835	5	0	t	2022-03-16 22:17:25.202+09
2471	92272	73885	1	0	f	2023-01-14 00:20:41.619+09
2472	92272	32923	3	5	t	2022-09-03 21:58:00.612+09
2473	92272	41472	0	4	t	2023-01-09 04:31:04.435+09
2474	92272	49578	5	4	f	2022-12-14 00:41:11.127+09
2475	92272	72786	5	4	f	2022-10-15 18:17:33.348+09
2476	92272	85709	2	4	f	2022-11-26 12:53:23.341+09
2477	92272	82331	0	5	t	2022-02-28 17:25:24.232+09
2478	92272	42384	5	0	f	2022-07-12 03:41:10.607+09
2479	92272	85620	0	0	t	2022-11-21 03:19:38.15+09
2480	92272	95235	5	2	f	2022-08-21 13:45:12.989+09
2481	92272	37354	0	2	f	2022-06-16 06:32:00.513+09
2482	92272	33227	0	0	f	2022-02-23 21:51:22.599+09
2483	92272	75955	5	1	t	2022-10-18 12:37:27.072+09
2484	92272	99960	1	3	t	2022-08-20 23:36:08.379+09
2485	92272	92415	2	5	f	2022-07-23 23:00:40+09
2486	92272	75480	3	4	t	2022-04-24 07:42:59.36+09
2487	92272	15893	5	1	t	2022-11-23 16:51:48.599+09
2488	92272	60803	0	5	t	2022-08-14 04:31:04.633+09
2489	92272	51155	1	3	f	2022-11-21 20:30:07.946+09
2490	92272	14347	1	4	f	2022-02-15 17:37:37.413+09
2491	72822	25136	3	2	t	2022-06-22 17:43:00.906+09
2492	72822	46835	4	0	f	2022-10-19 20:05:34.906+09
2493	72822	73885	5	2	t	2022-09-07 18:37:59.585+09
2494	72822	32923	3	1	f	2022-08-17 17:06:01.178+09
2495	72822	41472	2	4	t	2022-12-04 14:20:15.121+09
2496	72822	49578	5	1	f	2022-12-29 04:04:49.552+09
2497	72822	72786	2	2	t	2022-06-28 19:24:59.47+09
2498	72822	85709	5	5	f	2022-05-02 22:10:20.972+09
2499	72822	82331	5	5	f	2022-08-10 03:43:22.334+09
2500	72822	42384	4	5	f	2022-04-23 06:03:46.383+09
2501	72822	85620	4	5	f	2022-05-21 11:41:24.708+09
2502	72822	95235	3	1	f	2022-08-01 12:12:54.912+09
2503	72822	37354	4	1	f	2022-05-12 11:38:07.586+09
2504	72822	33227	3	0	f	2023-02-11 15:07:43.668+09
2505	43884	25136	5	4	t	2022-06-18 06:08:00.792+09
2506	43884	46835	5	4	t	2022-10-20 09:27:09.741+09
2507	43884	73885	4	4	f	2022-05-02 23:53:19.08+09
2508	43884	32923	2	2	t	2022-10-15 08:51:35.625+09
2509	74880	25136	0	5	t	2022-09-13 11:32:21.102+09
2510	74880	46835	1	5	f	2022-11-18 11:54:18.899+09
2511	74880	73885	0	4	f	2022-09-25 13:20:36.219+09
2512	74880	32923	2	4	t	2022-05-21 19:10:47.201+09
2513	74880	41472	5	5	t	2022-04-13 08:15:29.854+09
2514	74880	49578	2	2	f	2022-10-17 19:06:39.963+09
2515	74880	72786	4	1	t	2022-07-21 19:11:58.492+09
2516	74880	85709	0	3	t	2022-08-23 10:05:22.147+09
2517	74880	82331	3	4	f	2023-02-10 13:13:31.993+09
2518	74880	42384	4	1	t	2022-05-24 17:35:11.943+09
2519	74880	85620	3	5	f	2022-02-23 04:34:58.063+09
2520	74880	95235	5	1	f	2022-05-28 05:39:10.163+09
2521	74880	37354	1	0	t	2022-05-15 07:18:01.882+09
2522	74880	33227	4	4	f	2022-04-22 17:51:45.037+09
2523	74880	75955	5	0	t	2022-02-16 19:40:12.428+09
2524	74880	99960	4	1	f	2022-03-29 19:57:47.489+09
2525	74880	92415	4	3	t	2022-03-20 00:12:06.863+09
2526	74880	75480	0	0	f	2022-12-06 19:38:43.805+09
2527	74880	15893	5	0	t	2022-04-20 13:26:38.445+09
2528	74880	60803	5	3	f	2022-09-27 02:56:57.424+09
2529	74880	51155	0	4	f	2023-01-08 07:58:11.469+09
2530	74880	14347	2	3	t	2022-03-20 19:20:26.298+09
2531	74880	91664	5	4	t	2022-05-02 04:35:58.241+09
2532	33248	25136	4	3	t	2023-01-27 10:03:44.656+09
2533	33248	46835	3	1	t	2022-09-17 01:50:46.513+09
2534	33248	73885	4	5	t	2022-11-05 13:25:12.479+09
2535	33248	32923	4	1	t	2022-08-01 22:10:55.794+09
2536	33248	41472	5	4	f	2023-01-24 22:39:16.669+09
2537	33248	49578	4	1	t	2022-11-09 12:08:26.805+09
2538	33248	72786	2	4	f	2022-09-24 10:20:42.528+09
2539	33248	85709	4	0	t	2022-07-30 22:51:08.498+09
2540	95464	25136	1	3	f	2022-09-03 18:33:02.676+09
2541	95464	46835	5	1	t	2022-12-21 06:47:03.504+09
2542	95464	73885	3	0	f	2022-03-23 21:15:24.054+09
2543	95464	32923	2	1	f	2022-09-15 18:16:10.038+09
2544	95464	41472	0	5	t	2022-06-22 10:02:14.389+09
2545	95464	49578	2	5	f	2022-12-24 08:38:33.37+09
2546	95464	72786	4	0	t	2022-11-10 12:22:18.033+09
2547	95464	85709	0	1	t	2022-07-28 00:06:07.27+09
2548	95464	82331	0	5	t	2022-05-29 14:08:42.157+09
2549	95464	42384	0	5	t	2022-11-16 23:05:34.987+09
2550	95464	85620	0	4	f	2022-04-19 21:40:50.83+09
2551	95464	95235	5	2	f	2023-01-18 07:13:18.629+09
2552	95464	37354	5	4	t	2022-10-11 16:24:18.065+09
2553	95464	33227	2	0	t	2022-08-26 19:16:36.2+09
2554	95464	75955	3	3	f	2022-07-02 03:36:31.381+09
2555	95464	99960	0	1	t	2022-11-01 04:35:54.438+09
2556	95464	92415	3	0	t	2022-03-23 09:27:34.873+09
2557	95464	75480	1	3	f	2022-07-05 09:58:20.538+09
2558	95464	15893	3	3	f	2022-09-16 16:30:25.086+09
2559	95464	60803	3	3	t	2022-10-24 12:08:20.168+09
2560	95464	51155	5	3	t	2022-06-13 16:10:38.697+09
2561	95464	14347	2	0	t	2022-12-14 12:14:59.895+09
2562	95464	91664	2	3	t	2023-01-08 04:06:40.64+09
2563	95464	33328	3	2	f	2022-12-08 12:32:59.722+09
2564	45562	25136	0	0	t	2022-10-12 01:57:59.426+09
2565	45562	46835	0	4	f	2022-11-02 11:40:47.988+09
2566	45562	73885	4	0	t	2022-09-12 12:33:16.348+09
2567	45562	32923	1	2	f	2022-04-14 10:45:56.737+09
2568	45562	41472	0	5	f	2022-06-04 09:31:07.488+09
2569	45562	49578	3	4	f	2022-08-09 23:07:29.898+09
2570	45562	72786	5	1	t	2022-11-20 13:41:02.891+09
2571	92841	25136	1	3	t	2023-02-06 06:49:58.764+09
2572	92841	46835	0	5	f	2022-06-16 04:29:01.649+09
2573	92841	73885	1	5	t	2022-12-23 07:32:34.027+09
2574	92841	32923	0	2	t	2022-09-06 09:28:17.099+09
2575	92841	41472	5	2	t	2022-05-13 16:19:45.848+09
2576	92841	49578	1	1	t	2022-06-08 21:12:11.976+09
2577	92841	72786	0	4	f	2022-09-26 07:46:52.131+09
2578	92841	85709	0	4	t	2022-09-24 17:09:51.849+09
2579	92841	82331	1	0	f	2022-12-04 08:00:37.021+09
2580	92841	42384	4	3	f	2022-02-21 22:21:05.987+09
2581	92841	85620	2	4	t	2022-04-02 12:07:44.023+09
2582	99621	25136	5	0	t	2022-11-09 17:05:34.495+09
2583	99621	46835	4	0	t	2022-07-23 16:36:44.72+09
2584	99621	73885	3	2	t	2023-01-12 05:59:19.254+09
2585	99621	32923	1	1	t	2022-11-12 01:11:47.035+09
2586	99621	41472	0	5	f	2022-09-02 16:56:49.643+09
2587	99621	49578	0	2	t	2022-06-02 14:37:08.174+09
2588	99621	72786	5	3	f	2022-07-27 12:18:32.605+09
2589	99621	85709	0	0	t	2022-05-03 02:21:22.423+09
2590	99621	82331	2	0	f	2023-01-13 05:45:48.916+09
2591	99621	42384	0	2	f	2022-12-05 16:56:37.508+09
2592	99621	85620	5	0	f	2022-07-05 07:01:34.302+09
2593	99621	95235	2	3	t	2022-11-03 16:55:02.128+09
2594	99621	37354	0	1	t	2022-07-31 12:27:24.659+09
2595	99621	33227	3	0	f	2023-01-31 07:15:00.582+09
2596	99621	75955	1	5	t	2023-01-19 09:47:44.46+09
2597	99621	99960	1	3	t	2022-11-21 14:35:19.332+09
2598	99621	92415	2	3	t	2022-06-20 21:29:35.692+09
2599	99621	75480	5	5	t	2022-04-04 20:32:01.146+09
2600	99621	15893	3	3	t	2022-04-14 21:05:48.778+09
2601	99621	60803	5	3	t	2022-10-31 19:12:41.041+09
2602	99621	51155	0	3	f	2022-09-30 19:49:58.593+09
2603	99621	14347	1	0	t	2022-10-30 05:27:02.199+09
2604	99621	91664	5	5	f	2022-12-12 15:56:09.846+09
2605	99621	33328	5	3	f	2022-11-07 01:58:10.244+09
2606	99621	44925	0	0	t	2022-03-02 03:54:40.027+09
2607	99621	69511	2	1	f	2022-12-11 17:06:58.296+09
2608	99621	53607	3	2	t	2022-04-20 11:58:55.851+09
2609	50618	25136	5	3	t	2022-05-06 22:48:21.58+09
2610	50618	46835	5	2	f	2022-05-11 12:25:15.503+09
2611	50618	73885	4	4	f	2023-01-14 05:39:29.732+09
2612	50618	32923	5	4	f	2022-08-16 21:11:12.067+09
2613	50618	41472	4	4	t	2022-06-22 07:11:09.295+09
2614	50618	49578	1	2	f	2022-03-25 03:11:31.659+09
2615	50618	72786	5	4	t	2023-01-30 15:26:10.548+09
2616	50618	85709	1	1	t	2022-10-22 01:54:13.917+09
2617	39627	25136	2	0	f	2022-10-22 21:49:08.667+09
2618	39627	46835	5	2	t	2022-11-19 21:45:17.526+09
2619	39627	73885	1	2	t	2022-04-26 20:09:54.389+09
2620	39627	32923	2	1	f	2022-03-29 17:26:19.156+09
2621	39627	41472	1	5	f	2022-02-21 03:06:05.686+09
2622	39627	49578	5	2	f	2022-04-11 14:50:33.88+09
2623	39627	72786	4	2	f	2022-10-15 14:48:11.124+09
2624	39627	85709	5	0	f	2022-08-01 01:44:44.561+09
2625	39627	82331	2	0	t	2022-07-25 14:40:10.26+09
2626	39627	42384	0	4	t	2022-08-19 09:33:56.069+09
2627	39627	85620	4	2	t	2022-03-08 16:15:07.331+09
2628	39627	95235	4	2	t	2023-01-14 23:02:48.843+09
2629	39627	37354	3	4	t	2022-10-27 13:42:58.018+09
2630	39627	33227	0	3	f	2022-11-24 02:23:20.768+09
2631	39627	75955	3	5	f	2022-12-08 15:46:15.116+09
2632	39627	99960	4	0	t	2022-11-23 02:32:20.357+09
2633	39627	92415	4	2	f	2023-01-23 15:31:34.974+09
2634	39627	75480	3	0	f	2022-09-12 06:35:06.24+09
2635	39627	15893	4	4	f	2022-07-05 03:22:21.612+09
2636	39627	60803	1	0	f	2022-08-03 04:32:42.756+09
2637	39627	51155	1	0	f	2022-07-28 11:19:59.049+09
2638	39627	14347	3	3	f	2022-12-26 06:15:26.466+09
2639	39627	91664	2	0	f	2023-02-07 03:36:51.593+09
2640	39627	33328	0	0	f	2022-10-05 22:16:20.857+09
2641	39627	44925	5	0	f	2023-01-22 15:34:41.593+09
2642	39627	69511	3	1	f	2022-09-08 00:11:22.137+09
2643	39627	53607	2	5	f	2023-02-11 05:56:28.99+09
2644	39627	46868	4	5	t	2022-10-21 16:10:15.173+09
2645	39627	20834	1	2	t	2022-05-30 01:35:51.99+09
2646	50854	25136	0	1	f	2022-10-10 19:27:47.781+09
2647	50854	46835	5	4	t	2022-07-16 11:33:32.674+09
2648	50854	73885	2	3	t	2022-09-25 12:51:34.126+09
2649	50854	32923	3	1	f	2022-11-25 15:55:16.077+09
2650	50854	41472	1	3	f	2022-06-12 15:40:27.284+09
2651	50854	49578	1	1	f	2022-03-10 18:59:50.156+09
2652	50854	72786	2	1	t	2022-09-19 07:45:50.978+09
2653	50854	85709	4	4	t	2022-08-15 13:54:41.011+09
2654	50854	82331	5	1	t	2022-12-02 02:32:36.206+09
2655	50854	42384	4	5	t	2022-04-20 01:20:37.42+09
2656	79668	25136	1	2	f	2022-06-28 20:42:29.307+09
2657	79668	46835	5	1	f	2022-03-19 18:41:56.084+09
2658	79668	73885	0	1	f	2022-10-04 14:19:24.22+09
2659	79668	32923	2	2	t	2022-11-26 13:40:52.609+09
2660	79668	41472	4	0	t	2022-06-06 10:38:37.761+09
2661	79668	49578	4	2	t	2022-02-26 09:18:34.561+09
2662	79668	72786	2	3	f	2022-05-25 11:26:34.562+09
2663	79668	85709	4	0	t	2022-04-07 22:12:02.142+09
2664	79668	82331	1	5	t	2022-09-02 14:19:42.004+09
2665	79668	42384	0	5	f	2022-07-30 20:02:08.558+09
2666	79668	85620	3	1	f	2022-06-16 14:34:27.079+09
2667	79668	95235	0	1	f	2023-01-27 14:01:09.55+09
2668	79668	37354	4	0	f	2022-03-08 20:47:53.155+09
2669	79668	33227	1	4	t	2022-05-01 19:10:46.564+09
2670	79668	75955	3	5	t	2022-07-31 18:21:03.68+09
2671	79668	99960	5	1	f	2022-07-07 01:45:40.375+09
2672	79668	92415	4	0	t	2022-10-27 05:52:41.271+09
2673	79668	75480	0	5	f	2023-02-04 17:21:46.94+09
2674	79668	15893	3	1	f	2022-12-22 02:12:19.897+09
2675	79668	60803	2	0	f	2022-05-29 09:13:51.861+09
2676	79668	51155	2	1	f	2022-12-06 01:18:15.981+09
2677	79668	14347	4	3	f	2022-09-25 03:38:23.927+09
2678	79668	91664	1	3	t	2022-03-14 15:28:06.086+09
2679	79668	33328	0	1	f	2022-08-17 05:32:08.335+09
2680	79668	44925	4	2	t	2023-01-28 10:00:44.308+09
2681	79668	69511	2	4	f	2022-03-24 01:07:29.745+09
2682	10462	25136	2	5	t	2023-01-30 20:04:07.205+09
2683	10462	46835	5	0	f	2022-08-08 04:51:15.385+09
2684	10462	73885	0	5	t	2022-05-18 18:15:22.945+09
2685	10462	32923	2	2	t	2022-10-29 17:17:22.784+09
2686	10462	41472	5	1	t	2022-04-11 10:51:05.441+09
2687	10462	49578	1	4	t	2022-09-09 04:24:42.082+09
2688	10462	72786	0	1	t	2022-07-17 02:43:30.701+09
2689	10462	85709	2	1	f	2022-03-01 01:08:39.701+09
2690	10462	82331	0	5	t	2022-07-10 11:30:04.795+09
2691	10462	42384	4	1	t	2022-09-19 17:56:48.166+09
2692	10462	85620	2	5	f	2022-07-29 04:56:26.119+09
2693	10462	95235	0	3	f	2022-11-20 13:11:24.379+09
2694	10462	37354	1	3	t	2022-09-23 10:39:59.097+09
2695	10462	33227	2	3	f	2022-06-13 20:06:55.768+09
2696	69607	25136	3	4	t	2022-09-04 09:01:46.205+09
2697	69607	46835	2	0	t	2022-08-19 12:32:01.641+09
2698	69607	73885	0	4	f	2022-05-23 19:14:18.159+09
2699	69607	32923	2	3	t	2022-06-21 08:10:30.313+09
2700	74520	25136	1	3	f	2023-01-06 01:57:21.962+09
2701	74520	46835	4	1	f	2022-04-20 17:50:27.038+09
2702	74520	73885	3	2	f	2022-08-16 00:53:14.994+09
2703	74520	32923	2	4	t	2023-01-05 19:09:39.584+09
2704	74520	41472	4	4	t	2022-12-16 23:01:50.586+09
2705	38731	25136	2	1	t	2023-01-30 01:39:58.826+09
2706	38731	46835	1	1	t	2022-05-20 05:55:31.866+09
2707	38731	73885	1	0	f	2022-06-16 23:41:56.57+09
2708	38731	32923	4	2	t	2022-07-11 07:16:58.212+09
2709	38731	41472	1	0	t	2022-08-16 04:29:41.58+09
2710	38731	49578	3	5	f	2023-01-07 19:11:24.487+09
2711	38731	72786	3	3	f	2022-08-27 03:30:30.36+09
2712	38731	85709	1	4	t	2022-08-14 09:39:18.137+09
2713	38731	82331	0	3	f	2022-12-03 23:02:43.84+09
2714	38731	42384	4	4	t	2022-06-04 13:21:22.652+09
2715	38731	85620	3	0	t	2022-04-21 23:22:28.572+09
2716	38731	95235	3	5	t	2022-07-07 22:15:25.086+09
2717	38731	37354	5	4	f	2022-07-05 14:41:58.197+09
2718	38731	33227	1	2	f	2022-06-14 09:43:13.243+09
2719	38731	75955	5	5	t	2023-02-10 00:19:23.827+09
2720	38731	99960	3	0	f	2022-09-30 10:33:39.301+09
2721	38731	92415	3	3	t	2023-01-17 18:44:52.919+09
2722	38731	75480	2	4	f	2023-02-07 01:45:04.83+09
2723	38731	15893	2	4	t	2022-03-10 10:03:08.52+09
2724	38731	60803	3	2	t	2023-02-09 18:05:52.89+09
2725	38731	51155	1	5	f	2022-02-25 19:48:35.616+09
2726	38731	14347	5	0	f	2022-10-06 04:41:07.352+09
2727	57402	25136	2	1	f	2022-06-16 17:44:16.809+09
2728	57402	46835	2	5	f	2022-11-12 13:11:17.452+09
2729	57402	73885	5	1	t	2023-01-11 01:15:23.327+09
2730	57402	32923	5	0	t	2023-01-09 03:09:45.65+09
2731	57402	41472	5	3	t	2022-09-28 12:38:22.569+09
2732	57402	49578	3	5	t	2022-03-13 07:08:11.232+09
2733	57402	72786	1	3	t	2022-07-25 01:43:06.203+09
2734	57402	85709	2	5	t	2022-02-14 00:26:31.889+09
2735	57402	82331	3	4	f	2023-02-05 10:37:33.949+09
2736	57402	42384	5	4	t	2022-05-26 17:13:00.284+09
2737	57402	85620	2	1	f	2022-11-26 22:56:51.011+09
2738	57402	95235	2	1	t	2022-11-26 18:55:26.229+09
2739	57402	37354	4	2	t	2022-09-03 19:37:48.983+09
2740	57402	33227	0	1	t	2022-05-17 14:44:48.654+09
2741	57402	75955	1	0	t	2022-05-21 21:20:20.579+09
2742	57402	99960	4	4	f	2022-05-15 11:06:39.287+09
2743	57402	92415	0	3	t	2022-06-05 00:33:27.538+09
2744	57402	75480	0	5	t	2022-11-17 06:59:46.086+09
2745	57402	15893	0	0	t	2022-10-24 09:45:04.072+09
2746	57402	60803	3	2	t	2022-04-06 10:36:33.023+09
2747	81395	25136	4	1	f	2022-04-03 00:40:44.491+09
2748	81395	46835	1	3	t	2022-09-13 02:19:36.426+09
2749	81395	73885	5	3	t	2022-09-09 03:13:29.212+09
2750	81395	32923	4	2	f	2022-04-12 09:29:42.022+09
2751	81395	41472	2	4	f	2022-09-12 17:07:53.64+09
2752	81395	49578	1	2	t	2022-12-22 05:42:48.541+09
2753	81395	72786	2	1	t	2022-10-20 03:12:37.142+09
2754	81395	85709	1	3	t	2023-01-04 21:19:01.45+09
2755	81395	82331	1	1	f	2022-04-24 10:36:45.38+09
2756	81395	42384	4	0	f	2022-10-06 04:08:46.217+09
2757	81395	85620	4	5	t	2022-04-26 09:27:50.145+09
2758	81395	95235	1	0	f	2022-12-02 05:45:26.598+09
2759	81395	37354	1	2	f	2022-04-18 16:41:24.726+09
2760	49186	25136	1	3	t	2022-07-21 21:41:07.148+09
2761	49186	46835	1	3	f	2022-11-25 21:38:51.115+09
2762	49186	73885	0	3	t	2022-02-14 00:40:09.21+09
2763	49186	32923	5	2	f	2023-01-14 19:45:23.435+09
2764	49186	41472	5	2	f	2022-04-24 20:04:30.158+09
2765	49186	49578	5	1	t	2022-07-20 15:01:46.171+09
2766	49186	72786	4	5	t	2022-05-22 20:20:58.437+09
2767	49186	85709	1	5	t	2022-03-23 00:49:58.44+09
2768	49186	82331	4	4	t	2022-04-26 01:04:40.111+09
2769	49186	42384	0	0	t	2022-05-28 20:55:46.64+09
2770	49186	85620	1	1	t	2022-07-28 23:55:59.468+09
2771	49186	95235	1	4	t	2022-05-21 18:04:32.32+09
2772	49186	37354	4	0	f	2022-06-04 18:10:32.283+09
2773	49186	33227	4	1	t	2022-08-16 20:15:53.111+09
2774	49186	75955	5	2	f	2022-03-18 01:05:56.211+09
2775	49186	99960	5	1	f	2022-07-30 19:03:51.949+09
2776	49186	92415	5	4	t	2022-07-06 01:00:00.321+09
2777	49186	75480	5	2	f	2023-01-21 16:43:00.262+09
2778	49186	15893	5	3	t	2022-12-15 03:46:33.661+09
2779	49186	60803	5	3	f	2022-03-07 00:49:30.435+09
2780	49186	51155	5	3	t	2022-08-12 06:32:33.419+09
2781	49186	14347	4	3	f	2022-09-05 06:24:33.565+09
2782	49186	91664	1	0	f	2022-07-17 03:23:06.668+09
2783	49186	33328	1	5	f	2022-12-25 00:42:44.439+09
2784	49186	44925	3	3	t	2022-06-21 18:28:28.215+09
2785	49186	69511	3	0	t	2023-01-14 03:16:05.471+09
2786	49186	53607	2	1	f	2022-11-15 06:03:54.861+09
2787	49186	46868	5	1	t	2022-05-11 00:35:46.25+09
2788	49186	20834	0	1	t	2022-09-11 19:32:56.93+09
2789	49186	51205	2	3	f	2022-06-20 23:12:23.872+09
2790	73673	25136	3	4	t	2022-03-21 15:05:37.081+09
2791	73673	46835	0	1	t	2022-12-01 01:50:55.107+09
2792	73673	73885	2	3	f	2022-04-09 05:50:34.129+09
2793	73673	32923	4	1	t	2022-10-08 05:22:03.176+09
2794	73673	41472	1	2	f	2022-02-18 23:08:02.531+09
2795	73673	49578	3	5	f	2022-07-29 00:43:42.408+09
2796	73673	72786	1	0	f	2022-11-22 02:10:52.967+09
2797	73673	85709	0	0	t	2022-08-12 06:46:31.776+09
2798	73673	82331	1	1	f	2022-11-24 23:22:57.434+09
2799	73673	42384	3	3	t	2022-08-19 01:42:52.586+09
2800	73673	85620	4	5	t	2022-04-26 12:46:46.49+09
2801	73673	95235	5	3	t	2022-05-04 02:31:35.885+09
2802	73673	37354	2	5	t	2022-08-30 16:45:28.843+09
2803	73673	33227	3	1	t	2022-12-18 15:06:00.486+09
2804	73673	75955	1	3	f	2022-07-02 16:50:38.578+09
2805	73673	99960	0	4	t	2022-06-12 17:35:37.898+09
2806	73673	92415	5	4	f	2022-03-08 08:08:01.035+09
2807	73673	75480	3	4	f	2022-02-26 21:36:50.157+09
2808	73673	15893	5	2	t	2022-08-28 10:44:27.479+09
2809	73673	60803	2	0	t	2022-07-20 22:00:51.596+09
2810	73673	51155	2	1	f	2022-06-26 19:06:21.546+09
2811	86318	25136	4	1	f	2023-02-08 22:14:06.719+09
2812	86318	46835	5	2	f	2022-06-22 14:22:50.453+09
2813	86318	73885	1	0	f	2023-02-01 02:06:47.981+09
2814	86318	32923	1	3	t	2022-02-28 05:07:15.303+09
2815	86318	41472	2	1	f	2022-09-25 22:00:07.078+09
2816	86318	49578	5	1	t	2022-05-17 18:22:47.089+09
2817	86318	72786	1	2	t	2022-06-11 22:54:11.437+09
2818	86318	85709	0	2	t	2023-01-21 21:34:24.827+09
2819	86318	82331	4	3	t	2022-09-24 05:22:49.425+09
2820	86318	42384	0	1	t	2023-01-01 20:54:46.739+09
2821	86318	85620	1	1	t	2022-04-18 12:15:01.874+09
2822	86318	95235	5	0	f	2022-02-16 05:43:55.474+09
2823	86318	37354	2	1	t	2022-07-29 13:01:38.297+09
2824	86318	33227	5	3	t	2022-03-13 15:47:26.716+09
2825	86318	75955	0	4	f	2023-01-21 08:59:07.611+09
2826	86318	99960	5	4	t	2022-08-25 23:35:31.084+09
2827	86318	92415	4	3	t	2022-09-03 15:47:51.434+09
2828	86318	75480	0	2	t	2022-05-18 21:28:14.696+09
2829	86318	15893	2	1	f	2022-10-18 18:22:47.865+09
2830	97457	25136	3	0	t	2023-01-12 21:08:06.521+09
2831	97457	46835	2	0	f	2022-10-22 06:09:59.517+09
2832	97457	73885	1	0	t	2023-02-11 22:15:37.295+09
2833	97457	32923	2	0	t	2022-03-31 12:47:07.472+09
2834	97457	41472	5	4	f	2022-07-24 17:28:59.113+09
2835	97457	49578	1	2	f	2022-09-18 13:25:16.281+09
2836	97457	72786	1	1	f	2022-02-28 20:44:23.331+09
2837	97457	85709	5	5	f	2022-07-18 19:42:42.912+09
2838	97457	82331	5	5	t	2022-10-06 17:04:16.995+09
2839	97457	42384	5	3	f	2022-05-28 00:20:44.166+09
2840	97457	85620	5	0	t	2022-05-08 06:29:11.328+09
2841	97457	95235	2	4	t	2022-06-24 19:34:24.797+09
2842	97457	37354	3	1	t	2022-07-22 05:13:26.053+09
2843	97457	33227	3	1	f	2022-09-17 09:03:16.461+09
2844	97457	75955	3	3	f	2022-10-15 23:15:06.692+09
2845	97457	99960	3	0	t	2022-09-01 11:45:57.937+09
2846	97457	92415	4	1	f	2023-01-12 07:43:30.413+09
2847	97457	75480	2	4	f	2022-10-14 08:33:24.156+09
2848	97457	15893	0	3	f	2023-01-07 06:15:04.059+09
2849	97457	60803	2	2	f	2022-05-29 07:50:27.585+09
2850	97457	51155	1	3	t	2022-09-03 04:12:08.306+09
2851	97457	14347	4	0	f	2022-07-24 02:54:24.427+09
2852	97457	91664	2	4	t	2022-06-16 04:44:58.861+09
2853	97457	33328	1	5	t	2022-06-12 11:15:42.638+09
2854	97457	44925	5	5	t	2022-06-27 10:35:19.929+09
2855	97457	69511	1	3	f	2022-03-30 09:07:03.826+09
2856	97457	53607	3	1	f	2022-10-26 14:01:25.649+09
2857	97457	46868	3	1	f	2022-09-14 05:56:34.064+09
2858	97457	20834	4	5	t	2022-04-29 12:35:57.65+09
2859	43807	25136	1	2	f	2022-12-08 10:28:28.996+09
2860	43807	46835	3	0	f	2022-10-05 12:44:38.475+09
2861	43807	73885	4	1	t	2022-02-20 16:35:20.701+09
2862	43807	32923	5	2	t	2022-04-12 00:13:47.475+09
2863	43807	41472	3	4	t	2022-06-10 05:50:07.521+09
2864	43807	49578	2	5	t	2022-06-22 20:51:16.042+09
2865	43807	72786	4	1	f	2022-11-18 23:16:54.297+09
2866	43807	85709	4	0	f	2022-06-07 01:14:13.971+09
2867	43807	82331	2	2	f	2022-06-16 01:43:45.863+09
2868	43807	42384	3	1	f	2023-01-05 21:29:06.439+09
2869	43807	85620	3	4	t	2022-06-07 03:02:03.885+09
2870	43807	95235	4	3	t	2023-02-09 19:01:15.54+09
2871	43807	37354	4	4	t	2022-12-24 16:53:46.338+09
2872	43807	33227	0	2	f	2022-02-16 22:20:23.234+09
2873	85386	25136	4	4	f	2022-12-06 23:21:35.604+09
2874	85386	46835	4	0	t	2022-12-28 09:18:24.021+09
2875	85386	73885	3	1	t	2022-07-15 07:51:51.871+09
2876	85386	32923	2	4	t	2022-08-17 02:10:40.997+09
2877	85386	41472	0	1	f	2022-09-28 13:26:45.481+09
2878	85386	49578	5	0	t	2022-06-22 08:32:04.591+09
2879	85386	72786	3	5	t	2022-04-23 04:21:13.527+09
2880	85386	85709	1	2	t	2022-07-05 00:24:25.872+09
2881	85386	82331	0	0	t	2023-02-11 06:48:27.237+09
2882	85386	42384	0	3	t	2022-03-21 12:29:46.061+09
2883	85386	85620	2	3	t	2022-09-19 12:51:42.712+09
2884	85386	95235	2	5	t	2022-06-08 16:24:21.101+09
2885	85386	37354	2	2	f	2022-06-26 18:30:21.251+09
2886	85386	33227	2	4	f	2022-08-29 10:22:15.944+09
2887	85386	75955	1	2	t	2023-01-25 13:07:49.074+09
2888	85386	99960	3	4	t	2023-02-12 07:40:57.586+09
2889	85386	92415	2	5	f	2022-02-17 18:57:33.072+09
2890	85386	75480	5	5	f	2022-06-29 05:41:35.032+09
2891	85386	15893	5	2	f	2022-10-24 04:53:13.074+09
2892	85386	60803	0	1	t	2022-08-22 22:15:17.701+09
2893	85386	51155	2	0	f	2022-04-30 08:35:09.933+09
2894	85386	14347	0	0	t	2023-02-07 18:19:52.1+09
2895	85386	91664	3	2	t	2022-07-23 04:37:08.73+09
2896	85386	33328	4	1	t	2022-08-25 19:26:13.663+09
2897	85386	44925	0	2	f	2022-02-24 12:08:11.214+09
2898	85386	69511	4	4	t	2022-04-20 10:39:56.222+09
2899	85386	53607	3	3	t	2022-10-01 11:08:53.55+09
2900	85386	46868	2	2	f	2022-08-15 20:55:20.862+09
2901	85386	20834	4	5	t	2022-09-23 22:36:51.179+09
2902	85386	51205	1	0	f	2022-09-01 19:33:24.579+09
2903	69221	25136	2	3	f	2023-02-12 02:24:42.888+09
2904	69221	46835	2	1	t	2022-07-17 01:58:50.421+09
2905	69221	73885	3	2	t	2022-03-24 03:00:13.744+09
2906	69221	32923	2	0	f	2023-01-24 20:28:29.351+09
2907	69221	41472	3	0	f	2022-08-27 23:17:51.613+09
2908	69221	49578	0	3	t	2022-09-15 23:56:44.383+09
2909	69221	72786	1	0	t	2022-03-11 11:48:05.326+09
2910	69221	85709	5	4	t	2022-07-09 03:12:15.241+09
2911	69221	82331	5	4	t	2022-12-06 12:58:29.91+09
2912	69221	42384	0	4	f	2022-03-21 22:41:25.69+09
2913	69221	85620	3	5	f	2022-10-27 05:39:41.265+09
2914	69221	95235	3	3	f	2022-09-23 08:54:33.412+09
2915	69221	37354	5	5	f	2022-07-13 05:16:22.807+09
2916	69221	33227	4	3	f	2022-07-06 08:16:04.084+09
2917	69221	75955	4	2	f	2022-02-22 13:26:06.274+09
2918	89494	25136	5	0	f	2023-01-24 22:42:54.911+09
2919	89494	46835	2	0	f	2022-05-02 19:36:54.946+09
2920	89494	73885	0	1	f	2022-09-14 12:34:30.573+09
2921	89494	32923	5	3	t	2022-11-08 02:26:48.539+09
2922	89494	41472	5	0	f	2022-11-22 00:44:45.495+09
2923	89494	49578	5	5	f	2022-11-20 11:26:16.214+09
2924	89494	72786	1	0	t	2022-02-26 15:49:11.501+09
2925	89494	85709	1	4	t	2022-02-28 11:46:35.268+09
2926	89494	82331	5	4	f	2023-02-11 22:27:41.292+09
2927	89494	42384	1	3	f	2022-08-11 21:13:41.571+09
2928	89494	85620	4	3	f	2022-11-10 19:50:03.171+09
2929	89494	95235	3	5	t	2022-06-24 10:37:09.855+09
2930	89494	37354	0	2	t	2022-08-31 00:54:25.153+09
2931	89494	33227	4	5	t	2022-10-07 03:23:06.426+09
2932	89494	75955	5	2	f	2022-12-30 13:47:00.426+09
2933	89494	99960	2	1	f	2022-11-09 10:31:00.082+09
2934	89494	92415	1	3	f	2022-07-04 00:42:07.429+09
2935	89494	75480	2	0	t	2022-10-24 03:41:20.664+09
2936	89494	15893	4	5	t	2022-11-04 07:47:39.532+09
2937	89494	60803	3	2	f	2022-08-13 02:42:19.826+09
2938	89494	51155	3	3	t	2022-07-14 07:18:11.768+09
2939	89494	14347	0	5	f	2022-04-16 17:36:15.084+09
2940	89494	91664	3	5	f	2022-10-27 13:46:17.669+09
2941	89494	33328	3	4	f	2023-02-03 20:21:35.19+09
2942	89494	44925	0	3	f	2022-06-23 10:36:07.797+09
2943	89494	69511	4	3	f	2022-03-18 10:13:48.978+09
2944	89494	53607	3	2	f	2022-08-14 10:32:33.68+09
2945	60365	25136	1	0	f	2022-12-25 15:58:30.259+09
2946	60365	46835	2	1	f	2022-07-21 13:18:35.874+09
2947	60365	73885	5	1	t	2022-08-31 21:00:20.835+09
2948	60365	32923	1	4	t	2022-10-29 19:05:34.425+09
2949	60365	41472	3	5	f	2023-01-13 18:18:40.977+09
2950	60365	49578	5	3	f	2022-09-29 13:52:17.694+09
2951	60365	72786	2	3	t	2022-03-24 12:31:08.678+09
2952	60365	85709	2	5	f	2022-07-06 20:50:29.932+09
2953	60365	82331	3	0	f	2022-12-12 22:08:37.732+09
2954	60365	42384	3	1	f	2022-07-05 11:48:02.859+09
2955	60365	85620	4	5	t	2022-02-14 21:46:26.691+09
2956	60365	95235	5	3	f	2022-05-19 05:11:50.841+09
2957	60365	37354	3	4	f	2022-07-30 01:31:49.247+09
2958	60365	33227	3	2	t	2022-12-03 06:56:52.45+09
2959	60365	75955	3	0	t	2022-08-27 23:42:34.051+09
2960	60365	99960	4	1	t	2022-07-27 13:40:26.597+09
2961	60365	92415	4	4	t	2022-10-06 21:28:35.494+09
2962	60365	75480	4	2	f	2022-12-21 20:21:46.341+09
2963	60365	15893	5	0	t	2022-08-28 02:34:56.109+09
2964	60365	60803	0	0	t	2022-09-10 06:40:53.206+09
2965	60365	51155	4	0	t	2022-03-07 00:31:16.946+09
2966	75065	25136	0	1	f	2022-11-08 17:07:04.067+09
2967	75065	46835	3	4	f	2022-05-22 09:31:33.464+09
2968	75065	73885	2	4	f	2022-10-22 05:13:59.89+09
2969	75065	32923	4	3	t	2022-05-04 09:05:28.313+09
2970	75065	41472	3	1	f	2022-12-02 02:55:49.344+09
2971	75065	49578	4	0	f	2022-03-14 09:06:17.509+09
2972	75065	72786	3	1	t	2022-02-15 09:58:09.659+09
2973	75065	85709	3	4	t	2022-05-25 11:50:40.331+09
2974	75065	82331	5	4	t	2022-08-27 08:38:57.206+09
2975	75065	42384	5	0	f	2022-05-09 21:20:45.175+09
2976	75065	85620	2	1	f	2022-08-25 12:48:16.383+09
2977	75065	95235	0	4	t	2022-05-18 22:55:29.653+09
2978	75065	37354	5	0	f	2022-04-30 11:07:22.725+09
2979	75065	33227	5	0	f	2022-12-10 12:34:57.408+09
2980	75065	75955	3	4	f	2022-09-15 17:29:33.805+09
2981	75065	99960	4	3	t	2022-12-03 03:46:27.777+09
2982	75065	92415	1	1	f	2022-11-07 02:40:39.077+09
2983	75065	75480	2	1	f	2022-12-03 12:51:16.069+09
2984	20768	25136	5	3	t	2023-02-06 07:42:35.67+09
2985	20768	46835	3	2	f	2023-02-10 20:51:15.659+09
2986	20768	73885	2	4	t	2023-01-04 05:00:01.449+09
2987	20768	32923	0	4	t	2022-02-14 01:54:49.962+09
2988	20768	41472	1	2	t	2023-01-15 12:14:30.687+09
2989	20768	49578	0	5	t	2022-07-30 20:11:51.38+09
2990	95535	25136	0	1	t	2022-09-12 01:22:32.509+09
2991	95535	46835	4	4	f	2022-09-18 18:36:51.639+09
2992	95535	73885	2	3	t	2022-05-10 10:58:26.142+09
2993	95535	32923	2	0	f	2022-11-07 21:29:25.592+09
2994	95535	41472	4	2	f	2022-03-24 19:46:43.285+09
2995	95535	49578	0	5	t	2022-08-15 10:51:37.868+09
2996	95535	72786	4	4	t	2022-09-06 06:21:24.054+09
2997	95535	85709	2	2	f	2022-11-15 02:21:53.513+09
2998	95535	82331	3	0	f	2022-10-28 18:45:38.141+09
2999	95535	42384	2	5	f	2022-04-10 12:33:49.039+09
3000	95535	85620	4	3	f	2022-09-12 06:54:21.972+09
3001	95535	95235	5	1	f	2022-10-21 22:56:24.954+09
3002	95535	37354	0	3	t	2022-12-11 12:39:51.799+09
3003	38835	25136	0	1	f	2022-08-01 07:49:04.762+09
3004	38835	46835	0	2	f	2022-04-16 12:24:56.144+09
3005	38835	73885	2	2	f	2022-06-29 08:04:16.442+09
3006	38835	32923	2	4	f	2023-01-31 07:13:30.445+09
3007	38835	41472	5	5	f	2022-12-20 16:53:01.917+09
3008	38835	49578	3	2	t	2022-09-06 08:44:00.889+09
3009	38835	72786	4	4	t	2022-09-30 16:20:55.68+09
3010	38835	85709	5	3	t	2022-10-07 16:34:21.455+09
3011	38835	82331	2	5	t	2022-02-21 00:42:35.397+09
3012	38835	42384	5	0	f	2022-12-16 15:40:46.152+09
3013	38835	85620	0	5	f	2022-12-04 08:58:39.304+09
3014	38835	95235	0	0	f	2022-06-01 17:48:14.582+09
3015	26274	25136	1	0	f	2022-12-17 15:17:41.289+09
3016	26274	46835	2	3	f	2022-12-12 11:20:23.211+09
3017	26274	73885	3	4	t	2023-01-13 07:39:23.541+09
3018	26274	32923	1	4	t	2023-02-04 01:52:18.321+09
3019	26274	41472	3	2	t	2022-04-06 12:08:48.694+09
3020	26274	49578	0	1	f	2022-04-09 19:45:07.788+09
3021	26274	72786	0	0	f	2022-04-15 10:29:17.54+09
3022	26274	85709	3	2	f	2022-09-29 22:57:41.282+09
3023	26274	82331	2	0	t	2022-11-16 20:55:41.153+09
3024	26274	42384	1	2	f	2022-12-30 04:38:48.804+09
3025	26274	85620	0	5	t	2022-03-28 19:37:05.322+09
3026	26274	95235	5	3	t	2022-08-26 18:57:33.546+09
3027	26274	37354	3	3	f	2022-08-16 01:14:01.832+09
3028	70329	25136	1	4	t	2022-02-27 11:18:15.101+09
3029	70329	46835	1	0	f	2022-10-25 02:17:19.572+09
3030	70329	73885	3	0	t	2022-04-28 09:17:34.171+09
3031	70329	32923	1	3	f	2023-01-25 06:38:51.207+09
3032	70329	41472	4	4	f	2022-03-03 02:44:35.353+09
3033	70329	49578	5	4	t	2023-01-31 23:40:07.497+09
3034	70329	72786	5	2	f	2022-04-22 04:39:49.867+09
3035	70329	85709	1	3	t	2022-10-03 03:31:42.713+09
3036	70329	82331	4	5	f	2022-10-22 12:53:28.358+09
3037	70329	42384	2	0	t	2022-08-23 21:49:17.506+09
3038	70329	85620	0	5	t	2022-10-21 14:08:58.533+09
3039	70329	95235	3	1	t	2022-07-20 18:11:08.08+09
3040	70329	37354	0	1	t	2022-05-21 10:23:30.575+09
3041	70329	33227	5	1	f	2022-06-20 23:39:08.726+09
3042	70329	75955	1	0	t	2022-12-01 00:58:13.356+09
3043	99293	25136	0	3	t	2022-10-19 05:18:42.206+09
3044	99293	46835	2	5	t	2022-08-01 21:13:22.236+09
3045	99293	73885	2	3	t	2022-03-04 00:25:52.504+09
3046	99293	32923	5	1	f	2022-06-23 23:43:28.019+09
3047	99293	41472	1	1	f	2022-05-09 20:32:19.979+09
3048	99293	49578	1	4	t	2022-04-29 15:08:58.412+09
3049	99293	72786	0	3	t	2022-07-16 23:24:15.347+09
3050	99293	85709	1	4	t	2022-10-11 10:23:47.407+09
3051	99293	82331	5	4	t	2022-05-06 13:39:12.57+09
3052	99293	42384	0	0	t	2022-07-30 11:40:24.718+09
3053	99293	85620	3	1	f	2022-04-25 17:49:55.332+09
3054	99293	95235	5	2	t	2022-07-16 03:12:04.387+09
3055	99293	37354	1	1	f	2022-12-31 15:51:29.581+09
3056	99293	33227	1	2	t	2022-04-05 13:02:42.324+09
3057	99293	75955	2	0	f	2022-10-15 21:37:41.886+09
3058	99293	99960	3	4	t	2022-03-16 08:59:26.848+09
3059	99293	92415	1	5	t	2022-03-26 17:34:14.493+09
3060	99293	75480	5	1	f	2022-02-23 19:27:12.573+09
3061	99293	15893	4	0	t	2022-03-19 02:04:17.263+09
3062	99293	60803	5	5	f	2022-09-26 03:16:18.12+09
3063	99293	51155	3	5	f	2022-04-12 10:26:10.653+09
3064	99293	14347	4	0	f	2023-02-06 20:29:47.126+09
3065	99293	91664	5	5	f	2022-03-23 21:58:58.523+09
3066	99293	33328	5	5	f	2022-11-01 07:31:00.926+09
3067	99293	44925	1	3	f	2022-12-19 13:35:35.057+09
3068	99293	69511	0	2	t	2022-11-16 03:53:32.699+09
3069	99293	53607	5	4	f	2022-11-20 10:36:29.803+09
3070	99293	46868	4	3	t	2022-06-10 05:17:57.71+09
3071	33880	25136	0	1	f	2022-07-04 11:47:35.539+09
3072	33880	46835	1	5	t	2022-12-23 13:03:35.632+09
3073	33880	73885	2	2	f	2022-08-12 00:43:58.388+09
3074	33880	32923	4	2	f	2022-04-13 23:28:52.268+09
3075	33880	41472	0	5	f	2023-01-03 07:20:32.662+09
3076	33880	49578	4	2	t	2023-01-13 20:49:48.928+09
3077	33880	72786	2	2	f	2022-05-07 04:36:03.138+09
3078	33880	85709	0	2	f	2022-08-22 08:18:39.844+09
3079	33880	82331	1	1	t	2022-09-17 13:44:42.492+09
3080	33880	42384	2	4	f	2022-12-14 02:59:16.495+09
3081	33880	85620	3	4	t	2022-04-14 04:07:46.476+09
3082	33880	95235	1	3	t	2022-04-14 16:26:02.314+09
3083	33880	37354	5	5	f	2022-05-23 08:38:23.224+09
3084	33880	33227	0	0	f	2023-01-28 10:01:30.949+09
3085	33880	75955	4	4	t	2022-03-25 22:50:18.626+09
3086	33880	99960	0	4	t	2023-01-23 12:03:10.493+09
3087	33880	92415	2	1	t	2022-11-04 23:44:45.761+09
3088	58288	25136	1	2	f	2022-10-24 22:28:39.341+09
3089	58288	46835	3	0	t	2022-10-17 05:19:38.385+09
3090	58288	73885	4	2	t	2023-01-19 03:32:16.587+09
3091	58288	32923	1	5	t	2023-02-04 08:06:46.075+09
3092	58288	41472	2	2	t	2022-10-13 18:54:51.483+09
3093	58288	49578	5	0	f	2022-04-07 06:09:30.61+09
3094	58288	72786	4	1	t	2023-01-08 01:10:01.469+09
3095	58288	85709	3	3	t	2022-08-20 06:19:19.753+09
3096	58288	82331	5	4	f	2022-04-20 07:49:31.741+09
3097	58288	42384	2	1	f	2022-10-18 18:14:48.581+09
3098	58288	85620	1	0	t	2022-06-08 01:10:44.342+09
3099	58288	95235	5	0	f	2022-09-29 15:20:25.937+09
3100	58288	37354	4	2	t	2022-02-14 19:43:25.318+09
3101	58288	33227	1	0	t	2022-08-06 04:59:48.08+09
3102	58288	75955	2	0	f	2022-06-27 10:47:21.041+09
3103	58288	99960	3	5	t	2022-05-08 07:36:24.693+09
3104	58288	92415	4	0	f	2022-12-08 10:03:36.86+09
3105	58288	75480	2	1	t	2022-11-01 10:05:05.214+09
3106	58288	15893	3	2	f	2022-04-13 11:50:31.943+09
3107	58288	60803	3	4	t	2022-02-24 00:58:35.258+09
3108	58288	51155	3	3	f	2022-10-28 22:42:04.912+09
3109	58288	14347	1	3	t	2022-12-11 21:59:01.806+09
3110	31632	25136	5	1	f	2022-07-26 22:40:38.135+09
3111	31632	46835	2	3	f	2022-09-06 17:55:47.656+09
3112	31632	73885	5	0	f	2022-12-19 00:18:15.419+09
3113	31632	32923	0	3	f	2022-08-02 06:33:44.647+09
3114	31632	41472	1	3	f	2022-09-07 03:37:10.613+09
3115	31632	49578	4	3	t	2022-12-23 20:47:25.023+09
3116	31632	72786	0	3	t	2022-08-13 00:54:40.552+09
3117	31632	85709	2	0	f	2023-01-12 09:45:15.881+09
3118	31632	82331	0	1	f	2022-07-07 20:46:54.73+09
3119	31632	42384	2	3	f	2022-06-20 14:33:02.661+09
3120	31632	85620	4	2	f	2023-02-08 19:40:08.9+09
3121	31632	95235	1	2	t	2022-05-25 03:51:54.431+09
3122	31632	37354	0	2	t	2022-04-03 23:08:51.517+09
3123	31632	33227	5	4	f	2023-01-07 21:18:36.287+09
3124	31632	75955	0	4	f	2022-03-24 00:05:24.05+09
3125	31632	99960	4	1	t	2022-11-13 12:22:54.429+09
3126	87654	25136	4	5	t	2022-06-07 11:10:56.26+09
3127	87654	46835	4	3	t	2022-11-28 04:33:27.451+09
3128	87654	73885	1	0	t	2022-11-11 11:31:37.838+09
3129	87654	32923	0	2	f	2022-09-10 12:41:03.718+09
3130	87654	41472	5	2	t	2022-09-06 14:05:25.922+09
3131	87654	49578	1	1	t	2022-12-31 09:15:15.59+09
3132	87654	72786	5	5	f	2022-09-12 08:15:47.998+09
3133	87654	85709	1	1	f	2022-07-11 07:17:11.475+09
3134	87654	82331	5	2	f	2022-08-24 08:17:18.334+09
3135	87654	42384	1	0	t	2022-05-12 16:37:21.54+09
3136	87654	85620	2	0	t	2022-11-20 15:00:30.225+09
3137	87654	95235	4	1	t	2022-12-25 06:50:43.479+09
3138	87654	37354	0	0	f	2022-04-18 11:41:17.705+09
3139	87654	33227	4	0	f	2022-06-06 20:00:35.186+09
3140	87654	75955	2	0	t	2022-05-12 14:08:07.972+09
3141	87654	99960	5	1	t	2022-07-01 01:46:28.202+09
3142	87654	92415	4	5	f	2022-11-23 00:17:24.408+09
3143	87654	75480	4	1	t	2022-10-06 09:08:42.897+09
3144	87654	15893	0	4	t	2022-09-06 14:23:44.242+09
3145	87654	60803	5	5	f	2022-08-16 03:17:53.336+09
3146	87654	51155	3	1	f	2022-06-25 09:10:17.801+09
3147	87654	14347	4	5	f	2022-04-21 20:34:09.591+09
3148	96665	25136	5	0	t	2022-06-25 21:25:27.991+09
3149	96665	46835	5	3	t	2023-01-24 19:21:59.589+09
3150	96665	73885	0	5	f	2022-04-12 22:55:00.293+09
3151	70966	25136	0	5	t	2022-03-01 21:16:23.365+09
3152	70966	46835	3	2	t	2022-03-15 16:06:47.522+09
3153	70966	73885	5	0	t	2022-11-23 05:16:34.901+09
3154	70966	32923	2	1	t	2022-08-25 10:58:19.87+09
3155	70966	41472	2	1	t	2022-03-19 20:23:54.983+09
3156	70966	49578	5	5	t	2022-10-27 12:58:57.662+09
3157	70966	72786	0	1	f	2022-06-28 15:49:52.993+09
3158	70966	85709	0	2	t	2022-08-16 00:33:59.507+09
3159	70966	82331	1	3	t	2022-07-30 09:16:18.657+09
3160	70966	42384	4	2	t	2023-01-03 00:20:10.713+09
3161	70966	85620	0	3	t	2022-10-18 11:43:20.883+09
3162	70966	95235	4	1	f	2022-07-02 12:18:39.902+09
3163	70966	37354	1	3	f	2022-08-21 09:53:11.016+09
3164	70966	33227	3	2	t	2022-06-03 20:41:42.372+09
3165	70966	75955	0	4	t	2022-05-05 15:08:17.101+09
3166	70966	99960	1	5	t	2022-12-05 20:19:54.413+09
3167	70966	92415	4	5	f	2022-05-22 12:25:36.896+09
3168	70966	75480	3	3	t	2022-08-26 07:07:00.899+09
3169	70966	15893	2	4	t	2022-11-15 02:40:19.596+09
3170	70966	60803	2	0	t	2022-06-03 23:13:00.021+09
3171	70966	51155	2	5	f	2023-02-10 23:16:04.817+09
3172	70966	14347	4	1	f	2022-09-25 00:33:49.239+09
3173	70966	91664	2	0	t	2022-06-09 23:40:36.093+09
3174	70966	33328	0	3	t	2022-10-11 13:11:58.88+09
3175	70966	44925	2	4	f	2023-01-24 08:23:28.544+09
3176	70966	69511	1	1	t	2022-07-01 09:18:06.701+09
3177	70966	53607	3	3	t	2022-12-23 18:05:38.941+09
3178	70966	46868	0	4	t	2022-02-27 07:50:26.526+09
3179	20598	25136	4	0	f	2023-02-01 00:01:06.658+09
3180	20598	46835	2	3	t	2022-05-14 10:55:24.451+09
3181	20598	73885	0	1	t	2022-07-19 15:08:00.87+09
3182	20598	32923	0	2	f	2022-08-19 15:25:20.069+09
3183	20598	41472	2	5	f	2022-11-13 03:01:59.727+09
3184	20598	49578	4	1	f	2022-04-17 12:19:27.618+09
3185	20598	72786	3	4	f	2022-08-03 08:01:11.683+09
3186	20598	85709	1	5	f	2022-03-04 07:57:46.79+09
3187	20598	82331	0	2	t	2022-06-29 01:55:58.807+09
3188	20598	42384	1	1	t	2022-02-23 09:41:33.245+09
3189	20598	85620	4	1	f	2022-06-19 11:52:35.747+09
3190	20598	95235	2	0	t	2022-10-14 17:04:39.549+09
3191	20598	37354	2	2	t	2023-02-05 11:34:17.214+09
3192	20598	33227	4	2	t	2022-07-01 06:35:22.59+09
3193	20598	75955	5	1	t	2022-03-25 02:56:35.973+09
3194	20598	99960	5	3	f	2022-11-30 07:17:10.105+09
3195	41490	25136	4	5	f	2023-01-01 12:34:40.116+09
3196	41490	46835	4	2	f	2022-09-05 12:47:22.486+09
3197	41490	73885	1	4	f	2023-01-18 13:38:09.943+09
3198	41490	32923	2	3	t	2022-07-21 08:05:52.783+09
3199	41490	41472	1	0	t	2022-02-23 08:13:22.492+09
3200	41490	49578	4	0	t	2022-03-03 01:45:19.11+09
3201	41490	72786	1	5	t	2022-10-06 09:22:34.14+09
3202	41490	85709	5	2	t	2022-03-09 14:19:30.255+09
3203	41490	82331	1	1	t	2022-06-10 08:58:26.124+09
3204	41490	42384	0	4	t	2022-08-05 22:23:27.921+09
3205	41490	85620	2	3	f	2022-11-16 14:09:15.323+09
3206	41490	95235	4	5	t	2023-01-04 20:10:55.552+09
3207	41490	37354	2	5	f	2022-09-12 04:22:52.517+09
3208	41490	33227	2	3	f	2022-08-05 17:05:53.123+09
3209	63602	25136	2	2	t	2023-01-25 10:27:01.168+09
3210	63602	46835	1	5	f	2022-03-02 11:08:53.985+09
3211	63602	73885	2	4	f	2023-01-20 06:37:37.845+09
3212	63602	32923	3	3	t	2023-01-01 13:37:04.227+09
3213	63602	41472	4	2	f	2022-07-30 05:38:03.071+09
3214	63602	49578	0	0	f	2022-08-28 00:49:02.143+09
3215	63602	72786	3	1	t	2022-07-14 15:15:27.637+09
3216	63602	85709	5	1	t	2022-08-11 13:39:45.518+09
3217	63602	82331	2	5	f	2022-05-06 17:22:32.793+09
3218	63602	42384	4	1	f	2022-12-16 19:43:22.709+09
3219	63602	85620	3	5	f	2022-12-10 03:14:37.275+09
3220	63602	95235	5	0	t	2023-01-19 09:12:35.83+09
3221	63602	37354	2	0	t	2022-04-08 21:18:49.611+09
3222	63602	33227	1	3	f	2023-02-09 12:34:29.944+09
3223	63602	75955	1	5	t	2022-12-10 21:02:25.256+09
3224	63602	99960	3	4	t	2022-04-04 19:06:34.758+09
3225	63602	92415	1	1	t	2022-09-06 15:25:34.688+09
3226	79522	25136	5	0	f	2022-09-07 16:52:48.719+09
3227	79522	46835	2	2	t	2022-04-05 20:02:21.842+09
3228	79522	73885	5	4	t	2022-11-12 13:45:40.35+09
3229	79522	32923	5	1	t	2022-09-24 22:14:04.917+09
3230	79522	41472	5	4	f	2022-10-06 00:35:06.36+09
3231	79522	49578	0	4	f	2022-03-14 16:51:37.663+09
3232	79522	72786	2	0	t	2022-11-08 07:53:49.281+09
3233	60732	25136	1	2	t	2022-04-30 12:44:24.456+09
3234	60732	46835	0	0	f	2023-01-17 01:44:26.41+09
3235	60732	73885	4	3	t	2022-05-19 03:44:20.166+09
3236	60732	32923	4	2	t	2022-09-24 12:27:17.411+09
3237	60732	41472	3	1	t	2022-03-30 05:12:41.162+09
3238	60732	49578	5	3	f	2022-06-12 04:26:33.047+09
3239	60732	72786	2	0	t	2022-12-26 16:41:35.307+09
3240	60732	85709	4	1	f	2023-01-28 00:45:54.084+09
3241	60732	82331	5	0	t	2022-07-14 13:44:53.653+09
3242	60732	42384	2	5	f	2022-11-07 12:33:58.045+09
3243	60732	85620	4	0	t	2022-10-16 00:31:22.136+09
3244	60732	95235	0	2	f	2022-09-09 08:36:25.879+09
3245	60732	37354	3	1	f	2022-04-28 21:06:06.242+09
3246	60732	33227	1	4	t	2022-09-09 11:36:37.354+09
3247	60732	75955	5	2	f	2022-02-20 10:50:02.693+09
3248	60732	99960	3	1	f	2022-03-23 17:27:42.462+09
3249	60732	92415	2	0	f	2022-09-29 04:22:45.079+09
3250	60732	75480	3	5	t	2022-05-29 18:40:39.582+09
3251	60732	15893	1	4	f	2022-02-16 03:45:04.915+09
3252	60732	60803	4	0	f	2022-09-03 22:06:02.117+09
3253	60732	51155	0	2	t	2022-10-17 22:39:56.24+09
3254	60732	14347	3	1	f	2022-07-02 15:07:35.811+09
3255	60732	91664	2	1	f	2022-11-22 17:22:02.203+09
3256	60732	33328	0	1	f	2022-05-11 20:57:10.362+09
3257	60732	44925	4	4	f	2022-11-11 11:04:35.708+09
3258	60732	69511	0	4	f	2022-08-16 22:08:02.946+09
3259	60732	53607	4	3	t	2022-05-30 12:12:17.693+09
3260	28652	25136	5	3	f	2022-04-06 05:41:15.555+09
3261	28652	46835	0	5	t	2022-02-15 13:01:20.749+09
3262	28652	73885	4	0	t	2022-12-05 14:04:32.501+09
3263	28652	32923	5	4	t	2022-08-06 12:11:27.351+09
3264	28652	41472	5	5	f	2022-10-06 11:28:54.651+09
3265	28652	49578	4	2	t	2023-02-10 02:55:07.381+09
3266	28652	72786	2	1	t	2022-08-26 18:54:03.544+09
3267	28652	85709	5	0	t	2022-10-30 11:13:12.21+09
3268	28652	82331	5	4	t	2022-12-12 14:15:33.988+09
3269	28652	42384	2	5	f	2022-03-11 22:26:53.879+09
3270	28652	85620	1	5	f	2022-09-18 23:31:19.292+09
3271	28652	95235	4	3	f	2022-11-18 22:50:24.314+09
3272	28652	37354	5	1	f	2022-03-11 13:33:28.194+09
3273	28652	33227	2	1	f	2022-06-16 11:11:31.949+09
3274	28652	75955	2	2	f	2022-07-31 08:06:36.217+09
3275	28652	99960	4	1	f	2022-06-16 20:32:07.613+09
3276	28652	92415	5	5	f	2022-03-15 12:24:01.554+09
3277	28652	75480	3	1	t	2022-11-14 07:57:52.544+09
3278	28652	15893	5	3	f	2022-08-09 15:12:14.965+09
3279	28652	60803	1	0	t	2022-10-30 17:28:51.193+09
3280	28652	51155	2	5	t	2023-01-06 07:01:46.704+09
3281	28652	14347	3	5	f	2022-11-19 20:13:20.654+09
3282	28652	91664	3	2	f	2022-08-26 00:57:13.499+09
3283	28652	33328	5	4	f	2022-12-22 09:18:35.737+09
3284	28652	44925	2	0	t	2022-09-24 00:15:35.053+09
3285	51315	25136	2	3	f	2022-04-21 00:12:35.193+09
3286	99996	25136	2	4	t	2022-07-02 00:11:00.383+09
3287	36488	25136	3	0	f	2022-02-21 02:37:10.042+09
3288	36488	46835	2	2	f	2022-04-30 23:53:12.834+09
3289	36488	73885	0	3	f	2022-09-18 17:22:14.538+09
3290	36488	32923	3	5	t	2022-04-02 15:17:59.843+09
3291	36488	41472	1	5	t	2022-06-11 13:12:36.227+09
3292	36488	49578	3	0	t	2022-04-19 01:03:50.73+09
3293	36488	72786	0	4	t	2022-06-29 12:06:05.706+09
3294	36488	85709	3	0	f	2022-08-19 16:56:19.628+09
3295	36488	82331	5	4	f	2022-11-04 16:42:58.661+09
3296	36488	42384	0	1	t	2022-11-27 06:36:11.579+09
3297	36488	85620	4	5	t	2022-03-24 07:14:38.827+09
3298	36488	95235	2	3	t	2023-01-17 05:29:51.543+09
3299	36488	37354	2	5	f	2023-01-15 03:27:29.783+09
3300	36488	33227	1	3	t	2022-12-17 16:01:36.516+09
3301	36488	75955	0	3	t	2022-05-07 07:08:24.081+09
3302	36488	99960	4	2	t	2022-11-07 15:59:48.584+09
3303	36488	92415	5	3	f	2022-10-05 22:47:20.976+09
3304	36488	75480	3	4	t	2022-08-21 00:07:19.16+09
3305	36488	15893	3	5	t	2022-05-20 11:22:35.228+09
3306	36488	60803	1	1	f	2023-01-09 02:30:03.025+09
3307	36488	51155	0	0	f	2022-04-16 00:50:18.667+09
3308	36488	14347	0	4	f	2022-11-09 14:41:30.638+09
3309	36488	91664	4	0	f	2022-04-20 04:14:48.238+09
3310	36488	33328	4	1	f	2022-11-19 03:18:03.213+09
3311	36488	44925	2	3	f	2022-10-07 21:36:35.823+09
3312	36488	69511	3	3	t	2022-04-17 13:24:29.514+09
3313	79603	25136	4	2	t	2022-02-15 18:42:25.478+09
3314	89838	25136	2	2	f	2022-04-01 14:44:16.935+09
3315	89838	46835	5	3	f	2022-08-25 04:17:27.089+09
3316	89838	73885	2	4	t	2022-09-14 11:22:28.862+09
3317	89838	32923	3	3	f	2023-01-23 01:08:59.646+09
3318	89838	41472	0	3	t	2022-11-02 02:59:03.217+09
3319	89838	49578	1	0	f	2022-10-23 22:40:53.597+09
3320	89838	72786	2	3	t	2023-01-22 21:31:54.901+09
3321	89838	85709	0	3	t	2023-02-10 23:33:18.596+09
3322	89838	82331	1	2	f	2023-01-06 19:11:51.693+09
3323	89838	42384	4	4	t	2023-01-25 08:03:50.858+09
3324	89838	85620	2	0	t	2023-02-11 02:31:39.514+09
3325	89838	95235	3	5	f	2022-10-31 03:14:54.416+09
3326	89838	37354	4	0	t	2022-04-21 07:45:49.373+09
3327	89838	33227	2	1	f	2022-11-07 00:59:20.111+09
3328	89838	75955	5	0	t	2022-10-04 14:17:49.07+09
3329	89838	99960	3	0	t	2022-04-10 18:53:32.37+09
3330	89838	92415	1	4	f	2022-07-01 07:09:20.293+09
3331	89838	75480	1	4	f	2022-05-19 20:06:32.167+09
3332	89838	15893	0	5	t	2022-05-20 04:02:20.467+09
3333	89838	60803	1	5	f	2022-11-22 18:28:39.464+09
3334	89838	51155	4	3	t	2022-06-01 10:28:06.159+09
3335	97776	25136	3	2	f	2022-07-30 04:01:37.408+09
3336	97776	46835	1	1	t	2022-12-06 01:29:25.117+09
3337	97776	73885	1	3	t	2023-01-11 04:12:31.96+09
3338	97776	32923	4	3	f	2022-04-23 22:47:05.505+09
3339	97776	41472	1	4	f	2022-10-22 20:36:16.381+09
3340	97776	49578	0	2	t	2022-12-02 12:04:37.636+09
3341	46365	25136	2	0	f	2022-06-22 17:38:27.208+09
3342	46365	46835	1	5	t	2022-06-06 23:56:54.9+09
3343	46365	73885	0	0	t	2022-09-18 01:05:39.31+09
3344	46365	32923	4	2	f	2022-12-29 13:08:38.973+09
3345	46365	41472	0	4	f	2022-10-16 13:59:03.298+09
3346	46365	49578	2	0	t	2022-08-17 21:06:28.103+09
3347	46365	72786	4	4	t	2022-03-08 18:57:01.596+09
3348	46365	85709	4	2	t	2023-01-06 13:37:53.633+09
3349	46365	82331	2	3	f	2022-11-11 00:02:07.153+09
3350	46365	42384	3	5	f	2022-08-30 23:22:24.595+09
3351	46365	85620	2	2	f	2022-04-18 09:30:00.29+09
3352	46365	95235	3	2	f	2023-01-24 23:57:52.965+09
3353	46365	37354	5	1	f	2022-06-01 19:10:38.534+09
3354	46365	33227	0	5	t	2022-05-17 12:16:41.781+09
3355	46365	75955	0	4	f	2023-02-13 05:01:25.968+09
3356	46365	99960	0	4	t	2022-09-19 20:17:24.402+09
3357	46365	92415	2	1	f	2022-07-31 16:26:34.002+09
3358	46365	75480	4	3	t	2023-02-07 08:43:59.266+09
3359	46365	15893	2	0	t	2022-09-22 01:24:01.344+09
3360	46365	60803	4	4	f	2022-11-22 07:52:26.355+09
3361	46365	51155	4	2	t	2022-08-16 20:02:47.688+09
3362	46365	14347	0	0	t	2022-11-27 06:09:46.044+09
3363	46365	91664	5	5	t	2022-07-04 16:24:05.533+09
3364	46365	33328	2	4	t	2022-06-03 07:19:52.227+09
3365	46365	44925	2	3	f	2022-09-24 17:32:16.132+09
3366	46365	69511	4	0	t	2022-07-21 01:07:30.598+09
3367	38822	25136	0	0	f	2022-08-08 08:31:35.386+09
3368	38822	46835	3	4	t	2022-12-25 22:46:55.579+09
3369	38822	73885	1	2	t	2022-05-30 17:00:29.149+09
3370	38822	32923	1	4	f	2022-09-08 06:52:56.985+09
3371	38822	41472	3	5	f	2022-12-06 19:52:54.948+09
3372	38822	49578	3	0	f	2022-10-21 04:37:37.725+09
3373	38822	72786	3	3	f	2022-12-26 20:45:42.91+09
3374	38822	85709	0	1	t	2022-05-15 03:03:20.333+09
3375	38822	82331	1	0	f	2022-06-23 01:09:54.818+09
3376	38822	42384	2	2	t	2023-02-08 20:02:30.516+09
3377	38822	85620	1	0	t	2022-05-04 03:24:02.117+09
3378	38822	95235	5	2	t	2023-02-06 03:13:39.192+09
3379	55144	25136	4	0	f	2022-04-28 07:04:31.591+09
3380	55144	46835	3	4	f	2022-08-11 17:18:52.319+09
3381	55144	73885	1	4	t	2022-10-21 10:41:26.03+09
3382	55144	32923	4	5	f	2023-01-26 14:18:48.693+09
3383	55144	41472	4	1	t	2022-03-19 21:13:44.038+09
3384	55144	49578	4	3	t	2022-04-25 20:51:33.802+09
3385	55144	72786	3	2	f	2022-07-13 14:32:20.675+09
3386	55144	85709	5	4	f	2022-04-12 21:09:20.158+09
3387	55144	82331	5	1	f	2022-09-06 01:11:46.421+09
3388	50741	25136	3	0	t	2022-04-08 16:52:06.633+09
3389	26982	25136	4	3	t	2022-04-26 22:49:58.31+09
3390	26982	46835	1	1	f	2022-04-23 19:32:15.003+09
3391	26982	73885	0	2	f	2022-07-04 01:52:44.08+09
3392	25880	25136	5	0	f	2022-04-17 19:08:58.064+09
3393	25880	46835	1	0	f	2022-02-19 03:32:26.532+09
3394	25880	73885	4	2	t	2022-09-01 03:58:59.147+09
3395	25880	32923	3	5	t	2022-09-02 19:34:48.741+09
3396	25880	41472	4	5	f	2022-04-20 05:56:48.662+09
3397	25880	49578	0	5	t	2022-09-20 20:38:40.566+09
3398	25880	72786	5	5	f	2022-12-06 09:45:10.964+09
3399	25880	85709	0	4	t	2022-12-30 20:18:49.2+09
3400	25880	82331	5	5	f	2022-08-20 22:39:47.792+09
3401	25880	42384	3	3	t	2022-03-02 03:04:03.056+09
3402	25880	85620	2	2	t	2022-07-20 09:48:45.788+09
3403	25880	95235	2	4	t	2023-01-28 18:19:15.945+09
3404	25880	37354	0	4	f	2022-04-18 13:22:58.759+09
3405	25880	33227	0	1	f	2022-06-21 18:49:48.662+09
3406	25880	75955	4	4	t	2022-09-20 18:31:07.517+09
3407	25880	99960	3	2	t	2022-09-26 08:32:17.73+09
3408	25880	92415	4	0	t	2022-07-03 19:09:41.299+09
3409	25880	75480	4	1	f	2023-02-06 02:12:57.957+09
3410	25880	15893	5	3	t	2022-12-30 08:08:26.751+09
3411	25880	60803	3	5	f	2022-07-09 11:43:31.156+09
3412	25880	51155	1	1	f	2023-01-23 08:00:58.749+09
3413	25880	14347	0	0	t	2022-12-12 07:29:55.751+09
3414	25880	91664	5	5	f	2022-06-05 12:49:49.774+09
3415	86615	25136	2	5	f	2023-02-01 11:14:12.252+09
3416	86615	46835	1	1	f	2022-04-13 07:26:17.587+09
3417	86615	73885	3	2	f	2022-02-27 10:04:18.267+09
3418	86615	32923	2	3	f	2022-07-02 13:14:04.122+09
3419	86615	41472	4	4	t	2022-08-17 13:53:36.736+09
3420	86615	49578	0	2	t	2022-09-14 02:22:14.858+09
3421	86615	72786	4	3	f	2022-05-08 05:20:39.269+09
3422	86615	85709	3	2	t	2022-09-28 19:02:42.772+09
3423	86615	82331	3	2	f	2022-06-01 19:46:02.659+09
3424	86615	42384	0	5	f	2022-11-16 01:07:03.4+09
3425	86615	85620	1	1	t	2022-10-10 09:43:00.262+09
3426	86615	95235	3	1	f	2022-07-24 13:35:21.855+09
3427	86615	37354	0	4	t	2022-11-19 09:49:20.31+09
3428	86615	33227	3	5	f	2022-08-07 02:26:13.882+09
3429	86615	75955	5	2	f	2022-08-23 11:42:24.098+09
3430	86615	99960	0	5	t	2022-12-28 06:27:51.075+09
3431	86615	92415	2	4	t	2022-08-23 17:29:04.205+09
3432	86615	75480	4	0	t	2022-07-03 02:28:55.602+09
3433	42097	25136	2	1	t	2023-02-03 06:48:43.873+09
3434	42097	46835	3	1	t	2022-10-06 23:39:05.198+09
3435	42097	73885	1	4	f	2022-02-27 12:50:48.272+09
3436	42097	32923	4	3	t	2022-03-02 22:26:33.83+09
3437	42097	41472	1	4	f	2022-09-06 08:28:51.891+09
3438	42097	49578	5	4	f	2023-02-02 11:16:06.157+09
3439	42097	72786	4	4	t	2022-05-21 22:20:40.06+09
3440	42097	85709	1	0	f	2023-01-10 03:36:47.694+09
3441	42097	82331	2	0	t	2022-09-09 09:34:41.504+09
3442	42097	42384	5	1	f	2022-02-19 08:40:18.963+09
3443	42097	85620	4	3	t	2022-08-14 18:33:01.387+09
3444	42097	95235	4	3	t	2022-03-06 01:53:32.66+09
3445	42097	37354	3	5	t	2022-04-14 11:46:59.737+09
3446	42097	33227	5	1	f	2023-01-24 03:45:44.156+09
3447	42097	75955	2	0	f	2022-03-28 08:13:58.617+09
3448	42097	99960	1	3	f	2023-02-09 17:45:29.698+09
3449	42097	92415	3	1	f	2022-10-02 21:31:11.85+09
3450	42097	75480	5	2	f	2022-09-03 01:42:36.949+09
3451	42097	15893	4	3	t	2022-07-30 12:06:05.222+09
3452	86178	25136	3	5	f	2022-06-07 15:55:19.239+09
3453	86178	46835	0	0	f	2022-12-06 15:43:29.288+09
3454	86178	73885	4	1	t	2022-04-13 05:31:58.803+09
3455	86178	32923	5	4	f	2022-10-18 23:37:24.865+09
3456	86178	41472	5	3	t	2022-09-11 13:45:54.585+09
3457	86178	49578	1	4	t	2022-04-22 09:11:42.636+09
3458	86178	72786	0	4	f	2022-08-14 03:26:52.654+09
3459	86178	85709	0	4	f	2022-08-03 15:35:04.793+09
3460	86178	82331	5	4	t	2022-09-23 03:45:41.758+09
3461	86178	42384	4	2	t	2022-08-30 03:08:15.42+09
3462	86178	85620	2	3	t	2023-01-31 18:08:25.35+09
3463	86178	95235	1	4	t	2023-01-05 13:22:10.909+09
3464	86178	37354	0	5	t	2022-11-06 01:37:36.2+09
3465	86178	33227	5	3	f	2023-01-13 12:29:56.13+09
3466	86178	75955	1	0	f	2022-03-03 18:08:02.347+09
3467	86178	99960	3	3	t	2022-10-26 05:57:25.195+09
3468	86178	92415	2	5	t	2022-05-11 01:34:23.097+09
3469	86178	75480	2	0	t	2022-11-06 10:57:53.757+09
3470	86178	15893	2	1	t	2023-02-08 03:51:01.685+09
3471	86178	60803	2	5	t	2022-09-03 05:11:05.514+09
3472	39454	25136	5	3	t	2023-01-22 10:50:20.68+09
3473	39454	46835	4	3	t	2022-11-23 03:37:29.656+09
3474	39454	73885	3	3	t	2022-05-16 16:44:31.099+09
3475	39454	32923	5	4	t	2023-01-30 23:28:36.552+09
3476	39454	41472	4	2	t	2022-07-12 23:12:34.055+09
3477	80293	25136	3	0	f	2022-08-20 10:06:15.766+09
3478	80293	46835	4	0	f	2022-07-09 21:39:53.223+09
3479	80293	73885	5	3	f	2022-08-26 02:43:35.208+09
3480	80293	32923	2	4	f	2022-03-12 03:48:45.115+09
3481	80293	41472	5	2	f	2022-03-21 21:15:42.906+09
3482	80293	49578	5	3	t	2022-09-20 22:59:42.345+09
3483	80293	72786	3	1	f	2022-03-23 22:24:50.732+09
3484	47414	25136	5	3	t	2022-04-12 19:36:56.895+09
3485	47414	46835	3	2	t	2022-05-22 11:27:06.74+09
3486	47414	73885	1	0	t	2022-11-17 19:13:45.18+09
3487	47414	32923	3	1	t	2022-06-07 17:30:46.146+09
3488	47414	41472	1	2	f	2023-01-01 10:56:17.501+09
3489	47414	49578	0	2	t	2023-01-21 15:06:16.392+09
3490	47414	72786	1	1	f	2022-10-10 23:30:54.032+09
3491	47414	85709	3	2	t	2022-11-05 06:08:21.548+09
3492	47414	82331	0	4	f	2022-02-20 06:52:00.199+09
3493	47414	42384	2	1	t	2022-10-28 02:06:49.92+09
3494	47414	85620	5	2	t	2022-09-08 13:03:18.367+09
3495	47414	95235	0	0	f	2022-09-01 11:53:23.778+09
3496	47414	37354	3	1	t	2022-03-22 11:19:09.296+09
3497	47414	33227	1	2	t	2022-09-26 20:25:53.781+09
3498	47414	75955	2	5	f	2022-10-17 21:25:15.773+09
3499	47414	99960	2	1	t	2022-10-15 00:37:18.045+09
3500	47414	92415	4	4	f	2022-04-29 13:50:35.461+09
3501	75128	25136	2	4	t	2023-01-22 16:04:50.967+09
3502	75128	46835	4	2	f	2022-08-03 07:58:55.295+09
3503	75128	73885	0	1	f	2022-11-15 22:08:41.388+09
3504	75128	32923	3	5	t	2022-10-12 15:23:18.57+09
3505	75128	41472	3	5	t	2022-10-19 11:07:42.792+09
3506	75128	49578	1	4	t	2022-06-10 07:50:15.643+09
3507	75128	72786	3	3	f	2022-04-30 04:43:08.87+09
3508	75128	85709	3	3	f	2022-08-08 17:08:01.227+09
3509	75128	82331	2	5	f	2022-11-19 07:26:52.036+09
3510	75128	42384	4	0	f	2022-06-21 13:15:45.153+09
3511	75128	85620	1	1	f	2022-08-01 18:28:54.948+09
3512	75128	95235	1	2	t	2022-06-17 14:05:09.907+09
3513	75128	37354	5	3	f	2022-05-14 16:33:54.589+09
3514	75128	33227	2	2	t	2022-05-10 14:15:44.731+09
3515	75128	75955	2	5	t	2022-10-11 11:42:21.477+09
3516	75128	99960	5	0	f	2022-07-14 15:34:59.699+09
3517	91652	25136	2	0	f	2022-05-10 06:36:05.163+09
3518	91652	46835	3	1	f	2022-05-17 18:51:44.785+09
3519	91652	73885	0	5	f	2022-10-19 09:34:35.033+09
3520	91652	32923	4	1	t	2022-05-29 19:56:22.195+09
3521	91652	41472	3	2	f	2022-04-11 00:00:11.831+09
3522	91652	49578	4	5	t	2022-12-27 12:28:54.1+09
3523	91652	72786	4	2	t	2022-04-08 16:35:49.45+09
3524	91652	85709	1	3	t	2022-03-19 02:08:02.886+09
3525	91652	82331	5	3	f	2023-01-06 21:47:31.149+09
3526	91652	42384	5	2	t	2022-02-27 08:06:32.541+09
3527	91652	85620	4	2	t	2023-02-10 03:22:44.367+09
3528	91652	95235	0	5	t	2023-01-16 05:02:54.392+09
3529	91652	37354	4	5	f	2022-06-26 02:40:09.071+09
3530	91652	33227	4	1	t	2022-07-30 00:14:53.137+09
3531	91652	75955	2	4	f	2023-02-03 00:18:40.386+09
3532	91652	99960	3	0	t	2022-02-15 23:46:30.657+09
3533	91652	92415	3	3	t	2022-07-07 11:24:50.346+09
3534	91652	75480	0	3	f	2022-10-15 07:17:37.645+09
3535	91652	15893	0	0	f	2022-09-23 09:56:37.437+09
3536	91652	60803	4	4	f	2023-02-12 01:50:20.009+09
3537	91652	51155	1	2	f	2022-10-20 02:30:55.942+09
3538	91652	14347	2	1	f	2022-02-17 15:36:39.211+09
3539	91652	91664	1	4	t	2022-03-03 11:33:54.514+09
3540	39756	25136	3	5	f	2022-05-12 23:51:05.215+09
3541	39756	46835	3	5	t	2022-06-08 07:36:48.558+09
3542	39756	73885	3	0	t	2023-01-31 06:25:44.621+09
3543	39756	32923	1	2	t	2022-06-02 19:17:30.333+09
3544	39756	41472	4	5	f	2022-11-28 07:09:17.216+09
3545	39756	49578	1	4	t	2022-06-18 05:47:50.86+09
3546	39756	72786	1	3	t	2022-10-27 21:19:45.868+09
3547	39756	85709	3	2	t	2022-08-10 18:01:29.494+09
3548	39756	82331	4	3	f	2022-08-20 05:22:56.683+09
3549	39756	42384	0	2	f	2022-12-09 18:17:11.995+09
3550	39756	85620	0	4	t	2022-10-15 03:34:55.832+09
3551	39756	95235	5	4	t	2022-03-02 21:50:58.691+09
3552	39756	37354	5	4	t	2022-06-19 08:20:53.684+09
3553	39756	33227	0	3	f	2022-12-05 18:31:11.28+09
3554	39756	75955	4	3	f	2022-03-13 00:37:50.785+09
3555	39756	99960	4	4	t	2022-07-24 14:53:19.63+09
3556	39756	92415	4	4	f	2022-06-22 08:53:15.794+09
3557	39756	75480	2	2	t	2022-10-30 02:30:14.746+09
3558	39756	15893	4	5	f	2022-02-17 12:55:16.294+09
3559	39756	60803	0	2	f	2022-09-24 06:11:48.531+09
3560	39756	51155	0	5	f	2022-03-18 02:31:29.52+09
3561	39756	14347	1	2	f	2022-10-21 07:24:19.067+09
3562	39756	91664	1	2	f	2023-01-08 12:05:47.433+09
3563	30502	25136	4	4	t	2022-12-20 20:12:04.968+09
3564	30502	46835	5	2	t	2022-09-27 01:15:32.591+09
3565	30502	73885	0	3	f	2022-05-16 17:55:44.623+09
3566	30502	32923	2	1	f	2023-01-03 05:23:04.523+09
3567	30502	41472	2	3	t	2023-01-06 16:48:19.723+09
3568	30502	49578	5	2	f	2022-07-31 23:48:23.974+09
3569	30502	72786	5	3	f	2022-11-19 22:00:51.786+09
3570	30502	85709	5	4	f	2022-10-16 06:33:11.118+09
3571	30502	82331	1	2	f	2023-01-03 15:22:46.381+09
3572	30502	42384	2	1	f	2022-03-27 03:58:16.784+09
3573	30502	85620	5	1	f	2022-12-19 06:14:14.162+09
3574	30502	95235	4	4	t	2022-06-14 21:25:09.749+09
3575	30502	37354	2	1	f	2022-06-02 12:51:31.969+09
3576	30502	33227	1	5	f	2022-03-14 18:49:09.115+09
3577	30502	75955	1	3	f	2022-05-12 04:09:34.29+09
3578	30502	99960	3	4	f	2023-02-07 11:06:01.268+09
3579	30502	92415	3	0	f	2022-03-08 09:54:09.793+09
3580	30502	75480	0	4	t	2023-02-12 19:51:19.934+09
3581	30502	15893	3	0	f	2022-02-16 15:48:48.187+09
3582	30502	60803	0	3	t	2022-12-01 01:01:12.882+09
3583	30502	51155	1	0	t	2023-01-31 09:02:02.023+09
3584	30502	14347	5	5	t	2022-02-24 06:03:56.507+09
3585	30502	91664	0	3	f	2022-09-17 20:37:10.849+09
3586	51467	25136	5	4	t	2023-01-14 13:14:29.169+09
3587	51467	46835	1	2	t	2023-01-02 16:26:20.739+09
3588	23861	25136	1	0	f	2022-10-27 19:03:24.142+09
3589	23861	46835	0	2	f	2022-04-05 08:28:03.293+09
3590	23861	73885	5	2	t	2022-07-16 21:42:55.513+09
3591	23861	32923	3	0	t	2022-10-18 13:22:24.792+09
3592	23861	41472	5	5	f	2022-12-25 22:26:28.272+09
3593	23861	49578	3	2	f	2022-07-14 01:20:43.42+09
3594	23861	72786	3	1	f	2022-08-21 23:35:29.943+09
3595	23861	85709	5	0	f	2022-07-06 19:53:45.643+09
3596	23861	82331	4	1	t	2022-09-06 19:35:54.947+09
3597	23861	42384	0	1	f	2022-11-16 06:30:12.012+09
3598	23861	85620	4	3	f	2023-01-15 15:42:50.876+09
3599	23861	95235	4	0	t	2022-03-12 01:52:16.949+09
3600	23861	37354	1	2	t	2022-12-14 20:59:15.948+09
3601	23861	33227	4	4	t	2022-10-24 12:57:08.678+09
3602	51565	25136	4	1	f	2022-07-19 04:46:14.88+09
3603	51565	46835	0	0	t	2023-01-06 15:05:45.941+09
3604	51565	73885	1	2	f	2022-12-08 05:22:01.866+09
3605	75201	25136	5	0	f	2023-01-13 10:25:11.284+09
3606	75201	46835	3	5	t	2022-04-28 14:07:54.395+09
3607	75201	73885	3	2	t	2022-04-10 00:21:02.964+09
3608	75201	32923	1	3	f	2022-07-29 08:49:35.016+09
3609	75201	41472	5	5	t	2022-07-20 18:15:40.445+09
3610	75201	49578	5	0	f	2022-09-21 21:07:39.971+09
3611	75201	72786	3	1	f	2022-08-10 15:42:36.635+09
3612	75201	85709	4	1	f	2022-07-19 17:39:02.873+09
3613	75201	82331	3	0	f	2023-01-19 10:22:29.342+09
3614	75201	42384	4	2	f	2022-08-28 08:30:16.334+09
3615	75201	85620	1	3	f	2022-08-09 14:30:57.912+09
3616	73163	25136	3	0	t	2022-08-25 16:41:19.179+09
3617	30337	25136	4	4	t	2022-09-12 02:32:35.664+09
3618	30337	46835	5	2	t	2022-06-27 20:47:39.495+09
3619	66910	25136	0	4	t	2022-07-04 21:24:57.897+09
3620	66910	46835	2	0	f	2022-09-24 17:59:32.757+09
3621	66910	73885	3	1	f	2022-10-27 09:59:56.566+09
3622	66910	32923	0	0	f	2022-12-26 06:04:43.768+09
3623	66910	41472	1	3	f	2022-11-29 06:52:05.059+09
3624	66910	49578	2	4	f	2022-10-21 19:14:24.93+09
3625	66910	72786	3	5	f	2022-03-09 23:10:43.429+09
3626	66910	85709	4	1	f	2022-12-23 02:19:55.826+09
3627	66910	82331	5	3	t	2022-10-03 20:53:50.581+09
3628	66910	42384	2	1	f	2022-10-10 03:42:51.8+09
3629	66910	85620	0	2	f	2022-04-23 20:30:14.819+09
3630	66910	95235	3	3	f	2022-06-19 01:32:12.881+09
3631	66910	37354	0	2	t	2022-05-10 08:25:27.924+09
3632	66910	33227	0	0	t	2023-02-11 16:41:34.237+09
3633	66910	75955	0	3	f	2022-09-04 03:25:13.998+09
3634	53271	25136	4	5	f	2022-06-19 10:29:52.743+09
3635	53271	46835	2	0	t	2022-11-03 17:17:53.593+09
3636	53271	73885	3	3	t	2022-09-06 16:30:01.875+09
3637	53271	32923	3	5	f	2022-07-11 17:28:53.959+09
3638	96928	25136	4	1	f	2022-08-03 06:36:26.073+09
3639	96928	46835	4	5	t	2023-01-15 16:14:03.431+09
3640	96928	73885	1	2	f	2022-02-27 18:00:46.29+09
3641	96928	32923	4	0	t	2022-11-11 12:35:46.882+09
3642	96928	41472	5	4	f	2023-01-11 01:39:32.645+09
3643	96928	49578	4	0	t	2022-08-04 11:17:20.625+09
3644	96928	72786	0	5	f	2022-05-16 02:15:57.409+09
3645	96928	85709	5	1	f	2022-05-02 15:05:44.98+09
3646	96928	82331	2	5	t	2022-08-13 02:52:51.162+09
3647	96928	42384	2	5	t	2022-07-16 11:29:53.325+09
3648	96928	85620	2	3	f	2022-03-09 19:02:50.506+09
3649	96928	95235	3	3	t	2022-03-24 02:39:10.468+09
3650	96928	37354	0	2	t	2022-10-06 05:53:22.966+09
3651	96928	33227	4	0	f	2022-08-26 14:51:08.427+09
3652	96928	75955	2	0	f	2023-01-17 04:45:40.37+09
3653	96928	99960	5	4	f	2022-11-09 17:40:59.312+09
3654	96928	92415	0	0	f	2022-03-31 03:46:05.267+09
3655	96928	75480	4	2	f	2022-06-11 19:19:42.979+09
3656	96928	15893	3	0	t	2022-11-30 10:45:10.246+09
3657	96928	60803	5	4	f	2022-04-26 09:20:22.553+09
3658	96928	51155	0	1	t	2022-05-04 22:00:49.18+09
3659	96928	14347	3	1	t	2022-11-14 18:14:49.282+09
3660	96928	91664	4	3	t	2022-11-20 12:23:39.782+09
3661	96928	33328	2	0	f	2022-03-09 11:37:27.732+09
3662	96928	44925	0	5	t	2022-07-29 21:19:59.683+09
3663	96928	69511	5	4	t	2022-03-17 22:56:45.626+09
3664	96928	53607	5	0	t	2022-10-22 23:12:29.854+09
3665	54274	25136	1	4	t	2022-07-03 16:37:01.435+09
3666	54274	46835	3	0	t	2022-04-14 19:42:08.784+09
3667	54274	73885	5	3	t	2022-07-26 10:52:49.66+09
3668	54274	32923	5	3	f	2022-03-26 06:58:02.039+09
3669	54274	41472	2	2	f	2022-12-18 04:18:57.329+09
3670	54274	49578	2	5	f	2023-01-15 22:51:30.305+09
3671	54274	72786	4	2	t	2022-08-19 00:56:55.792+09
3672	54274	85709	0	0	t	2023-01-21 18:28:19.282+09
3673	54274	82331	3	3	t	2022-02-19 23:49:59.073+09
3674	54274	42384	0	3	f	2022-04-10 16:38:23.246+09
3675	54274	85620	5	2	f	2023-02-11 13:23:42.366+09
3676	54274	95235	4	4	f	2022-04-19 17:23:38.634+09
3677	54274	37354	1	4	t	2023-02-07 16:52:12.056+09
3678	54274	33227	5	3	t	2022-02-17 08:28:16.45+09
3679	54274	75955	3	3	t	2022-03-10 09:42:06.456+09
3680	54274	99960	2	5	f	2022-08-24 09:57:13.017+09
3681	54274	92415	4	5	f	2023-01-25 03:15:04.209+09
3682	82276	25136	1	3	t	2022-07-22 09:40:56.231+09
3683	82276	46835	0	2	t	2022-12-15 07:40:31.636+09
3684	82276	73885	2	2	t	2022-07-04 01:30:01.531+09
3685	82276	32923	4	0	t	2022-07-22 01:15:58.356+09
3686	82276	41472	2	0	f	2023-01-28 16:08:12.136+09
3687	82276	49578	5	1	t	2022-03-02 19:40:29.128+09
3688	82276	72786	0	2	t	2022-07-16 22:20:47.987+09
3689	82276	85709	0	5	f	2022-03-29 16:46:55.681+09
3690	82276	82331	0	0	t	2022-04-08 06:41:29.35+09
3691	82276	42384	4	4	f	2022-09-30 12:52:59.953+09
3692	82276	85620	1	5	f	2022-09-03 07:17:16.018+09
3693	82276	95235	0	2	t	2022-05-10 23:39:13.114+09
3694	82276	37354	4	5	f	2022-06-11 09:45:04.163+09
3695	82276	33227	1	1	f	2022-09-09 16:27:29.465+09
3696	82276	75955	0	1	t	2022-06-03 23:38:35.01+09
3697	82276	99960	0	0	f	2022-11-04 18:38:45.672+09
3698	82276	92415	0	0	t	2022-07-15 15:08:04.404+09
3699	82276	75480	0	3	f	2022-05-05 07:01:41.806+09
3700	20077	25136	3	2	f	2022-08-08 03:25:29.862+09
3701	20077	46835	0	5	t	2022-04-03 16:48:25.287+09
3702	20077	73885	2	3	f	2022-10-22 06:36:18.959+09
3703	20077	32923	5	3	f	2022-11-01 03:32:21.881+09
3704	20077	41472	5	2	f	2022-02-19 20:27:52.761+09
3705	20077	49578	5	4	f	2022-11-07 04:37:25.132+09
3706	20077	72786	4	4	t	2022-03-18 13:46:31.663+09
3707	20077	85709	3	0	f	2022-06-16 15:31:37.351+09
3708	20077	82331	4	4	t	2022-10-13 00:45:38.778+09
3709	20077	42384	3	3	f	2022-09-28 14:40:00.688+09
3710	20077	85620	0	1	t	2022-03-06 02:41:53.958+09
3711	20077	95235	4	3	f	2022-10-25 10:40:08.946+09
3712	20077	37354	0	3	f	2022-03-24 16:23:11.728+09
3713	20077	33227	1	0	f	2022-02-21 23:44:00.169+09
3714	20077	75955	3	3	f	2022-08-30 20:18:36.985+09
3715	98784	25136	2	5	f	2022-07-04 02:41:38.588+09
3716	98784	46835	3	5	t	2022-08-23 19:35:20.003+09
3717	98784	73885	1	0	t	2023-01-24 04:54:57.468+09
3718	98784	32923	1	2	f	2022-05-17 03:44:16.951+09
3719	98784	41472	0	1	t	2022-08-28 02:13:08.169+09
3720	98784	49578	4	4	t	2022-11-17 08:25:54.111+09
3721	98784	72786	0	5	f	2022-08-15 03:00:10.848+09
3722	43163	25136	4	0	t	2022-05-03 16:55:28.402+09
3723	81369	25136	2	3	t	2022-10-20 01:24:42.736+09
3724	81369	46835	0	2	f	2022-04-26 13:56:20.797+09
3725	81369	73885	2	5	f	2022-12-27 07:56:47.595+09
3726	81369	32923	4	3	f	2022-08-26 12:09:21.756+09
3727	81369	41472	5	4	f	2023-02-06 19:17:57.551+09
3728	81369	49578	3	2	f	2022-03-08 12:54:25.893+09
3729	81369	72786	5	0	t	2022-12-26 04:52:45.822+09
3730	81369	85709	3	1	f	2022-09-07 04:09:03.252+09
3731	81369	82331	4	3	f	2022-07-30 06:25:54.08+09
3732	81369	42384	4	2	t	2022-03-25 15:37:05.665+09
3733	81369	85620	2	2	f	2022-04-12 10:54:27.025+09
3734	81369	95235	3	2	t	2022-12-15 05:21:26.127+09
3735	81369	37354	3	3	t	2022-09-22 04:21:39.454+09
3736	81369	33227	4	2	t	2022-05-15 08:41:45.655+09
3737	42711	25136	5	3	f	2022-12-10 05:45:33.66+09
3738	42711	46835	1	1	f	2022-09-22 12:50:34.574+09
3739	42711	73885	2	3	f	2022-10-23 15:23:02.456+09
3740	42711	32923	4	2	f	2022-04-13 14:58:44.143+09
3741	42711	41472	1	3	f	2022-07-06 21:44:34.994+09
3742	42711	49578	2	4	f	2022-12-07 07:44:35.603+09
3743	42711	72786	0	5	f	2022-12-23 16:13:26.545+09
3744	42711	85709	2	3	t	2022-10-09 08:23:34.906+09
3745	42711	82331	5	1	f	2022-09-14 01:16:15.184+09
3746	42711	42384	0	1	t	2022-11-10 01:47:31.363+09
3747	42711	85620	1	1	t	2022-02-25 18:38:24.623+09
3748	42711	95235	5	1	t	2022-12-05 07:39:47.24+09
3749	42711	37354	2	0	f	2022-12-31 11:51:32.118+09
3750	42711	33227	2	2	f	2022-09-13 20:41:31.922+09
3751	42711	75955	4	2	t	2022-05-06 06:22:49.049+09
3752	42711	99960	1	2	f	2022-07-11 23:30:19.21+09
3753	42711	92415	3	4	t	2022-12-23 06:36:46.54+09
3754	42711	75480	3	3	f	2022-06-17 16:33:46.057+09
3755	42711	15893	0	2	t	2022-12-11 23:54:37.496+09
3756	42711	60803	3	2	t	2022-10-27 21:07:05.827+09
3757	42711	51155	2	5	t	2022-06-25 19:06:46.065+09
3758	42711	14347	5	4	t	2022-11-08 18:49:00.807+09
3759	42711	91664	2	2	f	2022-03-24 13:39:09.235+09
3760	42711	33328	0	3	f	2022-08-05 17:24:37.098+09
3761	42711	44925	5	4	t	2022-07-15 12:17:48.785+09
3762	42711	69511	1	2	f	2022-12-31 13:57:33.965+09
3763	42711	53607	4	0	f	2022-07-17 18:28:47.362+09
3764	42711	46868	0	4	t	2022-08-07 09:59:10.366+09
3765	42711	20834	2	2	f	2022-05-01 12:25:00.56+09
3766	28600	25136	5	0	t	2022-02-16 18:31:22.394+09
3767	28600	46835	0	3	t	2022-06-10 01:45:21.247+09
3768	28600	73885	5	3	f	2022-11-24 08:38:14.963+09
3769	28600	32923	1	1	f	2022-03-13 22:09:21.023+09
3770	28600	41472	0	0	t	2022-07-13 13:25:59.355+09
3771	28600	49578	0	5	t	2023-02-13 08:06:31.614+09
3772	28600	72786	3	0	f	2022-06-15 01:26:19.031+09
3773	28600	85709	2	0	f	2023-02-10 08:02:36.441+09
3774	28600	82331	3	2	f	2022-07-16 03:15:22.658+09
3775	28600	42384	1	5	t	2022-09-08 06:32:55.179+09
3776	28600	85620	4	2	f	2022-07-23 04:19:49.894+09
3777	28600	95235	3	3	t	2022-12-23 02:36:11.416+09
3778	28600	37354	1	3	f	2022-12-13 08:01:07.623+09
3779	28600	33227	2	0	f	2023-01-09 13:56:23.413+09
3780	28600	75955	2	1	f	2022-02-16 23:06:53.198+09
3781	28600	99960	3	2	t	2022-10-01 10:46:05.306+09
3782	28600	92415	1	3	t	2022-04-02 15:31:44.213+09
3783	28600	75480	4	5	f	2022-11-01 21:23:19.102+09
3784	28600	15893	0	5	f	2022-06-16 23:37:14.568+09
3785	28600	60803	1	2	f	2022-11-12 13:03:09.821+09
3786	28600	51155	0	1	f	2022-12-29 13:22:12.947+09
3787	28600	14347	1	3	f	2022-08-15 02:54:38.194+09
3788	28600	91664	0	5	t	2022-09-20 10:34:45.714+09
3789	40051	25136	0	0	t	2022-10-11 15:10:02.823+09
3790	40051	46835	0	5	t	2022-06-16 07:12:54.527+09
3791	40051	73885	0	4	f	2022-07-15 00:58:25.682+09
3792	40051	32923	5	3	t	2022-03-23 11:29:59.126+09
3793	40051	41472	4	0	t	2022-03-19 16:48:37.498+09
3794	40051	49578	1	5	t	2022-06-06 09:16:28.786+09
3795	40051	72786	3	0	t	2022-11-01 20:50:32.144+09
3796	40051	85709	0	0	f	2022-06-11 06:42:31.749+09
3797	40051	82331	2	5	t	2022-06-11 23:35:33.661+09
3798	40051	42384	2	5	f	2022-04-23 10:38:49.113+09
3799	40051	85620	0	0	t	2022-12-25 23:06:03.315+09
3800	40051	95235	5	0	t	2022-10-13 13:32:10.459+09
3801	40051	37354	2	0	f	2022-07-05 19:41:46.948+09
3802	40051	33227	5	2	t	2022-06-02 11:49:25.569+09
3803	39739	25136	2	5	f	2022-05-17 02:50:01.281+09
3804	39739	46835	4	1	t	2022-08-09 23:04:05.484+09
3805	39739	73885	4	5	f	2022-12-05 23:52:40.746+09
3806	39739	32923	5	0	t	2022-05-11 03:58:36.59+09
3807	39739	41472	5	2	t	2022-03-02 10:26:15.372+09
3808	39739	49578	1	0	t	2022-10-02 08:40:18.658+09
3809	39739	72786	2	4	t	2022-04-03 15:54:27.915+09
3810	39739	85709	2	1	t	2023-02-13 10:18:00.793+09
3811	39739	82331	2	2	t	2022-10-01 19:45:27.677+09
3812	39739	42384	1	2	t	2023-02-12 11:37:23.184+09
3813	39739	85620	3	2	t	2022-04-03 13:17:41.679+09
3814	39739	95235	0	2	f	2022-04-06 23:20:45.756+09
3815	39739	37354	5	2	f	2022-02-21 16:24:19.25+09
3816	39739	33227	0	5	t	2022-11-27 17:37:06.172+09
3817	39739	75955	4	4	f	2022-04-08 08:11:29.934+09
3818	39739	99960	4	5	t	2022-07-31 22:41:09.657+09
3819	39739	92415	5	4	t	2022-08-13 06:58:54.903+09
3820	39739	75480	1	0	t	2022-12-09 07:53:31.448+09
3821	39739	15893	3	2	t	2022-11-18 20:52:44.251+09
3822	39739	60803	5	0	f	2022-06-19 16:32:00.545+09
3823	39739	51155	1	4	t	2022-05-31 23:21:30.918+09
3824	39739	14347	4	3	t	2022-04-20 05:44:04.891+09
3825	39739	91664	1	0	t	2023-02-08 03:23:40.936+09
3826	39739	33328	5	4	t	2022-07-02 11:05:59.311+09
3827	39739	44925	4	2	t	2022-08-07 04:13:13.171+09
3828	39739	69511	2	1	t	2022-03-31 01:01:38.169+09
3829	39739	53607	0	0	t	2023-02-04 18:16:12.966+09
3830	39739	46868	0	2	t	2023-01-14 19:09:02.217+09
3831	39739	20834	0	5	f	2022-08-17 08:51:43.988+09
3832	39739	51205	4	3	f	2022-05-28 14:06:55.077+09
3833	56718	25136	5	3	t	2022-04-03 01:34:50.532+09
3834	56718	46835	1	3	f	2022-08-06 12:37:02.54+09
3835	56718	73885	4	4	f	2022-06-25 00:06:47.789+09
3836	56718	32923	2	0	f	2022-07-05 08:42:34.696+09
3837	56718	41472	3	2	f	2022-06-11 18:26:29.259+09
3838	56718	49578	1	3	t	2022-05-08 19:43:19.975+09
3839	56718	72786	3	3	f	2022-08-17 14:18:43.875+09
3840	56718	85709	1	5	f	2022-12-10 13:20:27.252+09
3841	56718	82331	3	5	t	2022-04-24 01:42:02.205+09
3842	56718	42384	0	1	f	2023-02-05 23:23:42.275+09
3843	57274	25136	4	5	t	2023-01-02 10:49:10.701+09
3844	57274	46835	4	1	t	2022-02-13 22:18:29.267+09
3845	57274	73885	5	2	t	2022-08-06 22:49:28.778+09
3846	57274	32923	0	2	f	2023-01-12 20:24:37.43+09
3847	81992	25136	3	4	t	2022-03-09 17:12:17.36+09
3848	81992	46835	3	4	t	2022-10-10 04:22:56.089+09
3849	81992	73885	2	2	t	2022-10-23 17:46:30.602+09
3850	81992	32923	1	1	t	2022-12-24 05:45:02.765+09
3851	81992	41472	1	0	f	2022-09-04 21:40:09.55+09
3852	81992	49578	0	5	t	2023-02-02 21:24:43.904+09
3853	81992	72786	0	0	f	2022-04-09 04:54:52.634+09
3854	81992	85709	1	3	f	2022-10-17 18:17:54.482+09
3855	81992	82331	0	0	t	2022-12-21 07:49:36.73+09
3856	81992	42384	4	2	f	2022-03-27 12:47:54.77+09
3857	81992	85620	5	2	t	2022-02-14 18:54:11.986+09
3858	81992	95235	0	1	t	2022-02-16 12:41:58.41+09
3859	86795	25136	0	3	t	2022-09-21 20:55:10.393+09
3860	32495	25136	4	3	t	2022-04-26 02:29:14.562+09
3861	32495	46835	5	5	f	2022-04-20 01:42:45.043+09
3862	32495	73885	1	4	f	2022-03-25 00:14:27.158+09
3863	32495	32923	3	3	f	2022-06-19 18:36:52.747+09
3864	32495	41472	2	0	f	2022-11-05 00:08:13.352+09
3865	32495	49578	3	1	t	2022-11-04 06:19:21.535+09
3866	32495	72786	3	0	t	2022-09-13 07:35:30.7+09
3867	32495	85709	1	1	f	2022-12-11 14:38:58.494+09
3868	32495	82331	1	3	f	2022-04-21 06:34:41.673+09
3869	32495	42384	5	5	t	2022-04-11 09:28:39.666+09
3870	32495	85620	2	3	f	2022-12-20 03:01:45.46+09
3871	32495	95235	3	5	f	2022-11-12 15:30:47.958+09
3872	32495	37354	0	2	t	2022-08-26 16:59:55.261+09
3873	32495	33227	0	3	f	2022-11-19 06:22:30.569+09
3874	32495	75955	4	2	t	2023-02-09 13:04:44.42+09
3875	32495	99960	5	5	t	2022-09-01 07:45:37.846+09
3876	32495	92415	0	1	t	2022-03-12 14:46:28.773+09
3877	32495	75480	3	4	t	2022-03-22 02:28:45.002+09
3878	32495	15893	3	0	t	2022-10-06 07:09:09.744+09
3879	32495	60803	5	5	f	2022-05-04 01:30:18.227+09
3880	32495	51155	4	0	f	2023-01-03 21:09:04.908+09
3881	32495	14347	1	2	t	2022-05-04 19:00:03.99+09
3882	32495	91664	5	0	f	2022-05-09 12:15:47.876+09
3883	32495	33328	4	2	t	2022-03-15 02:11:57.843+09
3884	32495	44925	0	2	t	2022-09-22 13:17:37.131+09
3885	32495	69511	2	2	f	2022-08-24 19:21:21.609+09
3886	32495	53607	5	2	f	2022-12-29 13:27:57.489+09
3887	32495	46868	1	5	t	2023-01-31 20:18:35.757+09
3888	56660	25136	5	2	f	2022-11-05 14:09:08.904+09
3889	56660	46835	4	0	f	2022-09-05 17:51:09.009+09
3890	56660	73885	4	1	t	2022-03-30 03:44:17.788+09
3891	56660	32923	4	3	f	2022-06-11 12:52:39.128+09
3892	56660	41472	1	5	t	2022-03-08 10:50:03.855+09
3893	56660	49578	2	5	f	2022-07-25 19:25:14.352+09
3894	56660	72786	0	5	f	2022-09-13 21:04:21.866+09
3895	56660	85709	0	4	f	2022-12-08 21:05:45.092+09
3896	56660	82331	3	1	f	2022-03-25 01:44:43.99+09
3897	56660	42384	0	0	t	2022-12-07 17:32:08.09+09
3898	56660	85620	4	2	f	2022-11-02 22:49:35.832+09
3899	56660	95235	2	0	t	2022-10-07 14:28:17.585+09
3900	56660	37354	1	1	t	2022-08-14 23:11:58.004+09
3901	56660	33227	4	0	f	2022-04-29 14:00:22.726+09
3902	56660	75955	3	5	t	2022-08-16 12:18:50.016+09
3903	56660	99960	2	2	f	2022-10-31 23:06:07.202+09
3904	56660	92415	3	3	t	2022-08-22 08:37:40.312+09
3905	56660	75480	1	5	f	2022-11-12 15:57:05.453+09
3906	56660	15893	1	5	f	2022-10-29 13:17:55.346+09
3907	56660	60803	5	4	f	2022-03-30 00:01:01.759+09
3908	56660	51155	1	1	f	2022-06-11 19:17:48.128+09
3909	56660	14347	4	2	f	2022-11-11 00:15:48.741+09
3910	56660	91664	4	2	t	2022-11-22 07:54:56.386+09
3911	56660	33328	1	3	f	2022-04-19 06:10:16.153+09
3912	56660	44925	0	2	f	2022-02-13 19:39:01.305+09
3913	73887	25136	1	5	t	2022-12-05 13:36:13.422+09
3914	73887	46835	3	4	f	2022-08-16 09:31:02.679+09
3915	73887	73885	1	4	f	2022-03-15 20:42:14.664+09
3916	73887	32923	3	4	f	2022-06-13 05:55:59.532+09
3917	73887	41472	1	0	f	2023-02-04 20:12:35.383+09
3918	73887	49578	1	4	f	2022-12-05 01:09:15.948+09
3919	73887	72786	5	0	f	2022-08-05 21:28:55.745+09
3920	73887	85709	4	1	t	2022-09-19 18:08:37.709+09
3921	73887	82331	1	1	f	2023-01-04 07:45:01.863+09
3922	73887	42384	2	3	t	2022-09-06 20:33:03.374+09
3923	73887	85620	1	4	t	2022-06-22 20:33:30.223+09
3924	85528	25136	4	5	t	2022-07-14 05:09:52.964+09
3925	85528	46835	2	4	f	2022-09-05 11:37:53.146+09
3926	85528	73885	0	5	t	2022-12-15 09:47:51.08+09
3927	85528	32923	4	3	t	2022-05-19 18:14:10.814+09
3928	85528	41472	3	5	t	2022-07-30 13:18:57.916+09
3929	85528	49578	5	4	t	2022-11-08 20:14:25.289+09
3930	85528	72786	2	2	f	2022-08-28 14:35:10.988+09
3931	85528	85709	4	1	f	2022-09-22 12:46:51.699+09
3932	85528	82331	2	4	t	2022-03-15 23:32:25.9+09
3933	85528	42384	1	1	f	2022-06-27 10:37:45.769+09
3934	85528	85620	4	4	f	2023-02-05 04:29:36.976+09
3935	85528	95235	3	1	t	2022-07-28 23:53:42.929+09
3936	85528	37354	0	1	t	2022-09-20 04:18:54.381+09
3937	85528	33227	0	2	f	2023-01-21 13:30:04.549+09
3938	85528	75955	5	4	t	2022-06-05 06:39:14.795+09
3939	85528	99960	3	4	t	2022-06-22 20:23:28.501+09
3940	85528	92415	1	2	f	2022-05-04 00:01:59.081+09
3941	85528	75480	3	4	f	2022-10-23 16:00:46.473+09
3942	85528	15893	5	2	f	2022-06-23 08:47:30.43+09
3943	85528	60803	1	3	f	2022-12-22 12:34:17.616+09
3944	85528	51155	1	0	t	2022-08-01 09:30:15.568+09
3945	85528	14347	1	1	f	2022-03-17 20:01:15.791+09
3946	35408	25136	4	4	f	2022-09-02 06:57:36.109+09
3947	35408	46835	4	2	t	2023-01-09 11:53:05.784+09
3948	35408	73885	0	3	t	2022-12-07 07:26:41.668+09
3949	35408	32923	5	4	t	2022-03-18 16:33:38.477+09
3950	35408	41472	1	3	f	2022-12-05 12:10:03.109+09
3951	35408	49578	1	1	f	2022-12-29 19:32:05.465+09
3952	35408	72786	2	0	f	2022-04-02 05:02:01.156+09
3953	79796	25136	0	5	f	2022-05-14 05:39:40.255+09
3954	79796	46835	3	2	t	2022-07-17 14:43:42.848+09
3955	79796	73885	0	4	f	2022-07-31 08:11:44.664+09
3956	79796	32923	2	0	t	2022-03-01 10:29:28.952+09
3957	79796	41472	3	1	f	2022-09-10 04:20:07.275+09
3958	79796	49578	1	1	t	2022-04-12 05:18:28.68+09
3959	79796	72786	5	2	f	2022-05-29 21:22:55.917+09
3960	79796	85709	2	4	f	2022-08-07 08:04:26.355+09
3961	79796	82331	1	0	t	2022-10-06 18:38:41.721+09
3962	79796	42384	1	0	f	2022-11-17 15:49:31.997+09
3963	79796	85620	1	2	f	2022-08-11 18:45:12.986+09
3964	79796	95235	0	2	f	2022-12-08 19:34:12.485+09
3965	79796	37354	5	5	t	2022-03-05 23:17:16.302+09
3966	79796	33227	2	5	f	2023-01-10 13:06:12.258+09
3967	79796	75955	0	5	t	2022-11-27 23:13:24.336+09
3968	79796	99960	3	0	f	2022-09-05 10:04:37.766+09
3969	79796	92415	0	0	f	2022-08-19 11:31:35.284+09
3970	79796	75480	5	5	t	2022-05-29 01:59:04.39+09
3971	79796	15893	1	2	t	2022-11-08 03:20:10.546+09
3972	79796	60803	3	0	f	2023-02-07 09:27:18.697+09
3973	79796	51155	4	5	t	2022-10-16 09:58:53.823+09
3974	79796	14347	0	0	f	2022-04-02 00:33:30.822+09
3975	79796	91664	0	5	t	2022-11-05 06:59:20.829+09
3976	37069	25136	0	0	t	2022-07-17 01:25:39.853+09
3977	37069	46835	5	2	f	2022-06-17 10:38:35.953+09
3978	37069	73885	1	1	f	2022-03-03 04:35:14.032+09
3979	37069	32923	2	5	t	2023-01-26 15:47:51.711+09
3980	37069	41472	4	3	f	2022-07-03 17:23:50.056+09
3981	37069	49578	0	1	t	2022-05-26 13:20:30.439+09
3982	37069	72786	1	4	t	2022-03-11 17:30:33.33+09
3983	37069	85709	2	1	t	2022-09-28 23:37:53.988+09
3984	37069	82331	0	4	f	2022-04-22 20:48:34.352+09
3985	37069	42384	5	4	f	2022-03-23 07:48:23.22+09
3986	37069	85620	0	2	t	2023-02-13 05:11:28.895+09
3987	37069	95235	2	3	f	2022-08-12 18:33:28.38+09
3988	37069	37354	2	2	t	2022-09-03 16:33:33.541+09
3989	37069	33227	2	1	t	2022-11-26 13:24:01.573+09
3990	37069	75955	4	4	f	2023-01-23 17:30:43.843+09
3991	37069	99960	1	0	t	2022-07-14 22:41:34.768+09
3992	37069	92415	4	4	t	2023-01-12 12:38:21.967+09
3993	37069	75480	3	0	f	2022-11-03 13:24:46.446+09
3994	37069	15893	2	0	f	2022-11-14 03:06:53.121+09
3995	37069	60803	5	1	t	2022-06-15 16:39:38.149+09
3996	37069	51155	1	0	t	2022-08-21 00:38:13.947+09
3997	37069	14347	1	1	t	2022-12-16 09:40:00.841+09
3998	37069	91664	5	4	f	2022-10-05 00:00:42.577+09
3999	37069	33328	5	0	t	2022-03-18 09:24:12.07+09
4000	37069	44925	1	1	f	2022-08-14 07:58:38.638+09
4001	37069	69511	0	3	f	2023-02-03 08:51:58.979+09
4002	37069	53607	4	0	f	2022-08-02 23:45:40.874+09
4003	37069	46868	4	5	f	2023-01-03 21:50:00.777+09
4004	37069	20834	5	3	f	2023-01-16 16:24:56.015+09
4005	37069	51205	5	5	f	2022-04-11 06:22:15.513+09
4006	41453	25136	1	2	t	2022-05-05 23:33:54.039+09
4007	41453	46835	5	0	t	2022-12-01 16:56:59.511+09
4008	41453	73885	1	5	t	2022-11-30 19:03:00.933+09
4009	41453	32923	2	0	f	2022-10-10 21:53:42.244+09
4010	41453	41472	1	4	f	2022-02-14 06:56:18.146+09
4011	41453	49578	5	3	f	2022-05-01 11:47:03.461+09
4012	41453	72786	4	5	t	2022-12-26 12:54:23.378+09
4013	41453	85709	3	4	f	2022-09-11 21:34:17.604+09
4014	41453	82331	4	2	f	2022-06-04 07:54:02.649+09
4015	41453	42384	0	4	t	2022-12-26 13:13:37.597+09
4016	41453	85620	1	5	f	2022-04-11 23:16:06.789+09
4017	41453	95235	5	0	t	2022-12-16 06:26:54.096+09
4018	41453	37354	5	1	f	2023-02-03 09:57:33.417+09
4019	41453	33227	3	5	t	2022-03-18 00:46:49.125+09
4020	41453	75955	0	0	f	2022-04-24 18:20:33.666+09
4021	85566	25136	1	0	f	2023-02-11 19:32:28.126+09
4022	85566	46835	1	4	f	2022-08-28 04:25:22.379+09
4023	85566	73885	4	5	f	2022-11-29 03:47:40.481+09
4024	85566	32923	1	4	f	2022-08-18 09:20:22.121+09
4025	85566	41472	0	5	f	2022-03-10 09:51:30.533+09
4026	19906	25136	0	4	t	2022-05-07 17:19:29.12+09
4027	19906	46835	0	3	f	2022-10-17 17:47:38.442+09
4028	19906	73885	0	3	t	2022-10-10 09:54:41.778+09
4029	19906	32923	3	0	f	2022-10-05 14:09:17.846+09
4030	19906	41472	2	4	f	2022-11-10 06:50:29.74+09
4031	19906	49578	2	4	t	2022-09-07 03:00:33.754+09
4032	19906	72786	5	1	f	2022-08-18 22:50:16.338+09
4033	19906	85709	3	1	f	2022-09-21 08:59:04.848+09
4034	19906	82331	2	2	t	2022-05-08 09:34:42.537+09
4035	19906	42384	0	5	t	2022-12-28 20:39:48.273+09
4036	19906	85620	4	4	f	2022-09-24 11:14:20.219+09
4037	19906	95235	5	5	f	2022-04-13 21:57:44.217+09
4038	19906	37354	5	3	t	2022-03-10 01:10:49.428+09
4039	19906	33227	1	4	f	2022-11-24 23:17:31.318+09
4040	19906	75955	2	3	t	2022-10-07 17:10:00.687+09
4041	19906	99960	1	4	t	2022-07-13 14:57:54.431+09
4042	57244	25136	5	3	f	2023-01-21 08:46:36.596+09
4043	57244	46835	2	5	f	2022-06-02 01:21:17.479+09
4044	57244	73885	0	3	t	2022-10-06 05:44:04.045+09
4045	27017	25136	0	4	f	2022-05-12 16:27:43.69+09
4046	27017	46835	4	2	f	2022-04-24 20:47:32.777+09
4047	27017	73885	5	1	t	2022-06-19 09:37:19.429+09
4048	27017	32923	2	0	f	2022-04-12 11:44:06.066+09
4049	27017	41472	5	0	f	2022-10-23 08:31:12.745+09
4050	27017	49578	0	5	f	2022-03-03 04:43:06.129+09
4051	86965	25136	4	1	f	2023-01-06 10:32:34.103+09
4052	86965	46835	2	1	f	2022-09-10 12:17:36.851+09
4053	86965	73885	2	4	t	2023-01-21 13:51:36.602+09
4054	86965	32923	0	0	t	2022-10-25 22:35:05.663+09
4055	86965	41472	0	2	t	2022-04-19 11:01:11.208+09
4056	86965	49578	1	4	t	2023-01-09 06:58:10.914+09
4057	86965	72786	2	3	t	2022-05-24 23:50:10.729+09
4058	86965	85709	4	5	t	2022-11-21 20:40:25.751+09
4059	86965	82331	4	2	f	2022-06-10 18:19:01.914+09
4060	86965	42384	4	0	f	2022-09-19 01:42:29.645+09
4061	93653	25136	5	0	t	2022-07-10 05:24:22.206+09
4062	93653	46835	3	1	t	2023-01-07 16:27:34.699+09
4063	93653	73885	3	3	f	2022-11-04 11:43:22.866+09
4064	93653	32923	0	2	f	2022-04-02 12:56:34.664+09
4065	93653	41472	3	3	t	2022-11-06 05:45:29.33+09
4066	93653	49578	0	3	f	2022-03-30 23:37:42.864+09
4067	93653	72786	4	4	t	2022-08-28 05:42:43.104+09
4068	93653	85709	2	2	t	2022-07-05 02:11:37.454+09
4069	93653	82331	2	0	f	2022-08-31 04:07:41.578+09
4070	93653	42384	4	0	f	2022-11-18 15:27:46.169+09
4071	93653	85620	5	4	t	2022-11-12 00:16:54.985+09
4072	93653	95235	1	2	t	2022-04-19 08:10:14.183+09
4073	93653	37354	5	0	f	2023-01-07 07:09:10.048+09
4074	93653	33227	4	2	f	2022-02-28 10:22:31+09
4075	35727	25136	5	0	f	2022-10-01 17:33:42.838+09
4076	35727	46835	2	3	f	2022-04-24 01:26:31.361+09
4077	35727	73885	1	4	t	2022-10-19 07:07:59.492+09
4078	35727	32923	3	4	f	2022-04-27 03:53:51.192+09
4079	35727	41472	1	1	f	2022-05-28 04:23:39.389+09
4080	35727	49578	4	4	f	2022-05-01 19:51:23.962+09
4081	35727	72786	1	1	t	2022-09-17 22:35:36.335+09
4082	35727	85709	3	3	t	2022-05-28 23:48:05.126+09
4083	35727	82331	1	3	t	2022-06-05 21:54:16.054+09
4084	35727	42384	5	5	t	2022-05-03 14:40:00.791+09
4085	35727	85620	5	3	f	2022-05-04 01:12:02.814+09
4086	35727	95235	2	4	f	2022-09-13 12:08:55.132+09
4087	35727	37354	4	0	t	2022-03-08 17:21:32.596+09
4088	35727	33227	1	2	f	2022-05-30 18:10:01.882+09
4089	35727	75955	5	5	f	2022-11-13 01:53:38.152+09
4090	35727	99960	5	0	t	2022-03-08 20:26:31.833+09
4091	35727	92415	5	1	t	2022-05-04 03:21:29.144+09
4092	35727	75480	3	4	f	2023-02-08 13:39:54.815+09
4093	35727	15893	3	4	f	2023-01-19 16:15:03.889+09
4094	35727	60803	5	5	t	2022-06-03 07:39:17.321+09
4095	35727	51155	1	2	t	2022-03-17 03:18:33.032+09
4096	35727	14347	3	3	t	2022-08-09 00:34:10.304+09
4097	35727	91664	4	2	f	2022-07-12 23:27:32.96+09
4098	84784	25136	5	1	f	2023-02-03 15:06:13.017+09
4099	84784	46835	5	4	f	2022-11-12 16:11:57.088+09
4100	84784	73885	2	0	f	2022-05-08 08:35:43.863+09
4101	84784	32923	4	2	t	2022-11-11 00:25:17.891+09
4102	84784	41472	3	3	f	2022-10-26 22:27:36.093+09
4103	84784	49578	0	3	f	2022-03-23 09:54:11.586+09
4104	84784	72786	2	5	f	2022-09-30 04:55:46.921+09
4105	84784	85709	0	3	t	2023-02-13 11:34:40.083+09
4106	84784	82331	4	2	t	2022-03-22 01:27:17.362+09
4107	84784	42384	2	3	f	2022-02-14 18:01:05.6+09
4108	84784	85620	0	0	t	2022-06-16 03:41:02.419+09
4109	84784	95235	0	1	t	2022-04-13 04:36:27.087+09
4110	84784	37354	5	1	f	2022-12-22 23:21:15.209+09
4111	84784	33227	1	0	f	2022-08-26 03:41:00.743+09
4112	84784	75955	0	5	t	2022-07-08 11:28:59.457+09
4113	61158	25136	1	0	f	2022-10-20 13:57:49.498+09
4114	61158	46835	2	5	f	2022-12-16 00:09:51.606+09
4115	61158	73885	5	0	t	2022-07-30 18:46:16.16+09
4116	61158	32923	5	4	t	2022-08-18 00:01:49.313+09
4117	61158	41472	5	2	f	2022-04-25 08:55:52.995+09
4118	61158	49578	3	2	t	2022-10-15 02:22:51.954+09
4119	66033	25136	2	5	t	2022-02-28 18:36:56.13+09
4120	66033	46835	2	0	f	2022-04-30 06:44:21.598+09
4121	66033	73885	3	4	t	2022-07-24 23:46:04.029+09
4122	66033	32923	4	4	f	2022-07-08 20:33:00.911+09
4123	66033	41472	0	1	t	2022-05-05 14:59:02.681+09
4124	66033	49578	0	1	f	2022-06-19 12:20:34.144+09
4125	66033	72786	5	1	t	2022-02-21 12:48:17.401+09
4126	66033	85709	3	2	f	2022-11-23 12:12:37.917+09
4127	66033	82331	1	1	f	2022-12-12 08:20:20.734+09
4128	66033	42384	2	1	f	2022-08-30 20:18:30.047+09
4129	66033	85620	2	4	t	2022-06-20 15:47:25.067+09
4130	66033	95235	5	1	f	2022-11-01 09:34:59.163+09
4131	66033	37354	5	1	f	2023-02-03 01:56:22.948+09
4132	66033	33227	5	4	t	2022-02-24 06:14:47.014+09
4133	66033	75955	4	2	f	2022-05-04 18:57:10.089+09
4134	66033	99960	4	1	f	2022-08-20 02:24:37.55+09
4135	66033	92415	1	2	t	2022-07-07 05:20:07.597+09
4136	66033	75480	4	5	t	2023-02-08 09:40:55.658+09
4137	66033	15893	0	2	f	2023-02-08 16:28:59.418+09
4138	66033	60803	5	1	f	2022-08-24 10:57:17.93+09
4139	66033	51155	1	3	f	2022-04-09 16:50:56.446+09
4140	66033	14347	1	1	t	2022-04-20 01:54:58.307+09
4141	66033	91664	2	1	f	2022-06-27 19:40:45.708+09
4142	66033	33328	4	3	t	2022-06-15 02:19:59.488+09
4143	66033	44925	0	3	f	2022-05-28 07:29:21.403+09
4144	66033	69511	1	1	t	2022-06-22 20:01:47.673+09
4145	84051	25136	2	0	f	2022-08-09 15:25:56.031+09
4146	84051	46835	3	2	f	2022-08-17 00:01:22.388+09
4147	84051	73885	4	3	t	2022-09-17 04:40:16.494+09
4148	84051	32923	3	0	t	2022-08-25 20:52:31.476+09
4149	84051	41472	5	4	f	2022-03-20 18:29:12.278+09
4150	50205	25136	1	4	f	2022-05-06 20:41:41.937+09
4151	50205	46835	2	1	f	2022-12-06 12:09:13.055+09
4152	50205	73885	0	2	f	2022-09-04 17:46:28.421+09
4153	50205	32923	1	2	f	2022-10-07 17:00:22.205+09
4154	50205	41472	1	1	t	2022-02-21 04:29:02.416+09
4155	50205	49578	0	1	t	2022-11-19 20:56:19.482+09
4156	50205	72786	3	4	f	2022-07-22 06:00:44.986+09
4157	50205	85709	0	4	t	2022-03-01 21:41:29.917+09
4158	50205	82331	5	0	t	2022-06-06 10:36:03.842+09
4159	50205	42384	5	4	f	2022-09-25 18:41:45.444+09
4160	50205	85620	0	5	f	2022-09-08 04:18:49.783+09
4161	50205	95235	1	5	t	2022-04-10 13:11:50.269+09
4162	50205	37354	1	0	f	2022-03-05 07:40:22.086+09
4163	50205	33227	0	2	t	2022-11-25 22:48:22.536+09
4164	50205	75955	1	5	t	2022-12-11 02:18:17.178+09
4165	50205	99960	0	0	f	2022-05-10 16:50:05.035+09
4166	50205	92415	3	4	f	2022-10-04 11:45:48.431+09
4167	50205	75480	2	3	t	2023-01-01 06:08:57.429+09
4168	50205	15893	1	2	t	2022-10-11 08:18:27.547+09
4169	50205	60803	4	5	f	2022-11-23 07:27:43.396+09
4170	50205	51155	4	3	f	2022-05-27 22:46:13.961+09
4171	50205	14347	1	5	t	2022-04-04 05:35:34.283+09
4172	50205	91664	3	3	t	2022-10-28 19:40:19.389+09
4173	50205	33328	4	1	t	2022-08-30 21:33:27.137+09
4174	50205	44925	4	2	t	2022-03-26 21:43:05.542+09
4175	50205	69511	0	4	f	2023-02-05 15:37:30.711+09
4176	50205	53607	3	0	f	2022-06-03 17:25:10.668+09
4177	16699	25136	5	1	f	2023-01-02 18:03:39.548+09
4178	16699	46835	2	5	t	2022-12-11 13:32:23.201+09
4179	16699	73885	3	1	f	2022-10-31 21:11:47.457+09
4180	16699	32923	3	4	f	2022-10-02 21:10:08.859+09
4181	16699	41472	3	1	f	2022-05-09 14:30:07.526+09
4182	16699	49578	5	2	t	2022-07-28 06:28:51.441+09
4183	16699	72786	4	5	t	2022-07-22 04:51:28.517+09
4184	16699	85709	0	4	f	2022-12-17 23:13:33.439+09
4185	21025	25136	1	3	f	2022-04-07 20:24:57.6+09
4186	21025	46835	3	1	f	2022-02-28 15:04:53.281+09
4187	21025	73885	0	5	t	2022-10-08 20:30:53.947+09
4188	21025	32923	4	5	f	2022-04-23 19:43:45.9+09
4189	21025	41472	5	4	t	2022-09-23 22:40:01.655+09
4190	21025	49578	5	2	f	2022-09-28 07:43:50.075+09
4191	21025	72786	0	1	f	2022-09-17 18:11:43.014+09
4192	21025	85709	3	2	f	2022-12-17 04:04:43.304+09
4193	21025	82331	3	1	f	2022-04-17 07:55:57.067+09
4194	21025	42384	3	4	f	2023-01-11 13:38:07.436+09
4195	21025	85620	2	5	f	2022-11-01 18:07:31.835+09
4196	21025	95235	0	4	t	2022-03-22 09:34:23.798+09
4197	21025	37354	0	2	f	2022-05-27 20:26:47.202+09
4198	58339	25136	5	0	t	2022-08-08 02:32:54.705+09
4199	58339	46835	2	5	t	2022-12-05 16:33:49.462+09
4200	58339	73885	5	1	f	2022-07-18 21:04:09.277+09
4201	58339	32923	2	4	t	2022-09-02 14:23:02.231+09
4202	58339	41472	5	5	t	2022-05-18 21:57:15.419+09
4203	58339	49578	4	0	t	2022-07-02 08:15:04.115+09
4204	58339	72786	1	0	f	2023-01-21 14:36:15.229+09
4205	58339	85709	5	5	t	2023-01-29 15:45:50.859+09
4206	58339	82331	4	0	t	2022-11-19 16:39:27.197+09
4207	58339	42384	3	0	t	2022-03-22 04:45:53.699+09
4208	58339	85620	0	5	f	2023-01-02 14:04:24.222+09
4209	58339	95235	2	1	f	2023-01-29 07:33:24.127+09
4210	58339	37354	5	4	f	2022-07-29 00:05:43.49+09
4211	58339	33227	4	4	t	2022-02-19 19:08:51.628+09
4212	58339	75955	2	3	t	2022-05-24 09:55:28.56+09
4213	58339	99960	0	0	t	2022-07-13 08:04:33.106+09
4214	58339	92415	5	4	f	2023-01-08 15:11:38.075+09
4215	58339	75480	4	2	t	2022-06-09 19:08:45.133+09
4216	56851	25136	2	1	t	2022-11-27 10:07:45.955+09
4217	56851	46835	4	2	f	2022-04-23 07:14:56.628+09
4218	56851	73885	1	3	f	2022-03-17 04:59:53.3+09
4219	56851	32923	5	2	f	2022-06-01 16:36:45.209+09
4220	56851	41472	2	4	f	2022-05-06 07:47:43.683+09
4221	56851	49578	3	1	t	2023-01-27 20:45:09.136+09
4222	56851	72786	2	1	t	2022-09-15 14:20:30.976+09
4223	56851	85709	3	5	t	2022-02-28 13:52:52.801+09
4224	56851	82331	3	4	t	2022-05-10 18:16:58.147+09
4225	56851	42384	2	4	f	2022-06-02 18:47:49.296+09
4226	56851	85620	2	5	f	2022-10-13 00:50:57.085+09
4227	56851	95235	1	4	t	2022-04-16 21:19:47.519+09
4228	73561	25136	1	0	f	2022-08-06 15:59:55.741+09
4229	73561	46835	5	5	f	2022-03-17 07:21:49.722+09
4230	73561	73885	1	5	t	2022-10-02 15:59:53.52+09
4231	73561	32923	4	1	t	2022-06-12 21:25:35.641+09
4232	73561	41472	1	1	t	2022-08-15 06:45:12.999+09
4233	73561	49578	4	5	t	2022-08-19 13:03:45.962+09
4234	73561	72786	1	3	t	2022-08-12 18:12:01.408+09
4235	73561	85709	3	5	f	2022-12-06 22:05:32.632+09
4236	73561	82331	2	3	f	2022-05-10 17:24:02.826+09
4237	73561	42384	1	4	f	2022-03-21 18:47:34.695+09
4238	73561	85620	4	4	f	2022-09-19 15:12:39.765+09
4239	73561	95235	2	4	f	2022-03-11 21:38:24.131+09
4240	73561	37354	4	3	t	2023-01-02 10:24:48.653+09
4241	73561	33227	4	0	f	2022-06-24 02:21:49.387+09
4242	73561	75955	3	3	t	2022-02-21 04:29:56.846+09
4243	73561	99960	2	0	t	2022-05-22 00:05:22.322+09
4244	73561	92415	2	0	t	2022-05-23 05:44:22.961+09
4245	73561	75480	1	2	f	2022-11-15 18:18:36.527+09
4246	73561	15893	4	0	f	2022-04-28 22:29:48.912+09
4247	73561	60803	4	0	f	2023-02-11 06:11:32.148+09
4248	73561	51155	3	0	f	2023-01-06 09:22:55.239+09
4249	73561	14347	2	2	t	2022-07-06 00:52:55.021+09
4250	73561	91664	0	4	t	2022-08-24 19:37:02.336+09
4251	73561	33328	4	0	f	2022-09-20 22:15:31.686+09
4252	73561	44925	2	4	f	2022-03-08 22:39:18.261+09
4253	73561	69511	5	3	t	2022-04-22 03:20:03.05+09
4254	73561	53607	1	4	f	2022-09-27 16:53:21.195+09
4255	73561	46868	1	1	f	2022-06-19 20:34:28.017+09
4256	73561	20834	1	0	t	2022-10-16 08:58:25.533+09
4257	73561	51205	5	4	t	2023-02-11 07:16:52.157+09
4258	73369	25136	0	1	t	2022-12-17 21:16:58.275+09
4259	73369	46835	1	2	t	2022-12-06 15:37:01.654+09
4260	73369	73885	0	3	f	2023-02-09 01:36:15.42+09
4261	73369	32923	4	2	f	2022-09-23 22:01:05.051+09
4262	73369	41472	4	1	t	2022-07-18 01:32:00.064+09
4263	73369	49578	0	0	t	2022-06-01 18:46:07.272+09
4264	73369	72786	1	2	t	2022-09-12 18:44:49.234+09
4265	73369	85709	3	0	t	2022-06-01 08:43:24.068+09
4266	73369	82331	1	5	t	2023-01-24 13:03:25.135+09
4267	73369	42384	3	1	f	2023-02-01 08:02:03.067+09
4268	73369	85620	5	4	t	2022-08-13 01:04:35.785+09
4269	73369	95235	1	0	t	2022-11-23 16:28:56.243+09
4270	73369	37354	0	0	t	2022-06-25 23:57:05.216+09
4271	73369	33227	3	5	t	2022-05-21 01:46:30.725+09
4272	73369	75955	3	4	t	2022-03-10 20:12:29.414+09
4273	73369	99960	4	4	f	2022-03-18 14:04:09.776+09
4274	73369	92415	0	0	t	2022-09-05 19:15:32.289+09
4275	73369	75480	3	1	f	2022-10-30 03:28:45.586+09
4276	73369	15893	4	0	t	2022-09-27 23:10:39.912+09
4277	73369	60803	1	3	t	2023-01-18 02:27:37.647+09
4278	73369	51155	2	0	f	2022-06-17 10:01:00.543+09
4279	73369	14347	5	3	t	2022-04-09 22:44:08.021+09
4280	73369	91664	1	3	t	2022-06-18 11:31:31.472+09
4281	73369	33328	5	5	t	2022-04-07 13:57:49.93+09
4282	73369	44925	5	4	t	2022-10-08 23:30:16.403+09
4283	73369	69511	5	5	f	2022-08-12 17:15:24.122+09
4284	73369	53607	4	2	f	2023-01-17 05:05:19.848+09
4285	73369	46868	5	1	t	2022-10-04 08:48:14.91+09
4286	73369	20834	2	4	t	2022-06-18 03:14:32.236+09
4287	73369	51205	1	4	f	2022-06-30 20:21:03.387+09
4288	58916	25136	1	3	f	2022-04-20 03:23:22.805+09
4289	58916	46835	2	1	t	2022-03-21 06:08:26.783+09
4290	58916	73885	1	4	f	2022-04-28 20:53:15.143+09
4291	58916	32923	1	4	t	2022-06-05 18:50:07.768+09
4292	58916	41472	3	5	f	2022-12-07 05:12:03.655+09
4293	58916	49578	0	4	t	2023-02-01 19:32:33.975+09
4294	58916	72786	0	5	t	2022-10-01 15:10:00.383+09
4295	58916	85709	2	2	f	2022-03-11 20:23:30.918+09
4296	58916	82331	5	4	t	2023-02-05 01:48:15.49+09
4297	58916	42384	3	0	f	2022-06-09 02:24:03.168+09
4298	58916	85620	4	3	t	2022-05-05 18:03:34.434+09
4299	58916	95235	4	3	f	2022-04-22 00:40:26.577+09
4300	58916	37354	3	0	f	2023-02-07 13:40:42.278+09
4301	58916	33227	4	0	f	2023-02-12 06:38:39.058+09
4302	58916	75955	0	1	t	2022-07-08 03:41:28.689+09
4303	58916	99960	5	2	f	2022-05-29 18:14:09.466+09
4304	58916	92415	1	3	t	2023-02-10 18:54:12.377+09
4305	58916	75480	2	4	f	2022-07-13 05:15:56.677+09
4306	58916	15893	2	0	f	2022-04-16 13:28:13.338+09
4307	58916	60803	1	2	t	2022-06-28 09:51:38.209+09
4308	58916	51155	3	3	t	2022-08-21 16:17:02.391+09
4309	58916	14347	1	3	t	2022-11-22 21:33:59.576+09
4310	58916	91664	3	5	t	2022-10-10 08:57:43.338+09
4311	58916	33328	1	3	f	2022-03-23 06:51:17.827+09
4312	58916	44925	2	5	t	2022-03-02 14:36:40.94+09
4313	58916	69511	2	0	f	2022-07-24 12:35:16.504+09
4314	58916	53607	2	1	f	2022-11-19 03:53:06.325+09
4315	58916	46868	1	3	f	2023-01-28 14:37:19.532+09
4316	36914	25136	0	1	t	2022-05-26 12:07:52.806+09
4317	36914	46835	4	4	t	2022-06-26 05:47:04.291+09
4318	36914	73885	4	3	t	2022-06-18 18:34:24.274+09
4319	36914	32923	4	4	f	2022-07-31 00:05:50.208+09
4320	36914	41472	4	5	t	2022-09-19 15:56:43.016+09
4321	36914	49578	2	2	f	2022-08-23 17:57:09.82+09
4322	36914	72786	2	5	f	2022-03-17 10:33:17.981+09
4323	36914	85709	4	3	t	2022-11-08 23:59:12.476+09
4324	36914	82331	5	3	f	2022-05-07 09:41:32.626+09
4325	36914	42384	4	3	t	2022-07-25 12:58:40.531+09
4326	36914	85620	1	5	t	2022-04-17 10:24:48.093+09
4327	36914	95235	3	5	f	2022-11-26 16:32:20.049+09
4328	36914	37354	5	1	f	2022-07-14 02:02:35.967+09
4329	36914	33227	4	5	f	2022-05-12 23:20:24.462+09
4330	36914	75955	1	3	f	2023-01-28 10:37:38.089+09
4331	36914	99960	5	3	f	2022-05-27 07:41:25.981+09
4332	20210	25136	0	5	f	2022-11-09 06:42:15.272+09
4333	20210	46835	0	5	t	2022-07-14 15:10:38.349+09
4334	20210	73885	5	2	f	2022-04-12 04:54:17.249+09
4335	20210	32923	4	2	t	2022-02-25 01:52:39.799+09
4336	20210	41472	3	1	t	2022-11-19 05:42:43.94+09
4337	20210	49578	3	4	t	2023-01-28 03:49:34.785+09
4338	20210	72786	2	3	t	2023-02-06 03:41:47.34+09
4339	20210	85709	3	3	t	2022-08-16 15:50:24.354+09
4340	20210	82331	2	5	t	2023-02-11 14:31:00.482+09
4341	20210	42384	2	2	f	2022-03-26 18:07:38.753+09
4342	20210	85620	1	1	t	2022-08-03 00:04:56.033+09
4343	20210	95235	4	3	t	2023-01-23 06:28:54.24+09
4344	20210	37354	3	1	f	2022-06-17 23:07:54.544+09
4345	20210	33227	5	5	t	2022-09-09 22:37:03.759+09
4346	20210	75955	0	4	f	2022-05-30 06:44:32.98+09
4347	20210	99960	3	1	t	2022-10-22 04:32:30.902+09
4348	20210	92415	2	4	f	2022-05-17 07:55:05.289+09
4349	20210	75480	4	4	t	2022-10-31 08:43:34.111+09
4350	20210	15893	4	5	t	2022-05-06 14:46:25.789+09
4351	20210	60803	1	5	f	2022-08-15 11:22:16.452+09
4352	20210	51155	1	2	f	2022-08-08 21:47:46.834+09
4353	20210	14347	5	3	t	2022-05-04 03:26:38.507+09
4354	20210	91664	2	4	t	2022-05-03 03:58:51.727+09
4355	20210	33328	0	2	t	2022-07-22 00:54:21.598+09
4356	20210	44925	5	1	f	2022-05-03 06:24:10.223+09
4357	20210	69511	3	2	t	2022-11-23 13:45:59.047+09
4358	20210	53607	0	3	f	2022-07-09 15:01:43.014+09
4359	20210	46868	3	5	t	2022-09-11 18:45:03.449+09
4360	20210	20834	0	1	t	2022-12-05 15:54:28.07+09
4361	44829	25136	1	5	t	2022-06-12 03:28:31.866+09
4362	44829	46835	5	3	f	2022-06-30 09:22:33.589+09
4363	44829	73885	3	3	f	2023-02-11 04:13:35.306+09
4364	44829	32923	3	4	f	2022-09-30 02:47:36.749+09
4365	44829	41472	1	0	t	2022-04-25 06:02:00.638+09
4366	44829	49578	3	3	t	2022-09-12 20:59:36.829+09
4367	44829	72786	3	3	f	2022-03-04 14:32:34.376+09
4368	44829	85709	0	4	t	2022-08-06 21:53:13.365+09
4369	44829	82331	3	4	t	2022-11-06 00:06:45.777+09
4370	44829	42384	4	0	f	2022-07-21 19:42:11.37+09
4371	44829	85620	2	3	t	2022-12-01 09:09:00.084+09
4372	44829	95235	5	5	t	2022-08-24 08:53:31.024+09
4373	44829	37354	0	2	t	2022-04-02 01:24:42.833+09
4374	44829	33227	3	4	t	2022-09-30 00:23:56.503+09
4375	44829	75955	1	1	t	2022-06-03 10:28:17.79+09
4376	44829	99960	4	1	f	2022-07-26 03:49:21.497+09
4377	44829	92415	3	4	f	2022-07-23 14:44:50.801+09
4378	44829	75480	3	5	f	2022-04-07 23:50:10.06+09
4379	44829	15893	3	3	t	2022-11-24 19:45:19.276+09
4380	44829	60803	1	3	f	2022-10-25 02:16:31.437+09
4381	44829	51155	4	4	f	2023-01-10 05:40:15.458+09
4382	89973	25136	4	4	t	2022-11-23 16:47:41.298+09
4383	89973	46835	3	3	t	2022-04-15 12:01:02.64+09
4384	89973	73885	5	3	f	2023-01-25 08:03:33.2+09
4385	89973	32923	4	4	f	2022-11-01 02:46:05.422+09
4386	89973	41472	5	2	f	2022-03-03 12:18:47.872+09
4387	80046	25136	2	2	t	2022-12-04 23:08:18.045+09
4388	80046	46835	2	1	f	2022-06-02 12:39:27.914+09
4389	80046	73885	1	3	f	2022-07-04 15:36:27.022+09
4390	80046	32923	5	3	t	2023-01-15 23:02:48.295+09
4391	80046	41472	5	2	t	2022-07-22 13:38:51.964+09
4392	60148	25136	1	2	f	2022-04-27 18:55:21.224+09
4393	93984	25136	3	4	t	2023-01-09 15:00:32.642+09
4394	93984	46835	0	1	f	2022-04-09 14:56:52.605+09
4395	93984	73885	3	4	f	2023-01-24 05:14:03.743+09
4396	93984	32923	2	4	t	2022-12-04 02:01:04.65+09
4397	93984	41472	5	1	f	2022-10-22 13:23:22.658+09
4398	93984	49578	5	2	f	2022-06-21 02:29:14.222+09
4399	93984	72786	0	2	t	2022-11-29 14:27:28.205+09
4400	93984	85709	2	0	f	2022-12-14 15:47:07.866+09
4401	93984	82331	4	1	t	2023-02-09 11:01:52.738+09
4402	93984	42384	4	3	f	2022-05-24 06:49:21.581+09
4403	93984	85620	3	4	t	2022-10-25 04:25:04.408+09
4404	93984	95235	5	1	t	2022-05-04 22:50:28.61+09
4405	93984	37354	2	4	t	2022-02-28 20:20:31.912+09
4406	93984	33227	3	1	t	2022-10-30 19:27:02.296+09
4407	93984	75955	0	0	t	2022-05-23 00:19:32.545+09
4408	93984	99960	3	4	t	2022-07-10 16:22:05.525+09
4409	93984	92415	4	3	f	2022-12-31 08:25:26.69+09
4410	93984	75480	1	1	t	2022-02-14 18:32:48.553+09
4411	93984	15893	1	2	f	2022-10-29 10:42:22.903+09
4412	93984	60803	4	3	t	2022-12-29 02:30:41.851+09
4413	93984	51155	5	0	t	2022-09-13 11:06:51.675+09
4414	93984	14347	4	4	f	2023-01-07 22:26:59.341+09
4415	93984	91664	5	1	t	2022-11-15 19:19:52.669+09
4416	93984	33328	0	2	f	2023-01-11 08:22:22.145+09
4417	93984	44925	0	2	t	2022-03-31 03:16:23.033+09
4418	93984	69511	5	2	t	2022-05-11 11:05:22.041+09
4419	93984	53607	0	0	f	2022-06-02 02:23:08.241+09
4420	93984	46868	5	3	t	2022-06-02 06:36:49.326+09
4421	93984	20834	4	3	f	2022-05-19 22:54:54.764+09
4422	75948	25136	3	3	t	2022-12-22 02:34:37.631+09
4423	75948	46835	4	0	t	2023-01-01 12:52:45.485+09
4424	75948	73885	0	0	t	2023-01-27 20:38:05.574+09
4425	75948	32923	1	5	f	2022-10-11 08:36:11.79+09
4426	75948	41472	1	1	t	2022-08-16 20:02:33.004+09
4427	75948	49578	0	0	f	2022-10-07 22:37:22.375+09
4428	75948	72786	4	5	t	2022-07-13 22:52:21.317+09
4429	75948	85709	3	1	t	2022-04-03 04:31:30.548+09
4430	75948	82331	3	5	t	2022-07-03 04:03:15.774+09
4431	75948	42384	4	3	f	2022-11-15 14:23:27.685+09
4432	75948	85620	2	0	t	2023-01-31 23:53:58.582+09
4433	75948	95235	3	4	t	2023-01-13 01:41:43.351+09
4434	75948	37354	4	2	f	2022-08-26 16:07:55.642+09
4435	75948	33227	1	0	t	2022-05-13 11:19:05.523+09
4436	75948	75955	0	5	t	2022-11-30 03:06:55.141+09
4437	75948	99960	3	2	t	2022-11-26 18:48:25.601+09
4438	39993	25136	1	5	t	2022-07-06 14:06:05.909+09
4439	39993	46835	2	1	f	2022-02-21 11:51:07.448+09
4440	39993	73885	5	3	f	2023-01-06 16:27:19.604+09
4441	39993	32923	5	4	f	2022-12-05 13:44:10.711+09
4442	39993	41472	3	1	t	2022-02-24 01:10:48.965+09
4443	39993	49578	4	0	f	2022-07-31 22:17:10.922+09
4444	39993	72786	5	5	f	2022-08-16 04:46:34.158+09
4445	39993	85709	0	2	t	2022-06-29 07:01:11.973+09
4446	39993	82331	1	2	t	2022-06-12 21:40:18.04+09
4447	39993	42384	5	1	f	2022-03-23 14:04:17.778+09
4448	98788	25136	1	1	f	2022-04-05 06:28:12.195+09
4449	98638	25136	4	2	t	2022-07-30 17:39:40.346+09
4450	98638	46835	1	3	f	2022-06-20 13:56:05.788+09
4451	98638	73885	1	4	f	2022-09-27 16:52:31.024+09
4452	78315	25136	4	2	t	2022-02-24 14:03:36.914+09
4453	78315	46835	1	3	f	2022-03-03 07:23:21.356+09
4454	78315	73885	1	4	t	2022-07-23 20:05:44.773+09
4455	78315	32923	4	3	t	2022-03-17 00:02:57.11+09
4456	78315	41472	4	4	f	2023-01-18 23:32:06.71+09
4457	78315	49578	2	4	f	2022-05-05 11:37:02.369+09
4458	78315	72786	3	0	f	2022-07-19 15:27:33.389+09
4459	78315	85709	3	3	f	2022-11-04 18:03:25.763+09
4460	78315	82331	2	2	f	2022-02-23 09:39:28.636+09
4461	78315	42384	4	0	t	2022-02-14 14:33:52.892+09
4462	78315	85620	1	4	f	2022-08-15 00:17:31.481+09
4463	78315	95235	3	3	f	2023-01-21 01:51:13.481+09
4464	78315	37354	0	5	t	2022-05-13 07:29:58.278+09
4465	78315	33227	4	3	t	2022-04-08 21:40:14.963+09
4466	78315	75955	2	5	f	2023-01-21 04:24:02.729+09
4467	78315	99960	0	3	t	2022-08-07 22:42:56.834+09
4468	78315	92415	2	5	t	2023-01-19 01:51:06.463+09
4469	78315	75480	4	0	t	2022-04-19 00:33:21.799+09
4470	78315	15893	1	1	f	2023-01-14 05:22:35.987+09
4471	78315	60803	2	3	f	2022-10-04 09:58:48.095+09
4472	78315	51155	3	1	t	2022-09-07 11:05:14.794+09
4473	78315	14347	5	4	t	2022-09-23 16:09:15.707+09
4474	78315	91664	2	0	f	2022-12-30 07:13:54.738+09
4475	78315	33328	2	1	t	2022-06-15 05:51:17.857+09
4476	45782	25136	1	3	t	2022-02-22 16:47:55.591+09
4477	45782	46835	4	4	t	2023-01-20 22:27:40.572+09
4478	45782	73885	0	4	f	2022-03-23 09:46:24.197+09
4479	45782	32923	0	0	t	2022-07-21 12:21:53.996+09
4480	45782	41472	0	0	f	2022-09-24 08:39:17.866+09
4481	45782	49578	3	1	f	2022-05-07 22:32:26.95+09
4482	45782	72786	5	5	t	2023-01-25 01:56:16.712+09
4483	45782	85709	4	1	t	2022-10-16 19:39:22.894+09
4484	45782	82331	0	1	f	2022-12-10 14:05:34.413+09
4485	45782	42384	5	3	f	2022-08-29 23:27:15.303+09
4486	45782	85620	0	4	f	2022-03-07 05:02:47.977+09
4487	45782	95235	2	1	f	2022-06-10 14:33:18.764+09
4488	45782	37354	4	0	t	2023-01-28 07:26:15.213+09
4489	45782	33227	1	5	t	2022-03-12 20:16:53.9+09
4490	45782	75955	3	3	f	2022-07-29 02:20:08.53+09
4491	45782	99960	5	0	f	2022-05-19 17:38:19.53+09
4492	45782	92415	3	3	f	2022-08-18 21:03:27.735+09
4493	45782	75480	4	5	f	2022-10-04 00:25:11.147+09
4494	45782	15893	4	0	t	2022-10-27 21:57:35.745+09
4495	45782	60803	2	5	t	2022-12-02 23:09:55.072+09
\.


--
-- Data for Name: messages; Type: TABLE DATA; Schema: public; Owner: test_user
--

COPY public.messages (message_id, channel_id, sender_id, contents, created_at) FROM stdin;
1	1	42711	quia	2022-03-14 03:13:09.795+09
2	1	42711	corporis	2023-01-09 11:53:02.342+09
3	1	87699	laborum	2022-07-19 14:02:10.172+09
4	1	87699	ipsam	2022-08-15 20:00:37.545+09
5	1	72822	fugit	2022-02-17 13:03:47.617+09
6	1	72822	quos	2022-12-29 04:05:25.991+09
7	1	72822	possimus	2022-07-28 13:51:16.858+09
8	1	72822	impedit	2022-04-26 14:18:30.227+09
9	1	72822	earum	2022-05-15 08:38:35.655+09
10	1	72822	sint	2022-06-26 14:16:50.87+09
11	1	73561	eum	2022-07-28 04:26:27.039+09
12	1	73561	sapiente	2023-02-01 00:30:48.455+09
13	1	73561	dolor	2022-08-13 11:14:46.225+09
14	2	44829	recusandae	2022-05-01 01:44:06.294+09
15	2	44829	nisi	2022-03-09 08:36:33.476+09
16	2	58502	nobis	2022-02-24 06:40:25.412+09
17	2	58502	iure	2022-07-26 23:46:26.947+09
18	2	58502	aliquam	2022-09-07 13:33:24.27+09
19	2	58502	minima	2022-04-02 07:04:54.448+09
20	2	25136	doloribus	2022-04-11 00:24:15.525+09
21	2	25136	neque	2022-12-16 08:25:10.883+09
22	2	25136	corporis	2022-11-13 12:39:44.335+09
23	2	25136	eum	2022-06-18 13:57:04.934+09
24	2	75369	qui	2022-12-20 17:02:54.429+09
25	2	75369	cum	2022-03-01 17:35:22.589+09
26	2	75369	libero	2022-04-26 21:22:08.098+09
27	2	75369	voluptatibus	2022-07-02 16:27:01.868+09
28	2	91664	quos	2022-06-03 20:13:24.896+09
29	2	91664	facilis	2023-02-06 10:33:22.743+09
30	2	82396	suscipit	2022-12-18 14:04:20.964+09
31	2	13507	voluptatibus	2022-09-26 01:41:08.957+09
32	2	13507	autem	2022-09-08 12:39:53.763+09
33	2	13507	neque	2022-05-01 20:58:45.853+09
34	2	13507	at	2022-08-29 21:43:34.669+09
35	2	13507	et	2022-12-26 03:04:46.534+09
36	2	13507	maxime	2022-07-06 10:22:57.437+09
37	2	13507	porro	2022-10-01 23:35:18.136+09
38	2	93653	mollitia	2022-12-24 22:23:04.16+09
39	2	84051	exercitationem	2022-12-02 13:13:11.588+09
40	2	84051	qui	2022-09-10 08:54:21.646+09
41	2	84051	odio	2023-01-18 21:29:34.575+09
42	2	84051	reiciendis	2022-10-09 18:14:49.441+09
43	2	19906	ducimus	2022-10-05 20:56:45.27+09
44	2	19906	facilis	2022-07-07 22:31:56.482+09
45	3	30337	suscipit	2022-02-24 17:29:33.871+09
46	3	30337	omnis	2022-12-18 15:34:38.656+09
47	3	30337	explicabo	2022-08-14 15:20:18.165+09
48	3	30337	dolores	2022-07-08 17:51:18.605+09
49	3	56851	qui	2022-08-03 00:20:33.129+09
50	3	56851	ipsam	2022-03-15 19:03:46.67+09
51	3	25383	impedit	2022-10-19 08:18:43.15+09
52	3	25383	et	2022-11-13 23:13:59.582+09
53	3	25383	ullam	2022-11-11 14:27:35.823+09
54	3	85386	neque	2022-08-06 17:29:52.399+09
55	3	85386	eum	2022-06-06 01:09:11.413+09
56	3	85386	temporibus	2023-02-09 23:40:58.553+09
57	3	85386	nesciunt	2023-01-06 02:21:03.229+09
58	3	57075	iusto	2022-03-31 18:20:07.9+09
59	3	57075	dicta	2022-04-20 13:42:49.371+09
60	3	57075	atque	2022-02-27 02:09:12.183+09
61	3	57075	quaerat	2022-10-12 23:21:29.313+09
62	3	73673	aspernatur	2022-12-27 08:04:19.849+09
63	3	73673	nam	2022-05-18 20:10:26.495+09
64	3	73673	maxime	2022-06-12 13:20:03.23+09
65	3	49578	minus	2022-11-23 04:48:11.002+09
66	3	49578	eligendi	2022-10-24 03:47:45.456+09
67	3	49578	minus	2022-04-15 03:01:36.307+09
68	3	49578	voluptatum	2022-11-13 09:20:35.06+09
69	3	49578	quos	2022-12-14 20:50:02.031+09
70	4	50741	itaque	2022-12-05 23:28:52.602+09
71	4	31632	possimus	2022-05-15 04:42:08.549+09
72	4	31632	voluptate	2022-04-09 06:32:01.181+09
73	4	31632	facere	2022-06-05 18:27:10.823+09
74	5	13130	repellendus	2022-08-13 21:23:20.698+09
75	5	13130	ex	2022-04-07 22:08:26.945+09
76	5	13130	laboriosam	2022-12-10 06:51:14.652+09
77	5	13130	accusantium	2022-05-06 10:37:37.462+09
78	5	50854	eaque	2022-03-23 03:03:09.472+09
79	5	50854	nihil	2023-01-19 23:54:46.331+09
80	5	22882	incidunt	2022-10-23 14:18:20.691+09
81	5	22882	ut	2023-01-06 12:19:02.35+09
82	5	22882	magnam	2022-03-08 19:47:31.847+09
83	5	22882	fugit	2022-05-02 02:02:47.141+09
84	5	77436	eum	2022-03-08 02:56:24.229+09
85	5	77436	atque	2022-03-28 00:37:42.78+09
86	5	77436	enim	2022-09-05 10:23:31.532+09
87	5	16775	quo	2022-09-10 15:32:13.765+09
88	5	16775	placeat	2022-09-01 08:57:06.124+09
89	5	16775	aut	2023-01-14 13:34:49.549+09
90	6	39993	adipisci	2023-02-05 03:57:32.3+09
91	6	39993	beatae	2022-06-01 22:01:44.851+09
92	6	39993	deleniti	2022-07-20 07:15:56.823+09
93	6	39993	sit	2022-09-19 07:28:40.979+09
94	6	39993	ullam	2022-10-30 06:27:48.433+09
95	6	78315	voluptates	2023-01-03 18:32:25.504+09
96	6	78315	ratione	2022-10-10 04:23:12.598+09
97	6	78315	odit	2022-09-11 19:42:27.056+09
98	6	26274	fugit	2022-04-30 09:28:12.478+09
99	6	26274	recusandae	2022-09-04 13:26:06.355+09
100	6	96928	cupiditate	2022-03-31 23:59:50.34+09
101	6	96928	a	2022-05-27 03:33:35.836+09
102	6	96928	officiis	2022-10-02 17:18:41.94+09
103	6	96928	repellendus	2022-04-08 20:05:38.927+09
104	6	96928	expedita	2022-02-21 18:06:09.082+09
105	7	99996	nemo	2022-12-19 16:32:38.986+09
106	7	79603	enim	2022-07-23 00:49:24.264+09
107	7	79603	laboriosam	2022-11-30 13:14:58.02+09
108	7	79603	doloribus	2022-11-14 00:34:41.074+09
109	7	79603	quae	2022-09-19 14:52:09.855+09
110	7	79603	ut	2022-12-07 07:01:41.017+09
111	7	79603	perspiciatis	2022-05-20 19:41:08.761+09
112	7	79603	animi	2022-10-01 16:07:14.414+09
113	7	54811	eum	2022-03-26 09:00:40.619+09
114	7	54811	occaecati	2022-04-22 08:13:55.637+09
115	7	54811	eveniet	2023-01-04 03:45:25.791+09
116	7	69327	non	2022-06-10 17:03:26.375+09
117	7	84784	accusantium	2022-11-12 23:59:33.822+09
118	7	84784	explicabo	2022-11-24 13:33:28.987+09
119	7	84784	aperiam	2022-08-31 18:18:53.709+09
120	7	84784	quam	2022-09-07 19:01:31.563+09
121	8	87654	beatae	2023-01-22 05:45:54.403+09
122	8	87654	fugit	2022-06-21 03:44:33.35+09
123	8	87654	repellendus	2022-09-11 19:32:59.058+09
124	8	35339	repudiandae	2022-09-03 04:45:36.506+09
125	8	35339	corporis	2022-03-11 03:40:01.302+09
126	8	35339	doloribus	2023-01-29 04:20:38.635+09
127	8	35339	fugit	2022-05-20 14:09:04.547+09
128	8	35339	fugit	2022-11-22 02:12:34.264+09
129	8	75955	deleniti	2022-09-04 12:34:26.971+09
130	8	75955	quidem	2022-05-10 23:07:39.027+09
131	8	75955	maxime	2022-11-10 04:34:05.227+09
132	8	75955	tempore	2022-05-07 20:56:13.456+09
133	8	23861	vero	2022-07-21 07:15:11.035+09
134	8	23861	voluptates	2022-12-03 17:11:11.411+09
135	8	23861	sit	2022-11-20 13:42:54.335+09
136	8	23861	dolorum	2022-05-27 10:50:56.307+09
137	8	23861	ex	2022-09-13 11:32:49.782+09
138	8	76848	quod	2022-08-25 19:42:15.873+09
139	8	76848	iure	2023-01-08 23:06:20.516+09
140	8	76848	facere	2022-07-01 03:46:14.511+09
141	8	76848	autem	2022-07-18 05:46:58.873+09
142	8	76848	impedit	2023-02-03 07:29:17.066+09
143	8	76848	enim	2022-06-23 13:16:31.033+09
144	8	76848	nesciunt	2022-08-28 05:03:43.456+09
145	8	94041	explicabo	2022-09-21 08:43:57.026+09
146	9	79603	assumenda	2022-08-21 18:17:29.561+09
147	9	54947	illo	2022-08-06 23:39:53.852+09
148	9	54947	ex	2022-09-21 14:42:35.675+09
149	9	54947	adipisci	2023-01-22 13:00:43.023+09
150	9	54947	pariatur	2022-08-30 23:06:53.63+09
151	9	43163	aliquam	2022-03-12 18:12:54.03+09
152	9	43163	aut	2022-07-01 08:56:20.158+09
153	9	43163	alias	2022-08-03 21:00:37.558+09
154	9	43163	incidunt	2022-11-11 12:12:29.857+09
155	9	43163	velit	2022-02-16 06:57:10.934+09
156	9	72365	harum	2022-06-13 02:47:46.492+09
157	9	72365	in	2023-02-04 09:06:06.334+09
158	9	72365	ipsam	2022-05-15 02:03:11.256+09
159	9	72365	cumque	2023-01-28 07:33:33.125+09
160	9	72365	numquam	2022-03-11 05:22:17.396+09
161	9	58916	vitae	2023-01-26 10:01:56.515+09
162	9	58916	iure	2022-03-15 06:22:31.483+09
163	9	58916	quisquam	2022-07-16 15:15:54.852+09
164	9	58916	itaque	2023-01-26 21:17:26.133+09
165	9	58916	soluta	2022-07-08 22:08:15.458+09
166	9	58916	possimus	2023-01-26 18:45:14.486+09
167	10	30502	quaerat	2022-03-19 03:56:41.508+09
168	10	30502	eveniet	2022-09-26 12:37:15.054+09
169	10	30502	mollitia	2022-03-23 15:30:09.994+09
170	10	69390	possimus	2022-11-12 02:02:43.142+09
171	10	69390	quaerat	2022-12-07 22:18:56.321+09
172	10	69390	aperiam	2022-07-22 11:38:17.598+09
173	10	69390	unde	2022-06-08 11:27:27.266+09
174	10	98784	aliquid	2022-10-09 19:39:43.951+09
175	10	70329	necessitatibus	2022-06-05 09:13:08.683+09
176	10	70329	eligendi	2022-10-09 19:27:26.473+09
177	10	48768	eum	2022-02-24 03:10:54.304+09
178	10	48768	dolorem	2022-08-14 04:31:42.167+09
179	10	48768	voluptate	2022-11-10 06:48:03.377+09
180	10	48768	maxime	2022-12-05 01:50:08.288+09
181	10	86965	possimus	2022-08-12 07:47:58.563+09
182	10	86965	tenetur	2022-07-17 02:39:44.351+09
183	10	86965	tempore	2022-07-03 12:26:08.675+09
184	10	86965	nihil	2022-12-26 02:12:31.018+09
185	10	86965	laboriosam	2022-03-06 22:33:23.855+09
186	10	86965	culpa	2022-06-13 14:53:04.241+09
187	11	35727	illo	2022-09-05 18:41:42.314+09
188	11	35727	rerum	2023-01-20 22:19:42.883+09
189	11	57011	ullam	2022-11-27 04:08:03.687+09
190	11	57011	itaque	2023-01-01 18:54:30.145+09
191	11	57011	reiciendis	2022-04-03 11:25:42.415+09
192	11	57011	eum	2022-05-21 11:08:09.744+09
193	11	57011	quos	2023-01-29 04:03:57.236+09
194	11	46153	totam	2022-09-27 08:33:05.079+09
195	11	46153	quis	2022-03-26 11:25:47.198+09
196	11	46153	repellendus	2022-08-18 22:48:40.668+09
197	11	46153	mollitia	2022-04-21 03:57:06.15+09
198	11	46153	labore	2022-09-01 03:54:23.387+09
199	11	25740	dignissimos	2022-07-15 07:04:37.985+09
200	11	25740	pariatur	2022-08-25 00:13:50.696+09
201	11	25740	ab	2022-03-07 22:31:05.25+09
202	11	25740	consectetur	2022-06-05 00:19:17.96+09
203	11	41774	praesentium	2023-01-08 19:22:19.036+09
204	11	41774	alias	2022-11-02 01:37:24.582+09
205	11	41774	officia	2022-08-24 17:00:05.692+09
206	11	41774	soluta	2023-01-05 04:35:02.055+09
207	11	41774	asperiores	2023-02-01 09:51:28.078+09
208	11	41774	aperiam	2022-08-02 08:58:15.943+09
209	11	41774	ducimus	2022-03-10 16:17:43.637+09
210	11	36215	placeat	2022-11-07 06:57:28.109+09
211	11	36215	adipisci	2022-04-20 00:01:38.26+09
212	11	77333	deleniti	2022-04-13 00:41:48.395+09
213	11	77333	suscipit	2022-04-10 18:11:05.516+09
214	12	93984	recusandae	2022-12-20 04:24:21.726+09
215	12	93984	expedita	2022-10-06 14:13:48.047+09
216	12	93984	sint	2022-05-30 00:26:55.198+09
217	12	93984	aliquid	2022-10-02 08:13:45.968+09
218	12	93984	voluptatum	2022-09-27 08:44:50.757+09
219	12	60732	rerum	2022-10-15 19:09:58.498+09
220	12	60732	quis	2022-09-07 13:25:38.761+09
221	13	56660	excepturi	2022-06-11 02:18:41.398+09
222	13	56660	nobis	2022-05-05 07:47:04.632+09
223	13	56660	quibusdam	2022-02-23 20:52:35.165+09
224	13	56660	facilis	2022-05-26 10:24:40.553+09
225	13	56660	nihil	2023-01-14 16:26:34.175+09
226	13	56660	repudiandae	2023-01-13 07:26:44.725+09
227	13	56660	sunt	2022-10-18 22:54:23.751+09
228	13	74190	incidunt	2022-10-14 02:20:15.231+09
229	13	74190	dolorum	2023-01-27 19:34:09.64+09
230	13	74190	magnam	2022-04-26 04:00:38.097+09
231	13	74190	neque	2022-07-01 04:30:09.678+09
232	13	74190	labore	2022-10-20 13:17:41.865+09
233	13	74190	optio	2022-07-11 11:15:45.084+09
234	13	74190	culpa	2022-07-08 15:27:20.063+09
235	13	64003	eaque	2022-11-26 22:28:24.383+09
236	13	64003	ut	2022-03-29 14:09:27.671+09
237	13	64003	ut	2022-04-07 12:54:34.205+09
238	13	64003	nostrum	2022-12-23 18:09:17.189+09
239	13	64003	excepturi	2022-06-01 06:25:51.549+09
240	13	64003	optio	2022-12-13 00:54:24.035+09
241	13	64003	officia	2022-08-16 19:09:32.944+09
242	13	54947	delectus	2022-08-16 03:18:36.486+09
243	13	54947	vitae	2022-12-01 02:21:07.145+09
244	13	93653	voluptates	2022-03-16 00:30:55.576+09
245	13	93653	eos	2022-05-16 01:35:38.045+09
246	13	93653	dolore	2023-02-03 12:43:04.466+09
247	13	93653	magni	2022-03-15 13:56:04.035+09
248	13	93653	incidunt	2023-02-05 19:55:39.252+09
249	13	26028	dolores	2022-08-21 05:29:46.894+09
250	13	26028	iste	2022-04-22 04:45:57.405+09
251	13	26028	error	2022-10-23 17:05:04.537+09
252	13	26028	sapiente	2022-08-26 19:35:06.54+09
253	13	51467	fuga	2022-09-28 17:49:00.332+09
254	13	51467	amet	2022-03-17 06:28:41.82+09
255	13	51467	laborum	2023-02-07 23:36:42.916+09
256	13	51467	tempore	2022-04-20 06:59:34.549+09
257	14	39756	optio	2022-12-25 12:10:37.38+09
258	14	39756	veritatis	2022-06-19 14:27:22.943+09
259	14	84167	eum	2023-02-07 05:35:46.5+09
260	14	84167	totam	2023-01-05 03:56:45.528+09
261	14	84167	pariatur	2023-01-07 05:59:55.125+09
262	14	84167	laborum	2022-12-28 01:39:31.181+09
263	14	84167	quisquam	2022-12-18 13:09:37.952+09
264	14	84167	enim	2022-05-13 16:42:38.846+09
265	14	58916	incidunt	2022-10-01 01:50:02.312+09
266	14	58916	aliquid	2022-11-17 21:37:45.938+09
267	14	58916	quia	2022-09-09 16:11:23.653+09
268	14	58916	incidunt	2022-06-01 08:57:44.516+09
269	15	39739	porro	2023-01-22 19:25:54.932+09
270	15	39739	blanditiis	2022-11-19 14:43:03.647+09
271	15	39739	quibusdam	2022-11-04 00:44:36.912+09
272	15	39739	voluptate	2022-10-15 14:07:47.973+09
273	15	39739	provident	2022-07-18 16:39:15.722+09
274	15	99996	fugiat	2022-09-30 22:40:04.689+09
275	15	99996	quos	2022-02-28 22:11:12.868+09
276	16	54274	quibusdam	2022-10-11 09:28:50.896+09
277	16	54274	natus	2022-09-21 15:36:39.238+09
278	16	54274	molestiae	2022-07-15 23:03:11.106+09
279	16	54274	distinctio	2022-11-22 10:36:56.014+09
280	16	54274	quis	2022-08-11 04:16:29.014+09
281	16	46154	quo	2022-05-11 15:13:22.473+09
282	16	46154	doloremque	2022-11-11 00:15:42.857+09
283	16	46154	nostrum	2022-09-23 07:10:29.186+09
284	16	36220	laborum	2022-04-30 14:43:06.909+09
285	16	36220	delectus	2022-11-12 19:56:22.508+09
286	16	36220	dolorum	2022-10-19 00:48:55.81+09
287	16	84051	facilis	2022-12-04 23:46:45.533+09
288	16	84051	atque	2022-08-17 23:35:10.779+09
289	16	35408	debitis	2022-09-11 10:53:10.225+09
290	16	35408	ratione	2022-10-13 01:29:29.023+09
291	16	35408	recusandae	2022-09-25 01:46:50.241+09
292	16	35408	deserunt	2022-06-05 12:05:40.868+09
293	16	35408	soluta	2022-12-05 09:42:42.834+09
294	16	77333	fugiat	2022-08-06 09:05:05.253+09
295	16	77333	necessitatibus	2022-10-07 18:35:33.961+09
296	16	77333	error	2022-10-28 20:09:34.064+09
297	16	77333	a	2022-05-02 07:59:40.88+09
298	16	77333	voluptatibus	2022-05-05 07:34:39.504+09
299	16	69686	voluptatum	2022-12-06 01:45:40.69+09
300	16	69686	dolorum	2022-04-19 19:08:12.801+09
301	16	69686	architecto	2023-02-09 22:21:32.396+09
302	16	69686	in	2022-03-24 23:52:35.277+09
303	16	69686	non	2022-04-18 06:26:00.982+09
304	16	69686	accusantium	2022-07-21 09:47:43.689+09
305	16	83961	deleniti	2022-10-27 22:01:10.261+09
306	16	83961	odit	2023-01-15 19:07:03.903+09
307	16	83961	recusandae	2023-01-30 07:36:24.06+09
308	16	83961	eius	2022-05-05 16:54:36.37+09
309	17	45782	provident	2023-01-05 12:00:24.169+09
310	17	45782	laborum	2022-08-16 13:28:05.461+09
311	17	81992	autem	2022-08-10 20:16:51.656+09
312	17	81992	nesciunt	2022-07-30 18:31:13.082+09
313	17	81992	ipsam	2023-01-05 07:22:57.147+09
314	17	81992	maiores	2022-11-05 08:37:55.842+09
315	17	81992	molestias	2022-08-28 16:45:34.52+09
316	17	81992	est	2022-10-09 21:29:46.429+09
317	17	81992	sequi	2023-01-29 23:19:33.877+09
318	17	81992	voluptas	2022-05-22 11:31:26.943+09
319	17	50854	dolorum	2022-12-12 14:13:14.676+09
320	17	50854	praesentium	2022-09-23 08:32:57.005+09
321	17	50854	ratione	2022-12-31 05:17:38.521+09
322	18	41453	ut	2023-02-09 03:42:45.635+09
323	18	41453	minima	2022-10-12 21:15:51.102+09
324	18	41453	placeat	2022-12-07 19:15:18.463+09
325	18	41453	doloribus	2022-08-20 23:43:39.667+09
326	18	86178	fugit	2022-07-15 18:47:06.489+09
327	18	86178	autem	2022-08-03 12:26:47.277+09
328	18	86178	nam	2022-05-31 12:38:32.49+09
329	19	81369	minima	2022-02-22 20:13:55.759+09
330	19	81369	expedita	2022-02-13 21:19:57.119+09
331	19	81369	dolorem	2022-05-17 23:36:08.936+09
332	19	81369	ducimus	2022-05-25 05:31:04.191+09
333	19	81369	in	2022-07-05 09:40:45.142+09
334	19	89629	sapiente	2022-11-04 21:32:42.969+09
335	19	89629	voluptates	2022-06-13 06:41:00.272+09
336	19	89629	quae	2022-03-14 15:02:44.762+09
337	19	89629	officia	2022-05-30 01:11:37.394+09
338	19	73386	corrupti	2022-12-28 20:37:10.875+09
339	19	73386	ipsa	2022-12-04 20:46:43.413+09
340	19	18363	nesciunt	2023-02-11 10:16:51.719+09
341	19	18363	molestias	2022-12-16 21:18:38.109+09
342	19	18363	suscipit	2022-11-20 11:34:48.173+09
343	19	18363	veniam	2022-06-24 06:04:29.603+09
344	19	26274	iusto	2022-06-09 11:16:57.034+09
345	19	95235	natus	2022-08-01 13:14:40.658+09
346	19	83961	unde	2022-05-28 03:11:27.144+09
347	19	83961	quasi	2022-03-09 21:54:19.159+09
348	19	83961	temporibus	2022-05-23 01:05:26.783+09
349	20	40051	sequi	2022-11-27 00:58:53.307+09
350	20	40051	ab	2022-12-21 20:31:10.476+09
351	20	40051	asperiores	2022-10-19 13:22:21.016+09
352	20	40051	sit	2022-11-06 02:20:19.65+09
353	20	40051	minima	2022-06-17 06:55:16.954+09
354	20	40051	sint	2022-04-07 09:30:58.086+09
355	20	40051	tenetur	2022-07-14 14:13:32.211+09
356	20	35339	quaerat	2023-01-29 10:34:12.539+09
357	20	35339	laborum	2022-02-28 15:11:13.122+09
358	20	35339	mollitia	2022-09-26 13:29:18.986+09
359	20	71330	et	2022-11-07 05:35:38.288+09
360	20	71330	eligendi	2022-06-14 14:45:47.918+09
361	20	71330	libero	2023-01-11 10:30:24.964+09
362	20	71330	nostrum	2022-12-11 14:54:10.267+09
363	20	53271	voluptatem	2022-12-26 03:12:43.185+09
364	20	53271	modi	2022-04-03 06:08:58.862+09
365	21	39454	repellendus	2022-08-08 12:22:28.383+09
366	21	39454	nobis	2022-11-11 20:42:39.174+09
367	21	28600	officia	2022-03-25 12:45:22.381+09
368	21	28600	molestiae	2022-05-05 18:49:00.55+09
369	21	82276	totam	2022-03-05 09:38:25.644+09
370	22	40051	nobis	2022-03-25 20:49:12.08+09
371	22	40051	magni	2022-05-31 08:11:44.013+09
372	22	40051	dolores	2022-11-02 02:27:33.912+09
373	22	40051	laborum	2022-10-20 15:06:03.17+09
374	22	40051	enim	2022-09-12 04:07:18.25+09
375	22	79603	accusamus	2022-12-28 16:11:43.363+09
376	22	79603	distinctio	2022-12-27 21:45:42.79+09
377	22	79603	culpa	2022-06-17 19:28:41.492+09
378	22	20077	quas	2022-11-02 20:19:34.491+09
379	22	20077	ipsa	2022-02-23 09:49:59.879+09
380	22	20077	nisi	2022-07-12 18:54:07.945+09
381	22	27332	inventore	2022-08-11 14:20:40.967+09
382	22	27332	dicta	2023-01-07 14:34:37.378+09
383	22	27332	accusamus	2022-05-05 08:40:17.268+09
384	22	27332	explicabo	2022-09-10 04:03:31.248+09
385	22	60732	laudantium	2022-05-18 13:05:11.167+09
386	22	60732	perspiciatis	2022-09-07 22:01:15.203+09
387	22	60732	voluptate	2022-11-12 02:41:29.724+09
388	22	40717	nobis	2022-09-21 17:18:47.181+09
389	22	40717	iusto	2022-08-31 22:22:26.171+09
390	22	71022	facere	2023-01-18 23:00:27.901+09
391	22	71022	unde	2022-12-03 06:58:04.789+09
392	22	71022	voluptates	2022-06-26 05:01:35.695+09
393	22	71022	tempore	2023-01-21 22:26:11.194+09
394	22	76499	aut	2022-12-20 04:43:55.228+09
395	22	76499	recusandae	2022-04-26 00:20:17.813+09
396	23	98784	exercitationem	2022-10-25 02:28:49.573+09
397	23	58288	tenetur	2022-05-07 11:52:58.35+09
398	23	58288	accusantium	2022-06-27 21:44:38.256+09
399	23	58288	doloremque	2022-10-08 01:10:50.278+09
400	23	58288	iure	2022-03-13 01:53:23.852+09
401	24	93653	atque	2022-07-04 08:58:08.144+09
402	24	93653	eligendi	2022-10-09 16:00:07.891+09
403	24	93653	expedita	2022-08-23 08:27:37.537+09
404	24	93653	sapiente	2023-02-03 10:35:21.556+09
405	24	54274	tenetur	2022-06-24 09:20:11.951+09
406	24	54274	voluptatum	2022-06-26 23:15:00.309+09
407	24	71022	cum	2022-10-21 04:11:23.055+09
408	24	71022	sapiente	2022-11-16 06:52:05.929+09
409	24	91679	hic	2022-05-18 07:59:04.292+09
410	24	91679	perspiciatis	2022-11-12 11:16:59.983+09
411	24	91679	amet	2022-06-08 02:02:05.097+09
412	24	91679	sit	2022-05-09 07:27:18.546+09
413	24	91679	facere	2022-04-13 12:19:19.813+09
414	24	91679	voluptatem	2022-06-19 21:26:38.443+09
415	24	30337	vel	2023-02-02 02:24:45.403+09
416	24	30337	pariatur	2022-03-30 04:06:39.797+09
417	24	30337	distinctio	2022-11-20 04:18:23.99+09
418	24	30337	inventore	2023-01-26 19:15:35.373+09
419	24	30337	vitae	2023-01-23 02:36:17.964+09
420	24	30337	natus	2022-08-19 07:38:12.207+09
421	24	30337	placeat	2022-03-27 06:36:15.827+09
422	24	30337	corrupti	2022-05-26 09:54:10.968+09
423	25	60732	rem	2022-05-05 12:43:23.671+09
424	25	60732	magni	2022-11-29 00:30:30.856+09
425	25	60732	dolorum	2022-06-02 08:18:40.312+09
426	25	60732	itaque	2022-08-01 13:11:08.51+09
427	25	43884	natus	2023-01-27 13:19:00.88+09
428	25	43884	molestiae	2022-12-28 23:22:23.159+09
429	25	71569	ratione	2022-11-18 00:32:59.629+09
430	25	71569	iste	2022-05-17 03:54:20.836+09
431	25	71569	quibusdam	2022-09-07 14:20:48.973+09
432	25	71569	doloribus	2023-01-01 13:05:59.204+09
433	25	71569	fuga	2022-03-03 16:38:03.407+09
434	25	23861	culpa	2022-06-04 20:16:39.555+09
435	25	23861	perspiciatis	2022-08-12 16:34:47.406+09
436	25	23861	tempore	2022-12-10 08:25:16.894+09
437	25	23861	error	2022-08-20 17:32:59.452+09
438	25	23861	esse	2022-04-16 22:59:59.55+09
439	25	23861	cum	2022-07-15 03:03:49.286+09
440	25	80046	voluptatibus	2022-11-09 22:27:59.89+09
441	25	80046	distinctio	2022-10-26 15:08:37.546+09
442	25	80046	hic	2022-11-13 13:33:47.857+09
443	25	82331	temporibus	2022-10-24 22:22:44.681+09
444	25	82331	inventore	2022-05-16 12:26:18.449+09
445	25	82331	neque	2022-03-12 23:26:36.688+09
446	25	82331	quisquam	2022-09-20 03:07:07.762+09
447	25	79520	atque	2022-09-25 19:28:29.098+09
448	25	82276	vitae	2022-07-10 15:23:51.741+09
449	25	82276	tempora	2022-04-24 16:07:46.64+09
450	25	82276	hic	2022-06-16 08:08:53.079+09
451	25	58502	beatae	2022-11-29 01:28:39.617+09
452	25	58502	modi	2022-08-18 23:28:17.144+09
453	26	91652	culpa	2022-09-11 15:12:38.475+09
454	26	91652	officia	2022-10-16 14:18:48.612+09
455	26	91652	minus	2022-05-03 03:56:26.071+09
456	26	91652	quisquam	2022-02-14 11:12:51.28+09
457	26	93923	nam	2022-05-06 16:07:54.587+09
458	26	93923	veniam	2022-05-13 17:13:08.448+09
459	26	93923	dolore	2022-05-15 03:31:23.655+09
460	26	93923	non	2022-10-28 16:16:40.375+09
461	26	51565	error	2022-02-28 15:10:09.456+09
462	26	51565	ab	2022-12-02 14:05:04.684+09
463	26	55595	odit	2022-04-08 15:03:53.067+09
464	26	55595	placeat	2022-06-29 01:28:44.296+09
465	26	85620	aliquam	2022-04-02 21:17:45.542+09
466	26	85620	dolorem	2022-05-24 01:17:53.315+09
467	26	40717	aliquid	2022-02-20 18:10:48.88+09
468	26	40717	harum	2022-09-26 09:22:58.902+09
469	26	40717	beatae	2022-12-02 13:13:08.566+09
470	26	40717	laboriosam	2022-02-15 15:05:19.328+09
471	26	40717	tenetur	2022-09-12 07:26:34.612+09
472	26	47248	porro	2022-07-19 18:15:35.158+09
473	26	47248	non	2022-08-11 19:23:48.501+09
474	26	47248	maxime	2022-05-09 10:32:02.364+09
475	26	47248	temporibus	2022-05-02 18:09:47.479+09
476	26	47248	ducimus	2022-02-17 16:58:43.519+09
477	26	47248	dolorem	2022-06-17 04:18:44.002+09
478	26	32923	deleniti	2022-12-22 15:39:38.694+09
479	26	32923	dolor	2022-08-02 15:52:59.323+09
480	26	79522	voluptas	2022-11-17 06:03:27.642+09
481	26	79522	officia	2022-06-21 23:26:57.452+09
482	26	63870	earum	2022-09-15 11:39:36.127+09
483	26	63870	consequatur	2022-08-03 01:10:21.834+09
484	26	63870	quo	2022-08-08 07:16:34.594+09
485	27	93653	accusantium	2022-10-30 22:57:11.392+09
486	27	93653	ullam	2022-07-05 11:15:50.016+09
487	27	93653	expedita	2022-09-04 02:57:32.775+09
488	27	93653	dolorem	2022-09-25 18:26:39.005+09
489	27	93653	optio	2022-09-26 22:49:43.945+09
490	27	93653	aliquid	2023-01-14 05:37:33.162+09
491	27	93653	sunt	2022-10-30 03:33:19.454+09
492	27	82396	nemo	2022-02-25 22:10:23.095+09
493	27	82396	est	2022-08-15 13:01:32.879+09
494	27	82396	rem	2022-07-01 06:16:58.402+09
495	27	58516	assumenda	2022-10-13 18:39:19.229+09
496	27	58516	est	2022-09-07 20:38:18.345+09
497	27	58516	magni	2022-04-19 19:03:51.643+09
498	27	58516	debitis	2022-04-30 16:13:54.154+09
499	27	58516	culpa	2022-12-03 06:14:06.525+09
500	27	58516	iure	2022-12-01 03:14:37.373+09
501	27	58516	atque	2022-12-11 08:16:34.134+09
502	28	20598	tempore	2022-08-01 04:51:46.852+09
503	28	20598	similique	2022-08-31 06:34:19.386+09
504	28	20598	ut	2022-11-25 00:16:15.908+09
505	28	20598	pariatur	2022-03-29 15:07:45.037+09
506	28	20598	reiciendis	2022-09-07 15:57:09.761+09
507	28	20598	facere	2022-11-19 21:46:20.871+09
508	28	31755	culpa	2022-07-18 06:59:09.429+09
509	28	31755	odio	2022-07-27 18:16:54.087+09
510	28	31755	in	2022-12-18 21:04:38.129+09
511	28	31755	voluptatum	2022-04-30 21:58:44.358+09
512	28	31755	nisi	2022-10-28 19:38:50.799+09
513	29	33880	natus	2022-08-04 02:49:06.814+09
514	29	33880	praesentium	2022-10-05 04:46:34.794+09
515	29	33880	ut	2022-12-19 17:53:23.116+09
516	29	33880	qui	2022-12-06 14:05:08.126+09
517	29	33880	nobis	2022-03-17 22:42:23.309+09
518	29	33880	consequatur	2023-01-09 02:06:41.369+09
519	29	20210	ducimus	2023-01-03 10:37:09.257+09
520	29	20210	maiores	2022-06-08 06:09:16.595+09
521	29	33248	incidunt	2022-03-25 17:55:44.249+09
522	29	33248	molestiae	2023-01-26 04:58:27.918+09
523	29	33248	doloribus	2022-04-16 21:57:35.586+09
524	29	33248	itaque	2022-09-10 10:51:38.526+09
525	29	33248	et	2022-12-13 19:22:54.522+09
526	29	56851	autem	2022-11-03 09:30:34.344+09
527	29	56851	nulla	2022-12-06 19:48:40.652+09
528	29	56851	voluptas	2022-12-25 22:36:16.923+09
529	29	56851	sapiente	2022-11-19 15:26:36.713+09
530	29	61158	ipsam	2022-06-20 03:54:48.349+09
531	29	61158	dicta	2023-01-17 09:27:55.197+09
532	29	61158	officia	2023-01-28 16:16:25.693+09
533	30	44829	iusto	2022-10-10 15:23:21.647+09
534	30	35727	quas	2022-07-29 22:40:11.782+09
535	30	35727	quibusdam	2022-09-15 00:38:08.603+09
536	30	35727	consectetur	2023-01-27 23:45:58.379+09
537	30	35727	molestias	2022-08-14 13:57:35.391+09
538	30	35727	nisi	2022-04-18 20:16:13.651+09
539	30	35727	aspernatur	2022-10-16 23:05:09.971+09
540	30	58502	eveniet	2022-12-06 19:59:46.423+09
541	30	58502	a	2022-08-29 17:32:46.893+09
542	30	58502	placeat	2022-10-31 23:57:55.799+09
543	30	58502	beatae	2022-09-01 22:48:29.554+09
544	30	58502	harum	2023-01-24 04:01:26.189+09
545	30	91664	sed	2022-07-25 11:11:33.216+09
546	30	91664	aliquid	2022-03-12 12:17:46.335+09
547	30	91664	consequatur	2023-01-20 20:08:02.554+09
548	30	42097	corrupti	2022-03-23 15:32:55.16+09
549	30	51467	qui	2023-02-06 05:04:02.036+09
550	30	51467	magni	2022-07-09 15:03:23.641+09
551	30	51467	officiis	2022-06-09 06:09:56.531+09
552	30	51467	fuga	2022-08-14 18:28:45.469+09
553	30	51467	esse	2022-11-14 23:51:17.034+09
554	31	60148	blanditiis	2022-04-03 05:18:55.276+09
555	31	60148	repudiandae	2022-08-27 07:53:59.592+09
556	31	60148	maxime	2022-05-15 17:49:08.037+09
557	31	60148	porro	2022-03-11 06:42:47.53+09
558	31	94673	quo	2022-09-02 06:41:54.631+09
559	31	94673	nihil	2022-03-31 18:33:18.063+09
560	31	94673	nulla	2022-07-04 23:11:16.844+09
561	31	94673	fugiat	2022-04-11 22:48:01.973+09
562	31	92272	quos	2022-02-16 20:29:19.184+09
563	32	56851	voluptatibus	2022-04-18 23:43:17.438+09
564	32	56851	culpa	2022-06-15 14:53:25.132+09
565	32	56851	aperiam	2022-05-02 11:28:12.985+09
566	32	56851	veritatis	2022-05-07 05:06:43.701+09
567	32	52553	animi	2022-07-28 03:15:16.271+09
568	32	52553	ipsum	2023-01-04 05:33:49.931+09
569	32	52553	repellendus	2022-04-30 08:54:04.989+09
570	32	50618	eum	2022-08-16 04:04:47.212+09
571	32	50618	eum	2023-02-08 11:22:01.944+09
572	32	50618	dicta	2022-11-26 03:23:02.506+09
573	32	50618	commodi	2023-01-28 05:44:26.116+09
574	32	50618	enim	2023-02-02 07:44:49.043+09
575	32	50618	atque	2022-08-01 09:04:14.908+09
576	32	75480	qui	2022-08-21 06:26:01.647+09
577	32	75480	illo	2022-10-05 01:25:37.877+09
578	32	75480	dignissimos	2022-06-12 01:56:23.374+09
579	33	79522	sed	2022-11-30 14:48:15.393+09
580	33	79522	sint	2022-10-23 06:02:29.449+09
581	33	79522	magnam	2022-12-30 06:30:01.389+09
582	33	79522	perferendis	2022-05-15 11:14:35.908+09
583	33	38731	cumque	2022-02-25 23:58:29.89+09
584	33	38731	soluta	2022-02-26 19:45:17.889+09
585	33	46228	magnam	2022-10-13 01:25:24.642+09
586	33	51155	earum	2022-02-25 20:15:48.092+09
587	33	80721	eius	2022-08-03 21:59:47.968+09
588	33	80721	facere	2022-12-12 19:54:56.023+09
589	33	80721	numquam	2022-03-09 10:02:29.915+09
590	33	80721	esse	2022-12-30 15:59:16.538+09
591	33	80721	voluptatibus	2022-07-26 14:07:50.066+09
592	33	85566	ipsam	2022-03-14 15:47:33.141+09
593	33	23464	dolores	2022-04-16 02:57:16.155+09
594	33	23464	architecto	2022-10-11 05:05:15.264+09
595	33	23464	necessitatibus	2022-08-04 05:21:55.026+09
596	33	23464	incidunt	2022-04-25 05:58:42.336+09
597	34	25880	temporibus	2022-03-29 14:22:38.119+09
598	34	25880	praesentium	2022-06-20 06:35:08.261+09
599	34	60732	officiis	2022-07-21 18:32:32.467+09
600	34	60732	in	2022-07-23 02:25:22.071+09
601	34	60732	perspiciatis	2022-04-20 04:01:59.032+09
602	34	60732	impedit	2023-01-29 16:40:17.82+09
603	34	60732	dicta	2023-02-02 12:45:21.641+09
604	34	60732	delectus	2022-12-19 16:56:00.541+09
605	34	76605	incidunt	2022-07-15 07:16:23.701+09
606	34	76605	provident	2022-03-15 23:42:03.756+09
607	34	76605	quidem	2022-04-04 12:34:06.504+09
608	34	76605	hic	2022-09-06 18:05:44.216+09
609	34	76605	consequuntur	2022-07-13 15:59:02.516+09
610	35	56718	quaerat	2022-06-22 16:45:03.095+09
611	35	56718	a	2022-05-02 21:35:25.366+09
612	35	56718	magnam	2022-09-17 05:30:05.063+09
613	35	56718	ipsam	2022-04-15 05:00:00.488+09
614	35	56718	quia	2022-08-31 05:45:28.322+09
615	35	78315	adipisci	2022-07-06 12:01:47.369+09
616	36	60148	culpa	2022-09-12 19:35:43.643+09
617	36	60148	fugiat	2022-08-11 07:13:12.379+09
618	36	60148	culpa	2022-04-20 05:43:19.931+09
619	36	60148	voluptatem	2022-03-20 05:15:26.394+09
620	36	62125	minima	2022-08-02 12:59:04.337+09
621	36	62125	quasi	2022-11-23 15:29:24.54+09
622	36	62125	repudiandae	2022-09-07 19:50:38.893+09
623	36	62125	dolores	2023-01-12 23:05:56.888+09
624	36	62125	consequuntur	2022-08-01 09:10:55.334+09
625	37	61158	officiis	2022-09-30 22:10:16.185+09
626	37	61158	nisi	2022-12-24 19:14:44.527+09
627	37	61158	assumenda	2022-10-19 16:12:55.125+09
628	37	61158	soluta	2022-04-01 12:35:11.097+09
629	37	61158	incidunt	2023-01-16 05:43:02.937+09
630	37	13409	eaque	2022-09-25 14:49:44.773+09
631	38	60732	voluptates	2023-01-27 21:55:01.016+09
632	38	60732	error	2022-02-25 20:32:30.622+09
633	38	60732	sunt	2022-12-15 16:49:16.32+09
634	38	60732	ut	2022-06-01 15:06:03.887+09
635	38	60732	aliquam	2022-07-26 07:03:19.05+09
636	38	60732	architecto	2022-10-17 19:05:36.906+09
637	38	20210	minima	2022-06-30 16:42:05.821+09
638	38	20210	distinctio	2022-03-27 01:32:46.825+09
639	38	20210	illo	2022-07-26 11:30:00.024+09
640	38	20210	eius	2022-10-15 06:07:36.98+09
641	38	20210	nostrum	2022-06-26 07:11:37.086+09
642	38	86150	quas	2022-05-17 20:34:11.619+09
643	38	86150	error	2022-07-22 10:08:26.761+09
644	38	20077	nobis	2022-06-30 05:39:19.056+09
645	38	20077	cupiditate	2022-03-26 06:33:29.021+09
646	38	20077	a	2022-07-30 23:48:52.39+09
647	38	20077	nobis	2022-04-12 09:48:23.885+09
648	38	20077	sint	2022-05-29 11:20:01.185+09
649	39	78315	rerum	2022-04-17 20:37:18.017+09
650	39	78315	et	2022-05-05 18:12:43.92+09
651	39	78315	est	2022-02-19 19:10:50.371+09
652	39	40051	deleniti	2022-06-21 02:56:23.268+09
653	39	40051	exercitationem	2022-12-08 02:17:25.347+09
654	39	40051	assumenda	2022-06-05 09:27:29.578+09
655	39	69511	laudantium	2022-02-20 22:57:45.274+09
656	39	69511	quo	2022-10-24 23:36:47.437+09
657	39	50618	numquam	2023-01-10 01:43:33.121+09
658	39	50618	sequi	2022-10-30 08:23:14.572+09
659	39	50618	molestiae	2022-12-02 21:24:07.555+09
660	39	91652	provident	2022-10-22 01:11:09.805+09
661	39	91652	nam	2022-03-04 13:11:17.559+09
662	39	91652	ratione	2022-09-21 08:45:34.612+09
663	39	91652	enim	2022-05-04 03:52:43.636+09
664	39	91652	laboriosam	2022-02-26 03:47:13.398+09
665	39	43807	dolorem	2022-11-16 18:42:42.545+09
666	39	99833	placeat	2022-05-03 15:19:08.614+09
667	39	99833	laborum	2022-07-16 20:54:20.639+09
668	39	70966	ad	2022-09-13 13:13:38.413+09
669	39	70966	mollitia	2022-11-22 00:20:42.437+09
670	39	70966	nam	2022-04-28 17:24:09.424+09
671	39	70966	eos	2022-12-09 06:13:03.832+09
672	39	70966	voluptas	2022-10-24 13:02:26.868+09
673	39	70966	accusantium	2022-05-26 02:37:41.162+09
674	40	51315	expedita	2022-07-28 18:38:14.944+09
675	40	51315	possimus	2022-06-19 00:48:51.872+09
676	40	51315	vero	2023-02-03 16:27:46.507+09
677	40	60907	eligendi	2022-07-22 02:04:48.055+09
678	40	60907	debitis	2022-10-17 00:23:54.255+09
679	40	95235	ipsa	2022-08-20 13:37:48.437+09
680	40	95235	eos	2022-04-14 18:20:38.846+09
681	40	95235	temporibus	2022-05-25 09:37:10.209+09
682	40	95235	ea	2022-03-17 01:04:14.285+09
683	40	95235	omnis	2022-12-04 09:18:25.532+09
684	40	95235	consequuntur	2022-11-14 19:58:18.558+09
685	40	95235	fugiat	2022-07-11 01:51:29+09
686	40	43807	harum	2022-08-14 23:17:40.592+09
687	40	43807	eum	2022-04-04 14:34:32.437+09
688	40	43807	ea	2022-12-15 08:50:59.107+09
689	40	35339	est	2022-04-14 20:14:47.026+09
690	40	35339	quasi	2022-05-25 00:21:41.735+09
691	40	93984	minus	2022-10-11 17:04:07.06+09
692	40	93984	dignissimos	2023-02-05 10:04:06.572+09
693	40	93984	doloribus	2022-10-04 02:46:08.312+09
694	40	93984	eos	2022-03-08 23:03:21.144+09
695	40	86795	ipsam	2022-08-15 08:01:29.028+09
696	40	86795	illum	2022-08-13 04:49:42.406+09
697	40	86795	consequuntur	2022-09-21 05:34:24.966+09
698	40	86795	cupiditate	2022-02-14 23:37:35.415+09
699	40	86795	earum	2022-04-22 10:57:07.565+09
700	40	86795	nemo	2022-12-27 03:58:06.162+09
701	41	57244	voluptatem	2023-02-03 04:56:23.173+09
702	41	58481	nostrum	2022-05-15 22:01:24.236+09
703	41	58481	aliquid	2023-01-29 05:36:23.527+09
704	41	93653	adipisci	2022-08-19 10:36:37.459+09
705	41	93653	laboriosam	2022-09-01 19:47:48.652+09
706	41	93653	voluptates	2022-03-12 06:49:13.47+09
707	41	93653	necessitatibus	2022-08-02 00:35:52.449+09
708	41	95387	amet	2022-09-17 21:59:22.764+09
709	41	95387	dolor	2022-04-15 12:27:41.589+09
710	41	95387	rerum	2022-10-24 15:50:33.706+09
711	41	95387	architecto	2023-01-15 22:11:52.811+09
712	41	95387	temporibus	2022-04-19 00:50:47.361+09
713	41	95387	corrupti	2022-10-28 03:13:11.203+09
714	41	95387	nihil	2022-02-28 14:43:44.385+09
715	41	98788	nobis	2022-04-15 00:41:57.179+09
716	41	98788	minus	2022-08-18 16:21:32.267+09
717	41	98788	ad	2022-04-23 20:53:16.576+09
718	41	84051	exercitationem	2022-04-01 08:51:41.397+09
719	41	84051	temporibus	2022-03-23 07:16:41.456+09
720	41	84051	qui	2022-06-25 03:25:56.234+09
721	41	84051	praesentium	2023-01-02 06:58:30.278+09
722	41	46365	vitae	2022-06-06 04:07:06.562+09
723	41	46365	suscipit	2022-06-26 18:32:17.567+09
724	41	13409	at	2022-09-23 05:33:42.202+09
725	41	13409	harum	2022-05-11 09:13:58.56+09
726	41	13409	pariatur	2022-05-13 15:22:16.234+09
727	41	13409	labore	2022-04-17 12:09:52.807+09
728	41	13409	numquam	2022-06-08 12:33:07.332+09
729	41	13409	laudantium	2022-03-20 00:20:17.376+09
730	42	23861	in	2022-06-15 01:48:06.93+09
731	42	23861	deleniti	2023-01-14 05:01:49.874+09
732	42	23861	architecto	2023-01-07 04:40:11.531+09
733	42	23861	tempora	2022-04-21 09:07:53.175+09
734	42	23861	libero	2023-01-12 22:40:05.328+09
735	42	50741	quisquam	2022-07-10 15:01:21.212+09
736	42	50741	blanditiis	2022-03-10 21:49:40.915+09
737	42	50741	totam	2022-11-29 04:42:15.983+09
738	42	79520	voluptatibus	2022-05-22 02:12:16.777+09
739	42	79520	dolorum	2022-02-25 12:08:35.865+09
740	42	79520	aliquid	2022-11-27 15:11:18.503+09
741	42	79520	sapiente	2022-04-17 12:43:47.955+09
742	42	79520	vel	2022-04-28 12:14:37.854+09
743	42	51883	ipsa	2022-08-02 11:33:26.721+09
744	42	51883	quidem	2022-07-23 10:09:30.04+09
745	42	51883	itaque	2022-09-16 02:32:19.633+09
746	42	51883	similique	2022-02-14 04:14:16.833+09
747	42	19906	iste	2022-10-17 16:58:22.046+09
748	42	19906	eaque	2023-01-14 11:35:27.903+09
749	42	19906	blanditiis	2022-05-16 00:33:34.003+09
750	42	19906	illo	2023-02-09 07:48:56.786+09
751	42	19906	id	2022-03-23 09:20:47.665+09
752	42	19906	repellendus	2022-09-30 09:08:22.37+09
753	42	19906	eligendi	2022-09-13 04:50:03.832+09
754	43	47414	aliquam	2022-03-03 05:45:17.757+09
755	43	47414	corporis	2022-11-29 21:06:37.029+09
756	43	66910	labore	2022-05-25 13:52:07.561+09
757	43	66910	repudiandae	2022-10-01 13:10:31.625+09
758	44	97776	a	2022-10-24 19:59:23.388+09
759	44	97776	suscipit	2022-07-13 20:44:28.178+09
760	44	81992	nam	2022-02-15 19:34:04.612+09
761	44	81992	error	2022-08-26 10:47:20.083+09
762	44	81992	sapiente	2023-01-23 20:02:35.862+09
763	44	81992	provident	2022-11-26 22:42:42.817+09
764	44	81992	veniam	2022-02-23 09:42:28.63+09
765	44	81992	a	2023-01-17 12:01:02.2+09
766	44	81992	provident	2022-12-24 05:54:02.823+09
767	44	49186	at	2022-12-14 22:44:54.409+09
768	44	49186	quaerat	2022-12-16 06:06:10.811+09
769	44	49186	odit	2023-01-01 17:33:53.7+09
770	44	49186	fugiat	2022-02-25 20:24:01.608+09
771	44	49186	quia	2022-05-17 07:45:22.495+09
772	44	49186	animi	2022-08-18 05:06:01.202+09
773	44	26982	a	2022-07-11 01:15:48.331+09
774	44	26982	numquam	2022-04-18 01:35:52.921+09
775	44	26982	nihil	2022-09-01 10:05:04.993+09
776	44	26982	porro	2022-10-09 00:58:20.069+09
777	44	26982	ratione	2022-06-09 13:40:32.825+09
778	44	26982	voluptas	2022-11-24 00:58:15.79+09
779	44	77333	magnam	2022-05-14 14:28:48.01+09
780	44	77333	eveniet	2022-04-13 04:25:27.505+09
781	44	53513	sapiente	2022-10-31 21:56:17.602+09
782	44	53513	expedita	2022-04-18 10:19:18.184+09
783	44	53513	alias	2022-12-15 13:26:36.014+09
784	44	53513	at	2022-09-07 01:07:45.798+09
785	44	57244	molestias	2022-11-20 19:25:08.902+09
786	44	57244	sapiente	2022-11-22 01:59:58.234+09
787	44	57244	aut	2022-10-23 10:11:14.887+09
788	44	57244	voluptatibus	2022-09-19 05:54:10.575+09
789	44	72365	quisquam	2023-01-20 05:45:02.965+09
790	44	72365	necessitatibus	2022-03-13 06:55:39.1+09
791	44	72365	voluptatum	2022-11-07 17:52:29.946+09
792	45	86178	amet	2022-04-27 00:32:29.757+09
793	45	86178	fuga	2022-11-26 11:40:17.757+09
794	45	86178	perspiciatis	2022-06-12 11:11:17.75+09
795	45	86178	quam	2022-02-17 20:52:40.876+09
796	45	86178	quae	2022-08-31 11:14:10.992+09
797	45	55353	consequatur	2022-08-01 07:45:01.146+09
798	45	55353	labore	2022-07-22 13:13:29.582+09
799	45	25383	repudiandae	2022-06-17 14:59:42.517+09
800	45	25383	beatae	2022-07-14 23:21:57.191+09
801	45	25383	libero	2022-11-20 19:44:48.937+09
802	45	25383	voluptatibus	2022-02-24 02:26:43.751+09
803	45	25383	a	2022-06-11 14:11:49.88+09
804	45	25383	molestiae	2022-05-13 18:20:05.476+09
805	46	54274	fugiat	2022-06-02 13:49:22.468+09
806	46	54274	aspernatur	2022-04-01 22:14:06.133+09
807	46	29207	quaerat	2022-08-20 02:00:11.867+09
808	46	29207	ex	2022-07-20 17:11:07.582+09
809	46	29207	repudiandae	2022-12-23 08:11:39.04+09
810	46	29207	minus	2022-04-23 10:28:53.073+09
811	46	29207	hic	2022-07-31 07:54:09.069+09
812	46	23209	est	2022-05-13 04:27:51.699+09
813	46	23209	ea	2022-07-31 19:49:24.009+09
814	46	23209	magnam	2022-06-29 17:08:13.258+09
815	46	23209	autem	2022-09-05 05:16:40.238+09
816	46	37069	consectetur	2022-05-20 17:35:56.48+09
817	46	37069	itaque	2022-11-25 07:12:01.463+09
818	46	37069	quas	2022-03-09 14:06:26.585+09
819	46	37069	rerum	2022-05-09 01:19:21.014+09
820	46	96928	deleniti	2022-03-25 12:26:29.428+09
821	46	96928	doloremque	2022-04-18 15:09:49.155+09
822	46	96928	atque	2023-02-12 16:03:03.698+09
823	46	96928	libero	2022-10-03 13:46:48.939+09
824	46	41299	esse	2022-04-27 22:36:10.261+09
825	46	41299	voluptatem	2023-01-12 15:13:56.45+09
826	46	41299	impedit	2022-12-12 03:47:08.431+09
827	46	41299	quam	2022-12-08 16:14:48.825+09
828	46	51467	sunt	2022-08-19 20:32:46.721+09
829	46	51467	esse	2022-04-27 07:36:33.855+09
830	46	51467	necessitatibus	2022-06-13 14:20:32.243+09
831	46	51467	illo	2022-02-16 14:41:04.969+09
832	46	51467	doloribus	2022-08-08 11:28:24.779+09
833	46	89838	eveniet	2022-07-19 09:36:57.071+09
834	46	89838	fugit	2022-02-16 07:26:25.975+09
835	46	51565	sunt	2022-06-06 03:19:34.313+09
836	46	51565	nesciunt	2022-09-26 14:16:43.718+09
837	46	51565	voluptatem	2022-11-09 08:35:05.811+09
838	46	51565	eligendi	2022-10-25 01:08:43.335+09
839	46	51565	debitis	2022-09-27 04:50:32.5+09
840	46	51565	rem	2022-09-01 08:55:45.896+09
841	47	20077	nesciunt	2023-01-06 05:35:18.021+09
842	47	20077	voluptates	2022-10-05 06:28:03.155+09
843	47	20077	optio	2022-06-13 05:19:50.03+09
844	47	20077	neque	2022-12-14 00:32:01.261+09
845	47	20077	velit	2022-09-08 13:40:51.48+09
846	47	91664	magni	2022-09-04 19:59:12.5+09
847	47	76848	voluptate	2022-06-06 14:25:45.516+09
848	47	76848	asperiores	2022-03-28 17:17:11.92+09
849	47	76848	odio	2022-11-30 09:47:57.989+09
850	47	76848	placeat	2022-12-10 06:30:24.683+09
851	47	63870	iste	2023-01-14 02:50:20.037+09
852	47	63870	molestias	2022-08-03 21:39:00.177+09
853	47	63870	accusantium	2022-06-30 06:13:26.028+09
854	47	46868	recusandae	2022-05-21 21:40:51.134+09
855	47	46868	accusamus	2022-11-19 22:28:02.721+09
856	47	46868	expedita	2022-04-09 14:38:19.225+09
857	47	63602	explicabo	2022-09-25 13:56:29.482+09
858	47	45562	magnam	2022-12-15 16:27:04.942+09
859	48	39756	corporis	2022-08-07 03:48:41.357+09
860	48	39756	veniam	2022-12-28 21:46:22.163+09
861	48	39756	tempore	2022-12-12 19:21:44.682+09
862	48	58339	facere	2022-04-08 23:01:24.084+09
863	48	58339	repudiandae	2022-09-18 08:45:04.921+09
864	48	58339	eos	2022-12-14 14:14:11.568+09
865	48	58339	voluptatem	2022-10-10 09:32:54.467+09
866	48	58339	delectus	2022-12-22 16:47:32.503+09
867	49	98784	deleniti	2022-04-25 23:43:40.691+09
868	49	98784	magnam	2022-07-31 03:48:48.864+09
869	49	16516	veniam	2022-09-29 15:13:51.314+09
870	49	16516	consectetur	2022-10-02 07:50:00.269+09
871	49	16516	delectus	2022-07-04 15:14:13.329+09
872	49	16516	mollitia	2023-01-26 22:40:55.303+09
873	49	16516	sapiente	2022-11-04 11:28:00.547+09
874	49	16516	perferendis	2022-03-31 18:32:30.037+09
875	49	68350	consequatur	2022-10-18 05:18:48.788+09
876	49	68350	ad	2022-09-22 06:29:26.088+09
877	49	68350	ipsam	2023-01-26 04:27:29.052+09
878	49	14479	non	2022-08-19 13:20:07.331+09
879	49	69686	quia	2022-05-02 15:18:36.007+09
880	49	76499	architecto	2022-06-17 21:34:05.887+09
881	49	76499	cumque	2022-02-17 20:56:53.894+09
882	49	76499	sapiente	2022-10-24 22:51:26.532+09
883	49	16775	aspernatur	2022-12-16 09:53:07.778+09
884	49	16775	fugiat	2022-04-20 04:57:54.453+09
885	50	79522	quam	2022-09-09 03:03:28.492+09
886	50	79522	debitis	2022-03-19 01:00:07.913+09
887	50	79522	vitae	2022-02-14 07:35:56.221+09
888	50	96928	veritatis	2022-03-17 15:03:20.25+09
889	50	96928	nostrum	2022-11-22 07:30:24.257+09
890	50	96928	molestias	2022-05-22 16:18:29.176+09
891	50	99621	labore	2022-12-31 22:00:46.284+09
892	50	99621	amet	2022-02-27 11:31:43.746+09
893	50	99621	sit	2022-07-01 03:24:37.821+09
894	51	16699	aspernatur	2022-03-26 20:46:10.039+09
895	51	16699	reiciendis	2022-08-08 05:33:47.363+09
896	51	67222	enim	2022-09-25 15:31:37.255+09
897	51	67222	nam	2023-01-06 18:42:35.239+09
898	51	67222	neque	2022-03-16 08:50:32.65+09
899	51	67222	aliquam	2022-11-08 22:16:39.488+09
900	51	67222	modi	2022-07-01 14:10:08.479+09
901	51	67222	ad	2022-02-27 13:18:33.504+09
902	51	69511	necessitatibus	2022-07-01 20:01:28.784+09
903	51	69511	fuga	2022-08-11 18:48:14.259+09
904	51	69511	totam	2022-11-16 13:07:14.635+09
905	51	69511	repellat	2022-08-09 06:00:39.706+09
906	51	69511	vero	2023-02-04 00:11:06.008+09
907	51	71022	cum	2023-01-23 09:50:41.153+09
908	51	71022	minus	2023-01-10 01:17:03.63+09
909	51	71022	porro	2022-08-08 18:13:55.285+09
910	51	53513	praesentium	2022-03-29 11:57:13.883+09
911	51	53513	laudantium	2022-11-15 15:07:51.956+09
912	51	53513	fuga	2022-11-20 23:46:20.82+09
913	51	22882	voluptatibus	2022-07-18 23:37:44.944+09
914	51	22882	minus	2022-04-12 04:22:01.945+09
915	51	22882	dolorem	2022-09-02 15:45:07.134+09
916	51	22882	necessitatibus	2022-09-12 05:04:30.739+09
917	52	26982	similique	2022-03-25 11:04:24.379+09
918	52	66033	aliquam	2022-06-05 23:05:34.901+09
919	52	66033	iure	2022-08-28 04:05:10.47+09
920	52	66033	doloribus	2022-09-01 02:01:37.917+09
921	52	66033	quas	2022-07-23 18:39:40.987+09
922	52	66033	rem	2022-07-17 06:44:59.913+09
923	52	41472	exercitationem	2022-08-31 11:17:16.524+09
924	52	60907	velit	2022-07-27 18:29:22.397+09
925	52	60907	vel	2022-06-12 07:56:13.152+09
926	52	60907	eveniet	2022-10-11 00:54:40.381+09
927	52	60907	deleniti	2022-11-08 08:15:00.864+09
928	52	98638	debitis	2022-04-09 03:40:39.798+09
929	52	79520	numquam	2022-06-05 14:29:53.137+09
930	52	79520	cupiditate	2022-03-18 01:51:13.39+09
931	52	79520	voluptatum	2022-11-14 17:08:09.622+09
932	52	79520	quis	2022-10-25 21:31:58.642+09
933	52	79520	quis	2022-05-10 21:13:24.088+09
934	52	79520	facere	2022-03-23 06:38:18.959+09
935	52	79520	vel	2022-07-23 09:13:34.842+09
936	53	27017	hic	2022-12-02 09:24:05.919+09
937	53	72822	quo	2022-03-22 18:09:50.716+09
938	53	72822	libero	2022-08-21 00:05:03.492+09
939	53	72822	aspernatur	2022-08-21 21:55:48.639+09
940	53	72822	dolorem	2022-02-20 15:15:10.131+09
941	54	85566	vel	2022-06-02 15:50:30.034+09
942	54	85566	eligendi	2022-10-19 02:06:58.596+09
943	54	85566	expedita	2022-03-26 19:15:33.94+09
944	54	85566	alias	2022-03-20 12:50:11.573+09
945	54	40051	cupiditate	2023-01-13 20:52:31.252+09
946	54	40051	ab	2022-07-29 21:10:34.602+09
947	54	40051	nam	2023-01-10 16:20:56.563+09
948	54	40051	aliquam	2022-03-11 04:39:47.061+09
949	54	40051	optio	2023-01-06 23:30:06.319+09
950	55	85528	ullam	2022-04-12 15:52:03.799+09
951	55	85528	distinctio	2022-12-14 19:57:27.361+09
952	55	85528	inventore	2022-07-28 12:10:24.313+09
953	55	36524	doloremque	2022-10-23 11:55:21.002+09
954	55	36524	fuga	2022-12-13 10:47:01.643+09
955	55	36524	in	2022-07-07 00:41:33.067+09
956	55	50741	officia	2022-09-24 13:13:45.451+09
957	55	39739	corrupti	2022-07-23 20:12:55.831+09
958	55	39739	dolorum	2022-08-08 10:35:40.678+09
959	55	39739	maxime	2022-08-01 01:05:46.087+09
960	55	39739	quisquam	2022-08-01 20:33:40.778+09
961	55	39739	voluptate	2022-06-23 12:12:42.736+09
962	55	46228	unde	2022-09-21 01:27:26.246+09
963	55	46228	enim	2022-07-16 11:49:07.178+09
964	55	46228	quos	2022-06-16 05:05:21.346+09
965	55	46228	veniam	2022-12-27 13:42:27.339+09
966	55	46228	debitis	2022-10-16 10:04:03.671+09
967	55	46228	libero	2022-12-18 02:26:53.121+09
968	55	41453	quam	2022-09-29 14:27:30.192+09
969	55	41453	consectetur	2022-09-02 10:49:42.482+09
970	55	79520	natus	2023-02-01 07:51:54.972+09
971	55	79520	magni	2022-02-13 22:24:05.13+09
972	55	79520	officia	2023-02-04 21:50:56.978+09
973	55	79520	aliquam	2023-02-12 04:29:34.58+09
974	55	79520	laudantium	2022-11-08 19:23:18.241+09
975	55	79520	accusamus	2022-03-14 04:41:44.923+09
976	56	70966	facilis	2022-04-20 16:18:13.771+09
977	56	70966	commodi	2022-03-22 13:15:07.63+09
978	56	70966	assumenda	2022-12-01 09:30:43.666+09
979	56	70966	ratione	2022-12-13 03:51:32.998+09
980	56	70966	ipsam	2022-06-14 19:33:18.2+09
981	56	70966	adipisci	2023-01-07 13:57:06.435+09
982	56	70966	atque	2022-09-19 07:03:41.319+09
983	56	16516	iusto	2022-12-04 00:34:58.684+09
984	56	46889	voluptatibus	2022-07-05 21:04:30.965+09
985	56	46889	voluptate	2022-06-07 11:17:23.765+09
986	56	46889	natus	2022-04-29 03:11:22.277+09
987	56	46889	ipsum	2022-11-30 23:10:45.493+09
988	56	46889	veritatis	2023-02-03 11:19:10.822+09
989	56	46889	reiciendis	2022-06-14 10:53:16.047+09
990	56	46889	sapiente	2022-06-20 16:45:36.903+09
991	56	46889	accusantium	2023-01-08 21:20:45.077+09
992	56	28600	hic	2022-08-30 01:45:23.151+09
993	56	28600	reiciendis	2022-09-24 10:42:31.869+09
994	56	59140	voluptate	2022-06-04 04:41:15.186+09
995	56	59140	temporibus	2022-06-20 00:58:50.709+09
996	57	40051	quae	2022-04-08 04:51:08.775+09
997	57	40051	asperiores	2022-03-01 17:50:59.136+09
998	57	40051	ad	2022-11-12 02:54:45.74+09
999	57	40051	qui	2022-04-16 02:30:49.726+09
1000	57	40051	nisi	2022-09-14 09:05:04.276+09
1001	57	40051	magni	2022-07-17 11:17:26.625+09
1002	57	40051	doloribus	2022-12-25 19:16:26.311+09
1003	57	40051	quos	2023-01-22 18:07:00.556+09
1004	57	36220	ratione	2022-07-08 08:58:34.124+09
1005	57	36220	animi	2022-11-06 04:58:45.035+09
1006	57	58288	nostrum	2022-12-22 11:41:52.737+09
1007	57	58288	impedit	2023-01-14 21:07:56.772+09
1008	57	58288	omnis	2022-07-15 03:37:43.879+09
1009	57	51883	explicabo	2022-09-10 16:12:22.176+09
1010	57	51883	labore	2022-05-21 21:17:51.095+09
1011	58	30337	ad	2022-02-24 12:11:06.131+09
1012	58	30337	laborum	2022-03-01 07:15:58.344+09
1013	58	30337	rerum	2022-06-22 22:18:36.296+09
1014	58	30337	qui	2022-06-24 19:46:04.397+09
1015	58	30337	nisi	2023-02-13 11:27:52.065+09
1016	58	30337	neque	2022-11-27 05:20:52.609+09
1017	58	30337	ad	2022-05-12 06:01:55.461+09
1018	58	81992	quidem	2022-09-25 15:53:28.429+09
1019	58	81992	porro	2022-06-05 05:53:46.826+09
1020	58	81992	harum	2022-05-10 01:17:51.326+09
1021	58	81992	aut	2022-12-27 21:32:14.041+09
1022	59	20077	quis	2022-08-16 21:44:46.38+09
1023	59	99833	architecto	2022-06-29 16:17:52.08+09
1024	59	99833	iste	2022-12-16 21:37:17.733+09
1025	59	99833	ullam	2022-05-06 20:48:03.808+09
1026	59	99833	impedit	2022-05-14 22:08:49.695+09
1027	59	41299	debitis	2022-10-10 03:09:53.91+09
1028	59	41299	odio	2023-02-04 11:09:39.924+09
1029	59	41299	debitis	2022-03-23 19:37:50.315+09
1030	59	41299	similique	2023-01-26 01:18:05.858+09
1031	59	41299	voluptate	2022-08-27 03:26:38.324+09
1032	59	86615	enim	2022-10-22 11:13:32.509+09
1033	59	86615	fugit	2022-09-24 06:37:21.847+09
1034	59	86615	aspernatur	2022-10-09 21:06:54.293+09
1035	59	86615	veritatis	2022-03-06 11:48:47.2+09
1036	59	73885	voluptates	2022-11-02 21:24:28.6+09
1037	59	73885	dolorem	2022-06-30 10:45:18.21+09
1038	59	36524	aliquid	2023-02-04 20:29:47.71+09
1039	59	36524	sit	2022-04-08 08:24:05.975+09
1040	59	13475	ab	2022-05-14 04:22:49.812+09
1041	59	13475	unde	2022-06-01 05:50:04.174+09
1042	59	13475	repellendus	2022-03-28 06:45:35.377+09
1043	59	13475	minus	2023-02-04 05:36:58.455+09
1044	59	15893	laboriosam	2022-02-13 18:29:47.876+09
1045	59	15893	exercitationem	2022-11-12 08:19:05.487+09
1046	60	89838	officiis	2022-11-13 06:03:16.2+09
1047	60	89838	ad	2022-09-02 17:44:16.507+09
1048	60	89838	quasi	2022-11-02 07:15:11.317+09
1049	60	89838	ipsam	2022-04-19 22:14:47.715+09
1050	60	71330	asperiores	2022-07-04 01:25:37.055+09
1051	60	71330	accusamus	2022-03-26 15:35:26.153+09
1052	60	71330	quidem	2022-07-05 21:08:26.677+09
1053	60	71330	velit	2023-01-08 00:48:15.358+09
1054	60	71330	quaerat	2022-10-12 05:40:10.338+09
1055	60	72786	repellat	2022-12-24 15:22:54.581+09
1056	60	72786	itaque	2022-09-29 06:57:47.009+09
1057	60	72786	voluptates	2022-10-06 21:48:44.837+09
1058	60	72786	dolores	2022-02-14 22:25:32.735+09
1059	60	72786	laboriosam	2022-03-29 21:40:25.739+09
1060	60	72786	reprehenderit	2023-02-01 03:09:08.462+09
1061	60	17318	quae	2022-07-27 00:44:49.436+09
1062	60	17318	eligendi	2022-11-24 21:42:55.758+09
1063	60	59996	dolorem	2022-05-09 07:46:22.027+09
1064	60	59996	laboriosam	2022-02-25 09:32:06.019+09
1065	60	59996	quaerat	2023-01-22 22:38:19.35+09
1066	60	59996	expedita	2022-06-20 10:40:56.056+09
1067	60	52281	nobis	2022-05-06 23:44:56.125+09
1068	60	52281	suscipit	2022-05-19 17:54:05.485+09
1069	60	52281	in	2022-10-12 05:37:59.112+09
1070	60	52281	iusto	2022-12-12 15:00:31.503+09
1071	61	75948	odit	2022-08-16 05:50:13.891+09
1072	61	75948	temporibus	2022-02-20 23:58:52.702+09
1073	61	75948	autem	2023-01-29 11:27:43.974+09
1074	61	56851	quis	2023-01-02 05:59:39.888+09
1075	61	56851	fugit	2022-06-30 17:14:57.378+09
1076	61	99554	facere	2022-09-04 12:50:45.135+09
1077	61	99554	praesentium	2022-05-30 16:39:53.451+09
1078	61	73163	et	2022-10-18 11:42:24.692+09
1079	61	73163	dolor	2022-07-18 18:14:49.52+09
1080	61	62125	ad	2022-09-09 00:25:30.975+09
1081	61	62125	quibusdam	2022-05-26 07:55:42.329+09
1082	61	62125	enim	2022-09-20 05:02:31.883+09
1083	61	62125	tempora	2022-09-13 20:47:47.583+09
1084	61	62125	occaecati	2022-04-18 17:02:11.627+09
1085	61	62125	nisi	2022-11-06 23:01:17.052+09
1086	61	81435	corrupti	2022-12-15 01:35:36.765+09
1087	61	81435	nam	2022-04-27 17:41:00.451+09
1088	61	81435	officia	2022-06-25 15:50:59.835+09
1089	61	81435	vel	2022-11-20 05:52:54.841+09
1090	61	81435	eius	2022-03-11 01:12:02.685+09
1091	61	50854	magnam	2022-09-17 04:05:25.69+09
1092	61	50854	nam	2022-09-29 06:00:18.266+09
1093	61	50854	quia	2022-11-26 08:35:19.455+09
1094	61	50854	nemo	2022-05-23 08:11:14.158+09
1095	62	86965	dolore	2022-08-06 22:20:03.014+09
1096	62	73887	nobis	2023-01-15 04:05:51.813+09
1097	63	32495	facere	2022-10-09 09:45:20.339+09
1098	63	85528	minima	2022-09-17 03:58:38.986+09
1099	63	85528	doloribus	2022-05-09 09:13:47.072+09
1100	63	85528	ipsum	2022-10-25 02:22:47.464+09
1101	64	31632	occaecati	2022-10-17 11:50:27.531+09
1102	64	31632	eveniet	2022-12-02 19:55:01.17+09
1103	64	31632	deleniti	2022-05-27 08:20:41.757+09
1104	64	31632	saepe	2022-05-12 02:07:39.126+09
1105	64	56718	dolorum	2022-07-06 20:32:31.631+09
1106	64	56718	illo	2022-07-12 09:07:42.949+09
1107	64	56718	blanditiis	2022-09-27 23:47:30.739+09
1108	64	56718	incidunt	2023-01-09 16:45:28.664+09
1109	64	56718	illum	2022-10-23 06:41:24.749+09
1110	64	23209	illo	2022-12-10 17:32:12.649+09
1111	64	23209	deleniti	2022-07-31 03:17:27.235+09
1112	64	23209	animi	2023-02-11 01:12:06.442+09
1113	64	23209	aspernatur	2022-02-27 16:29:02.025+09
1114	64	23209	ullam	2022-06-14 17:39:20.395+09
1115	65	20598	aliquid	2022-08-28 21:02:40.385+09
1116	65	20598	nisi	2022-11-27 04:33:24.598+09
1117	65	20598	nihil	2023-01-29 15:45:24.118+09
1118	65	20598	accusantium	2022-04-11 15:51:57.405+09
1119	65	20598	iusto	2022-05-20 03:59:37.149+09
1120	65	20598	harum	2022-08-05 16:15:42.101+09
1121	65	84327	excepturi	2022-08-20 16:16:56.673+09
1122	65	84327	cum	2022-10-30 14:01:33.809+09
1123	65	84327	sapiente	2023-02-05 09:27:47.702+09
1124	65	84327	iusto	2022-04-28 06:56:48.388+09
1125	65	14479	cumque	2022-08-16 06:57:42.336+09
1126	65	14479	enim	2022-10-04 16:40:16.605+09
1127	65	14479	voluptatum	2022-02-15 19:40:35.994+09
1128	65	13130	commodi	2022-03-27 00:28:52.587+09
1129	65	13130	eaque	2022-10-15 18:46:33.381+09
1130	65	13130	aut	2023-01-31 16:02:22.683+09
1131	65	87654	occaecati	2023-01-16 07:50:15.525+09
1132	65	16775	porro	2022-11-03 02:20:32.49+09
1133	65	16775	magni	2022-10-08 02:54:11.547+09
1134	65	16775	ex	2022-09-03 17:13:20.993+09
1135	65	16775	deserunt	2022-05-16 06:46:32.34+09
1136	65	50521	perferendis	2022-07-02 05:22:34.062+09
1137	65	69914	repellendus	2023-01-09 01:05:34.401+09
1138	65	69914	aperiam	2022-07-31 04:56:32.811+09
1139	65	23976	vitae	2022-08-28 11:56:46.4+09
1140	65	23976	aspernatur	2022-11-04 05:18:15.931+09
1141	65	23976	facilis	2022-05-14 23:32:00.829+09
1142	65	23976	a	2022-08-22 20:21:02.454+09
1143	65	23976	cupiditate	2022-07-28 20:25:33.941+09
1144	65	23976	impedit	2023-02-13 11:59:12.926+09
1145	65	74880	cumque	2022-11-18 04:51:34.757+09
1146	65	74880	dolor	2022-04-25 10:03:51.553+09
1147	65	74880	accusantium	2022-09-29 22:03:07.553+09
1148	65	74880	perferendis	2022-04-06 13:06:50.064+09
1149	66	39739	minus	2022-09-21 22:25:39.686+09
1150	66	39739	officiis	2022-11-07 21:00:45.34+09
1151	66	39739	blanditiis	2022-04-17 16:53:15.453+09
1152	66	39739	velit	2023-01-26 01:24:58.011+09
1153	66	39739	recusandae	2022-10-23 20:45:28.432+09
1154	66	39739	quibusdam	2022-11-03 04:34:19.406+09
1155	66	96928	delectus	2022-03-07 19:29:14.582+09
1156	66	96928	optio	2022-07-10 08:05:23.941+09
1157	66	61158	aliquam	2022-05-31 14:51:17.197+09
1158	66	61158	dolores	2022-05-30 17:12:49.632+09
1159	66	61158	voluptas	2022-04-07 00:15:03.682+09
1160	66	61158	tempore	2022-03-08 05:55:11.1+09
1161	66	61158	ipsa	2022-10-16 01:04:01.835+09
1162	66	57075	reiciendis	2022-06-21 12:35:15.499+09
1163	66	57075	corrupti	2023-01-05 07:31:20.093+09
1164	66	57075	sunt	2022-03-18 10:33:29.693+09
1165	66	57075	laboriosam	2022-10-06 01:19:43.55+09
1166	66	96313	id	2022-12-07 01:50:55.446+09
1167	66	96313	autem	2022-08-23 19:11:55.111+09
1168	66	85386	sapiente	2023-02-01 19:36:36.479+09
1169	66	85386	vitae	2022-04-14 01:37:05.836+09
1170	66	79603	itaque	2022-06-25 06:11:26.715+09
1171	66	79603	minima	2022-07-14 06:57:15.8+09
1172	66	79603	aspernatur	2023-01-07 20:29:29.63+09
1173	67	36914	veniam	2022-08-14 06:33:13.343+09
1174	67	36914	non	2023-01-17 22:03:33.665+09
1175	67	36914	fuga	2022-08-08 11:41:47.673+09
1176	67	85566	occaecati	2022-05-01 20:50:39.642+09
1177	67	85566	magnam	2022-10-28 15:09:02.226+09
1178	67	19906	quod	2022-04-16 01:18:47.684+09
1179	67	19906	culpa	2022-10-04 05:16:35.014+09
1180	67	19906	deleniti	2022-10-30 17:34:22.373+09
1181	67	96928	id	2022-04-14 07:58:10.88+09
1182	67	96928	iste	2022-05-04 01:12:30.13+09
1183	67	96928	aut	2022-08-09 13:49:19.429+09
1184	67	96928	corporis	2022-05-15 20:26:46.511+09
1185	67	25383	labore	2022-12-17 00:05:39.904+09
1186	67	25383	odit	2022-09-05 20:39:36.18+09
1187	67	25383	nemo	2022-04-15 08:44:42.964+09
1188	67	25383	voluptatum	2022-07-19 16:14:03.469+09
1189	67	25383	nihil	2023-02-10 13:51:35.845+09
1190	67	25383	voluptate	2022-06-22 04:43:55.951+09
1191	67	25383	qui	2022-06-04 23:10:30.565+09
1192	67	25383	nisi	2022-04-25 03:33:37.97+09
1193	68	73369	commodi	2022-07-27 02:18:39.304+09
1194	68	86178	quisquam	2022-12-06 00:56:50.856+09
1195	68	86178	veritatis	2022-12-13 18:34:00.531+09
1196	68	86178	sit	2023-01-07 16:53:13.404+09
1197	68	86178	consequatur	2022-07-09 10:24:05.948+09
1198	68	67222	voluptas	2022-04-02 13:47:10.926+09
1199	68	67222	assumenda	2022-04-23 04:12:14.823+09
1200	68	67222	dicta	2022-05-19 16:50:14.034+09
1201	68	70966	nesciunt	2022-06-10 16:32:02.429+09
1202	68	70966	commodi	2022-03-26 20:51:24.617+09
1203	69	44829	totam	2022-07-22 17:44:51.432+09
1204	69	44829	in	2022-10-26 19:58:45.193+09
1205	69	16775	quaerat	2022-02-26 18:43:28.767+09
1206	69	16775	iure	2022-04-16 11:21:19.654+09
1207	69	16775	eius	2022-03-01 02:03:40.723+09
1208	69	16775	recusandae	2022-06-27 05:26:49.078+09
1209	69	16775	ipsum	2023-02-02 17:42:17.651+09
1210	69	16775	hic	2022-12-25 23:40:19.743+09
1211	69	16775	tenetur	2022-10-09 09:40:42.754+09
1212	69	16775	modi	2022-06-17 16:44:26.065+09
1213	69	16775	dignissimos	2022-05-21 16:47:53.173+09
1214	70	39756	nam	2022-06-17 05:16:45.584+09
1215	70	39756	laborum	2022-05-09 22:27:08.239+09
1216	70	95535	eos	2022-05-31 17:55:47.401+09
1217	70	95535	saepe	2022-03-29 03:03:28.558+09
1218	70	95535	adipisci	2022-03-02 06:13:43.976+09
1219	70	95535	maxime	2022-05-22 19:35:45.862+09
1220	70	95535	sequi	2022-05-13 18:14:58.522+09
1221	70	95535	dolore	2022-10-12 08:42:56.74+09
1222	70	95535	alias	2023-01-21 16:26:58.223+09
1223	70	58502	ea	2022-07-12 18:43:30.212+09
1224	70	58502	quas	2022-10-27 15:15:26.903+09
1225	71	30337	amet	2022-04-27 16:46:29.405+09
1226	71	30337	accusantium	2023-01-13 20:17:14.683+09
1227	71	14347	impedit	2022-08-18 14:40:38.735+09
1228	71	14347	doloremque	2022-02-26 06:08:53.066+09
1229	71	14347	numquam	2022-10-19 00:44:17.253+09
1230	71	73561	tempora	2022-05-30 07:49:09.868+09
1231	71	29207	quaerat	2022-09-30 16:54:26.793+09
1232	71	29207	esse	2022-12-13 20:24:01.334+09
1233	71	71569	dolore	2023-01-06 22:27:32.765+09
1234	71	71569	cupiditate	2022-12-21 03:53:07.223+09
1235	71	71569	quo	2022-12-06 14:43:39.798+09
1236	71	71569	dolores	2022-06-12 12:05:27.189+09
1237	71	27332	corporis	2023-01-26 10:26:26.08+09
1238	71	27332	voluptate	2022-11-07 21:35:09.706+09
1239	71	27332	commodi	2022-03-26 14:56:29.807+09
1240	71	27332	explicabo	2022-07-05 23:47:54.692+09
1241	71	92272	delectus	2022-02-24 00:50:53.732+09
1242	71	92272	omnis	2022-08-22 21:56:37.446+09
1243	72	35727	voluptatum	2022-03-22 02:57:08.35+09
1244	72	35727	reiciendis	2022-07-06 19:44:49.089+09
1245	72	35727	repellendus	2022-07-13 06:29:27.95+09
1246	72	35727	fugit	2022-06-05 06:59:04.642+09
1247	72	35727	hic	2022-06-22 04:23:40.166+09
1248	72	35727	quo	2022-09-10 03:46:34.67+09
1249	72	22882	fugit	2022-08-23 17:09:08.974+09
1250	72	22882	animi	2022-11-07 21:15:48.379+09
1251	72	22882	veniam	2022-08-18 23:17:47.569+09
1252	72	22882	porro	2022-11-01 15:52:16.707+09
1253	72	43807	laboriosam	2022-02-14 07:05:18.376+09
1254	72	43807	quis	2022-12-20 08:05:24.076+09
1255	72	43807	dolore	2022-03-17 11:48:47.042+09
1256	72	43807	sunt	2022-07-09 01:11:57.831+09
1257	72	43807	omnis	2022-05-02 17:35:06.429+09
1258	72	92272	cumque	2022-08-24 16:05:30.628+09
1259	72	92272	nihil	2023-02-04 15:49:26.677+09
1260	72	92272	earum	2022-11-24 04:01:42.881+09
1261	72	92272	sint	2022-02-28 17:18:36.836+09
1262	72	79522	dolorum	2022-03-16 22:03:07.487+09
1263	72	79522	quos	2022-04-07 12:05:34.077+09
1264	72	25880	quaerat	2022-10-13 11:05:14.742+09
1265	72	25880	natus	2022-06-14 17:35:41.889+09
1266	72	25880	dolorum	2023-01-14 13:49:17.752+09
1267	72	25880	doloribus	2022-08-01 18:37:33.981+09
1268	72	86150	eum	2022-03-06 22:42:33.708+09
1269	72	86150	neque	2022-05-18 05:20:01.688+09
1270	72	86150	sint	2022-11-26 20:19:50.822+09
1271	72	86150	similique	2022-11-30 21:48:14.702+09
1272	72	86150	nostrum	2022-06-05 09:57:10.75+09
1273	72	35408	reiciendis	2022-04-01 12:12:00.247+09
1274	72	35408	aspernatur	2023-01-21 04:52:10.686+09
1275	73	26982	ipsam	2022-11-05 14:38:01.174+09
1276	73	26982	quod	2022-09-04 11:34:04.619+09
1277	73	26982	saepe	2022-05-18 17:59:35.387+09
1278	73	26982	molestias	2022-09-04 02:27:29.64+09
1279	73	26982	occaecati	2022-12-27 22:31:32.777+09
1280	73	26982	nam	2022-06-12 15:27:40.14+09
1281	73	26982	eum	2022-07-06 13:34:48.81+09
1282	73	50741	nesciunt	2022-06-20 21:35:50.387+09
1283	73	50741	quo	2022-12-30 03:03:18.451+09
1284	73	50741	cum	2022-03-28 08:37:06.824+09
1285	73	41299	porro	2022-02-16 00:23:07.998+09
1286	73	41299	est	2022-10-13 17:25:35.943+09
1287	73	75955	accusantium	2022-10-01 15:01:14.46+09
1288	73	75955	sint	2022-11-03 17:39:34.923+09
1289	73	75955	magni	2022-03-05 01:59:44.145+09
1290	73	75955	soluta	2022-03-19 17:56:42.518+09
1291	73	81992	labore	2022-10-08 14:50:16.66+09
1292	73	81992	sapiente	2022-08-26 02:31:18.085+09
1293	73	81992	aperiam	2022-11-25 02:30:35.451+09
1294	73	95464	repudiandae	2023-01-23 07:09:12.524+09
1295	73	95464	sit	2022-05-01 06:17:38.185+09
1296	73	95464	incidunt	2023-01-19 08:31:11.394+09
1297	73	74190	eius	2022-12-31 18:56:51.965+09
1298	73	74190	inventore	2022-09-27 08:34:49.107+09
1299	74	33880	corrupti	2022-06-10 03:08:18.073+09
1300	74	33880	nihil	2022-03-20 14:50:11.103+09
1301	74	33880	at	2022-10-12 17:27:07.498+09
1302	74	33880	natus	2022-09-13 21:47:46.409+09
1303	74	33880	deleniti	2022-09-02 15:00:42.827+09
1304	74	33880	sit	2022-09-22 22:25:08.547+09
1305	74	42711	saepe	2022-12-13 14:34:13.847+09
1306	74	42711	voluptatem	2022-02-20 16:56:12.177+09
1307	74	42711	porro	2022-09-29 08:22:31.408+09
1308	74	42711	eos	2022-07-14 15:26:38.874+09
1309	74	89368	saepe	2022-11-29 01:46:26.625+09
1310	74	89368	veniam	2022-07-21 02:25:30.777+09
1311	74	89368	deserunt	2022-12-15 00:09:17.583+09
1312	74	60907	molestiae	2022-09-07 07:53:48.665+09
1313	74	60907	architecto	2023-01-21 05:14:35.019+09
1314	74	60907	quasi	2022-08-22 00:54:34.031+09
1315	74	60907	minima	2022-07-01 13:18:34.295+09
1316	74	86615	id	2022-11-20 21:52:23.949+09
1317	74	86615	eum	2022-04-17 01:20:42.5+09
1318	75	43163	debitis	2022-03-27 22:33:16.245+09
1319	75	86150	iusto	2022-05-31 12:13:06.281+09
1320	75	86150	tempora	2023-02-10 03:23:46.216+09
1321	75	86150	quo	2022-04-14 04:00:58.742+09
1322	75	86150	similique	2022-05-28 11:42:40.647+09
1323	75	86150	rerum	2022-05-02 03:29:21.097+09
1324	75	86150	veritatis	2022-04-10 11:29:28.231+09
1325	75	53271	magnam	2022-06-01 05:52:06.201+09
1326	75	53271	excepturi	2022-06-15 10:49:33.1+09
1327	75	53271	architecto	2022-10-16 11:33:53.911+09
1328	75	53271	laudantium	2022-07-21 05:30:10.329+09
1329	75	53271	quasi	2022-11-23 23:08:38.965+09
1330	75	53271	temporibus	2022-07-19 23:11:22.393+09
1331	75	53271	suscipit	2022-09-24 12:32:33.718+09
1332	75	32495	reprehenderit	2022-03-10 10:00:12.959+09
1333	75	32495	in	2022-08-07 01:45:24.919+09
1334	75	89629	quisquam	2022-11-01 00:45:04.41+09
1335	75	89629	ratione	2022-12-06 21:06:17.205+09
1336	75	86965	nisi	2022-10-24 07:46:29.818+09
1337	75	86965	ipsam	2022-06-28 13:25:13.137+09
1338	75	25136	minus	2022-11-14 07:33:50.677+09
1339	75	25136	praesentium	2022-06-22 13:41:07.671+09
1340	75	25136	maiores	2023-01-10 00:30:01.973+09
1341	75	25136	impedit	2022-12-19 05:50:52.9+09
1342	75	60732	quidem	2022-10-05 13:09:00.712+09
1343	75	60732	tempore	2022-10-26 02:15:25.782+09
1344	75	60732	impedit	2022-10-25 00:09:05+09
1345	75	60732	aperiam	2022-07-22 02:34:51.968+09
1346	75	45562	nam	2022-06-19 07:38:20.802+09
1347	75	45562	magnam	2022-02-23 03:39:25.456+09
1348	76	42097	libero	2022-09-01 14:46:17.546+09
1349	76	42097	harum	2022-07-21 00:55:24.578+09
1350	76	42097	laboriosam	2022-12-29 21:34:41.452+09
1351	76	42097	exercitationem	2022-03-12 02:42:55.291+09
1352	76	42097	magni	2022-10-28 22:17:06.12+09
1353	76	42097	quae	2022-11-09 03:40:20.718+09
1354	76	42097	eaque	2022-04-23 14:10:15.811+09
1355	76	60803	voluptate	2022-11-29 10:34:55.21+09
1356	76	60803	neque	2022-08-24 14:45:43.098+09
1357	76	53607	quasi	2022-04-02 21:02:12.625+09
1358	76	53607	eligendi	2022-04-23 18:11:32.237+09
1359	76	58502	atque	2022-11-27 13:23:59.982+09
1360	76	58502	beatae	2022-10-24 18:32:00.314+09
1361	76	58502	rerum	2022-04-26 06:14:02.993+09
1362	76	58502	dignissimos	2022-09-22 03:58:54.105+09
1363	76	58502	laborum	2022-12-22 22:56:54.339+09
1364	76	58502	in	2022-06-17 10:56:15.933+09
1365	76	57244	molestiae	2022-07-17 16:37:42.492+09
1366	76	57244	neque	2022-09-22 17:53:25.678+09
1367	76	57244	repudiandae	2022-11-29 15:44:01.169+09
1368	76	57244	hic	2022-10-18 05:47:28.937+09
1369	76	57244	sed	2022-10-19 10:51:42.016+09
1370	76	83961	soluta	2022-05-21 22:45:16.959+09
1371	76	83961	sit	2022-10-10 07:39:14.477+09
1372	76	83961	voluptas	2022-06-26 20:56:35.322+09
1373	76	83961	nobis	2022-09-05 05:17:52.617+09
1374	76	83961	nulla	2022-05-12 07:16:47.275+09
1375	76	83961	eius	2022-10-04 21:32:50.625+09
1376	76	83961	aut	2023-01-30 23:20:10.676+09
1377	76	83961	repellat	2022-07-31 15:08:03.894+09
1378	76	70966	fugit	2022-08-28 09:40:16.018+09
1379	76	70966	ut	2022-04-19 04:01:45.446+09
1380	76	70966	doloribus	2022-04-03 06:54:36.698+09
1381	76	70966	maxime	2022-04-07 21:14:05.584+09
1382	77	86795	aliquam	2022-12-14 13:57:25.466+09
1383	77	86795	quas	2023-01-24 00:50:55.06+09
1384	77	86795	officia	2022-08-25 13:21:21.072+09
1385	77	34661	recusandae	2022-03-13 23:56:54.957+09
1386	78	55144	sapiente	2023-02-01 08:06:58.652+09
1387	78	84051	dolor	2022-07-19 23:51:04.315+09
1388	78	84051	omnis	2022-12-10 10:50:39.772+09
1389	79	38822	distinctio	2023-01-04 11:40:34.441+09
1390	79	38822	incidunt	2022-10-15 17:16:46.098+09
1391	79	38822	natus	2022-08-19 12:11:52.38+09
1392	79	38822	quia	2023-02-12 10:17:29.98+09
1393	79	38822	optio	2022-08-16 19:10:29.069+09
1394	79	58189	neque	2022-04-25 00:13:28.928+09
1395	79	58189	in	2023-01-17 05:50:26.498+09
1396	79	58189	dignissimos	2022-06-18 00:54:47.491+09
1397	79	58189	ipsam	2022-07-01 01:38:43.988+09
1398	79	58189	tenetur	2022-11-04 19:45:33.628+09
1399	79	70329	ipsa	2022-08-15 09:54:15.292+09
1400	79	70329	tempora	2022-05-13 19:38:59.719+09
1401	79	70329	autem	2022-02-15 00:53:28.062+09
1402	79	70329	rerum	2022-09-29 04:05:10.892+09
1403	79	55353	maxime	2022-06-10 13:21:37.135+09
1404	79	55353	voluptatibus	2022-07-02 10:48:09.733+09
1405	79	79522	nulla	2023-01-14 00:39:50.116+09
1406	79	79522	est	2022-04-11 16:57:43.46+09
1407	79	79522	natus	2022-10-30 02:15:32.286+09
1408	79	74511	odio	2023-01-24 02:47:33.066+09
1409	79	74511	eos	2022-05-18 10:58:15.388+09
1410	79	60959	iure	2023-01-20 14:45:27.223+09
1411	79	60959	atque	2022-04-03 23:07:35.416+09
1412	79	60959	unde	2022-12-09 01:28:07.927+09
1413	79	60959	magnam	2022-10-03 22:16:22.149+09
1414	79	60959	impedit	2022-07-25 14:08:44.59+09
1415	79	87654	animi	2022-07-08 11:06:06.323+09
1416	79	87654	illum	2022-08-01 14:58:23.025+09
1417	79	87654	possimus	2022-12-11 23:31:38.754+09
1418	79	87654	ab	2023-02-12 21:48:35.809+09
1419	79	45562	quidem	2022-09-13 20:45:59.092+09
1420	79	45562	magnam	2022-11-07 08:37:41.015+09
1421	79	45562	culpa	2022-09-09 21:17:08.022+09
1422	79	45562	cum	2022-09-24 12:31:26.922+09
1423	79	28652	at	2022-07-18 20:36:13.534+09
1424	79	28652	hic	2023-01-07 16:22:57.719+09
1425	79	28652	commodi	2022-06-17 10:07:20.155+09
1426	79	28652	beatae	2022-08-12 03:53:04.729+09
1427	79	28652	aspernatur	2022-03-28 16:29:48.221+09
1428	80	56851	natus	2022-07-15 01:18:40.613+09
1429	80	56851	inventore	2022-03-10 08:58:41.575+09
1430	80	56851	eveniet	2022-10-20 17:13:57.93+09
1431	80	56851	natus	2022-04-05 14:50:36.518+09
1432	80	56851	dicta	2022-07-18 18:17:24.062+09
1433	80	56851	perspiciatis	2022-10-05 15:21:12.705+09
1434	80	56851	quae	2023-01-04 21:21:50.446+09
1435	80	16699	commodi	2022-11-30 14:06:00.414+09
1436	80	16699	soluta	2022-08-24 07:34:42.135+09
1437	80	16699	aspernatur	2023-01-09 12:25:06.319+09
1438	80	16699	libero	2022-09-14 16:51:04.905+09
1439	81	54274	ipsum	2022-03-14 14:45:07.802+09
1440	81	94673	voluptas	2022-12-06 12:59:12.408+09
1441	81	94673	rem	2022-06-29 06:09:27.275+09
1442	81	94673	eos	2022-03-12 05:02:31.317+09
1443	81	94673	vero	2022-12-26 07:34:07.445+09
1444	81	87654	sed	2022-07-08 18:33:09.023+09
1445	81	87654	ipsum	2022-04-23 20:31:21.876+09
1446	81	87654	corrupti	2022-06-01 17:52:07.076+09
1447	81	87654	accusantium	2022-05-31 23:25:06.58+09
1448	81	87654	dolores	2022-12-11 22:14:47.121+09
1449	81	85386	maiores	2022-05-25 22:43:04.983+09
1450	81	85386	ab	2022-08-28 02:57:18.855+09
1451	81	85386	commodi	2022-03-29 19:02:02.856+09
1452	81	85528	officiis	2022-08-15 07:16:03.986+09
1453	81	85528	qui	2022-05-17 16:31:42.603+09
1454	81	11876	veritatis	2022-05-24 05:24:16.386+09
1455	81	11876	voluptatibus	2022-06-26 07:55:55.755+09
1456	81	11876	nihil	2023-01-14 08:16:26.093+09
1457	81	11876	id	2022-03-07 06:29:44.984+09
1458	81	11876	sapiente	2022-07-30 20:12:38.717+09
1459	81	52466	earum	2022-11-19 04:20:53.168+09
1460	81	52466	dicta	2022-12-06 04:14:45.468+09
1461	81	52466	labore	2022-08-16 08:45:13.046+09
1462	81	52466	occaecati	2022-04-19 07:38:38.357+09
1463	82	99293	laboriosam	2022-02-27 15:49:59.351+09
1464	82	99293	nihil	2022-07-25 22:23:11.653+09
1465	82	99293	facilis	2022-07-17 12:28:43.134+09
1466	82	99293	vel	2022-12-08 09:58:07.575+09
1467	82	71422	nesciunt	2022-11-09 18:34:07.18+09
1468	82	71422	consectetur	2022-08-22 02:11:49.163+09
1469	82	71422	unde	2022-10-21 18:06:43.118+09
1470	82	71422	aspernatur	2022-05-27 07:11:27.215+09
1471	82	71422	nulla	2023-01-23 08:36:39.444+09
1472	82	33227	dolorum	2022-09-15 14:02:02.835+09
1473	82	33227	eum	2022-06-22 01:19:46.97+09
1474	82	33227	explicabo	2022-02-18 06:11:32.494+09
1475	82	33227	minima	2022-06-09 21:37:22.308+09
1476	82	33227	aliquid	2022-11-17 18:00:30.355+09
1477	82	96928	explicabo	2023-01-17 15:11:42.356+09
1478	82	96928	ab	2022-08-21 16:06:36.384+09
1479	82	96928	debitis	2022-12-19 20:10:30.879+09
1480	82	57011	hic	2022-03-31 15:42:51.744+09
1481	82	57011	dolores	2022-04-29 15:02:00.194+09
1482	82	57011	consequatur	2022-04-28 20:15:06.38+09
1483	82	63602	quia	2022-09-05 11:41:39.771+09
1484	82	63602	quisquam	2022-12-22 19:53:34.214+09
1485	82	76417	sapiente	2022-02-22 02:58:13.097+09
1486	82	76417	nostrum	2022-10-26 17:09:42.26+09
1487	82	76417	provident	2022-08-18 14:11:09.118+09
1488	82	85709	rem	2022-09-15 23:43:38.598+09
1489	82	85709	similique	2022-09-05 23:53:11.101+09
1490	82	85709	ducimus	2022-11-26 20:11:24.049+09
1491	82	85709	commodi	2022-02-23 06:20:25.319+09
1492	82	20598	numquam	2022-06-16 15:17:11.603+09
1493	82	20598	quae	2022-08-11 18:42:11.02+09
1494	82	20598	eveniet	2022-07-31 05:53:00.173+09
1495	82	20598	assumenda	2022-07-22 04:20:01.971+09
1496	82	20598	repellat	2022-10-29 15:19:31.367+09
1497	83	39993	nulla	2022-06-07 10:09:15.057+09
1498	83	39993	fugit	2022-11-19 01:44:23.446+09
1499	83	39993	sapiente	2022-06-28 09:36:33.251+09
1500	83	39993	libero	2022-05-31 00:52:03.262+09
1501	83	39993	voluptatem	2022-06-01 13:46:41.473+09
1502	83	39993	enim	2022-09-30 05:30:20.38+09
1503	83	86615	nesciunt	2023-01-16 21:53:02.467+09
1504	83	86615	quaerat	2022-06-12 10:37:48.159+09
1505	83	86615	molestiae	2022-04-06 16:17:35.982+09
1506	83	86615	placeat	2022-04-20 11:59:27.791+09
1507	83	86615	inventore	2022-05-23 16:27:57.765+09
1508	83	16775	harum	2022-02-25 18:30:24.154+09
1509	83	16775	soluta	2022-07-29 23:09:37.538+09
1510	83	25286	error	2022-04-13 01:22:16.98+09
1511	83	25286	suscipit	2023-01-21 16:56:05.011+09
1512	83	25286	iusto	2022-06-20 09:00:48.636+09
1513	83	25286	nisi	2022-04-01 03:56:11.986+09
1514	83	25286	soluta	2022-08-03 22:27:31.479+09
1515	83	25286	dolorem	2022-10-13 01:44:40.211+09
1516	83	94673	fugiat	2022-11-10 15:46:52.282+09
1517	83	94673	accusamus	2022-09-28 02:16:45.169+09
1518	83	79796	ipsam	2022-11-05 03:39:19.286+09
1519	83	79796	explicabo	2022-09-05 15:38:36.535+09
1520	83	79796	praesentium	2022-11-27 04:01:51.546+09
1521	83	89973	similique	2023-02-09 01:17:09.641+09
1522	83	89973	provident	2022-12-18 14:13:14.622+09
1523	83	26274	a	2022-02-27 20:03:59.85+09
1524	83	26274	eum	2022-10-24 07:42:05.069+09
1525	83	26274	commodi	2022-06-04 09:34:34.783+09
1526	83	26274	quaerat	2022-07-12 14:43:33.999+09
1527	83	26274	nesciunt	2022-03-08 04:20:30.278+09
1528	83	26274	libero	2022-10-18 16:49:07.086+09
1529	84	46365	consequatur	2022-09-08 05:23:57.197+09
1530	84	38835	ipsum	2022-10-30 17:29:50.665+09
1531	84	38835	veniam	2022-12-26 08:52:16.821+09
1532	84	38835	veritatis	2022-06-13 12:27:48.785+09
1533	84	38835	aliquam	2022-03-26 20:36:24.776+09
1534	84	38835	sed	2022-10-06 13:11:07.357+09
1535	84	21025	libero	2022-12-07 04:10:20.475+09
1536	84	20913	a	2022-07-28 14:34:20.9+09
1537	84	20913	debitis	2022-07-06 23:17:47.127+09
1538	84	20913	autem	2022-05-01 10:15:02.508+09
1539	84	20913	laborum	2022-11-11 12:12:07.866+09
1540	84	54947	voluptate	2022-07-31 03:56:40.436+09
1541	84	54947	quam	2023-01-11 01:57:47.894+09
1542	85	26982	facilis	2022-10-10 19:31:55.386+09
1543	85	26982	neque	2022-03-23 08:37:36.962+09
1544	85	26982	exercitationem	2022-07-29 07:34:00.668+09
1545	85	26982	sequi	2022-10-22 11:26:12.474+09
1546	85	26982	consequuntur	2023-01-10 16:53:15.028+09
1547	85	26982	dolore	2022-04-20 09:39:40.869+09
1548	85	80894	fuga	2022-04-27 17:26:13.57+09
1549	85	80894	sunt	2022-09-08 04:12:37.916+09
1550	85	80894	laudantium	2022-09-05 19:21:29.655+09
1551	85	80894	nisi	2023-01-25 17:29:20.273+09
1552	85	80894	in	2022-03-30 22:58:31.733+09
1553	86	99293	porro	2022-06-07 13:36:51.534+09
1554	86	99293	porro	2022-07-26 21:53:05.841+09
1555	86	99293	perferendis	2022-03-29 04:28:24.369+09
1556	86	99293	voluptate	2022-12-23 09:35:55.601+09
1557	86	70329	et	2022-12-12 10:01:26.725+09
1558	86	70329	modi	2022-09-08 02:51:46.798+09
1559	86	70329	ex	2022-12-28 03:12:47.934+09
1560	86	70329	necessitatibus	2023-02-05 21:58:49.019+09
1561	86	70329	deleniti	2022-06-12 18:25:02.547+09
1562	86	70329	molestias	2023-01-10 18:36:36.103+09
1563	86	70329	dolorem	2022-05-13 11:09:15.853+09
1564	86	98788	beatae	2022-04-20 16:26:21.768+09
1565	86	77333	odio	2022-02-18 01:01:42.612+09
1566	86	77333	dolor	2022-07-26 23:33:49.44+09
1567	86	77333	impedit	2022-06-15 02:55:32.179+09
1568	86	77333	nesciunt	2022-12-28 21:07:55.234+09
1569	86	13409	nihil	2022-07-24 08:33:46.91+09
1570	86	13409	id	2022-08-15 03:04:27.085+09
1571	86	13409	doloribus	2022-12-22 19:07:41.882+09
1572	86	13409	veniam	2022-04-12 09:37:35.396+09
1573	86	13409	corrupti	2022-12-22 17:19:55.426+09
1574	86	13409	at	2022-08-21 07:34:58.848+09
1575	86	13409	fugiat	2022-10-07 06:46:34.233+09
1576	86	53607	assumenda	2022-05-26 10:42:28.858+09
1577	86	26274	rerum	2022-10-27 16:51:13.572+09
1578	86	26274	eum	2022-10-20 09:36:50.669+09
1579	86	26274	nemo	2022-04-30 19:36:51.04+09
1580	86	26274	blanditiis	2022-12-10 12:25:32.67+09
1581	86	26274	debitis	2022-11-12 14:36:57.308+09
1582	86	10462	eligendi	2022-02-14 01:19:22.106+09
1583	86	10462	aspernatur	2022-06-15 21:42:10.764+09
1584	86	44829	consequuntur	2023-02-11 20:42:59.06+09
1585	87	43163	quo	2023-01-07 04:06:40.912+09
1586	87	43163	beatae	2022-07-17 06:49:48.031+09
1587	87	43163	nostrum	2022-08-14 09:17:52.699+09
1588	87	43163	repudiandae	2022-09-06 21:13:01.799+09
1589	87	43163	excepturi	2022-09-14 06:40:01.204+09
1590	87	98784	eius	2022-08-02 04:35:02.72+09
1591	87	35339	exercitationem	2022-11-30 16:52:40.735+09
1592	87	35339	nihil	2022-08-21 22:49:48.395+09
1593	87	35339	repellat	2022-07-20 20:24:28.019+09
1594	87	35339	quae	2022-12-12 20:23:32.65+09
1595	87	35339	perspiciatis	2022-11-30 15:32:22.24+09
1596	87	35339	nihil	2022-08-13 23:44:26.647+09
1597	87	35339	fugiat	2022-11-03 09:01:08.173+09
1598	87	25286	occaecati	2022-05-03 11:39:57.611+09
1599	87	25286	quasi	2022-03-20 07:45:27.269+09
1600	88	87654	voluptatibus	2022-06-03 08:54:28.704+09
1601	88	87654	corrupti	2022-03-29 15:51:17.162+09
1602	88	87654	labore	2022-04-27 23:26:09.153+09
1603	88	87654	asperiores	2023-01-14 13:19:29.756+09
1604	88	99554	necessitatibus	2022-08-16 02:34:03.622+09
1605	88	99554	tenetur	2022-03-24 20:20:22.536+09
1606	88	99554	est	2022-10-23 06:04:35.335+09
1607	88	99554	dolor	2022-08-08 15:09:10.87+09
1608	88	99554	voluptatibus	2022-04-24 09:44:45.774+09
1609	88	23861	occaecati	2022-12-30 06:24:06.001+09
1610	88	23861	reprehenderit	2023-01-07 04:25:15.099+09
1611	88	23861	deleniti	2023-01-07 20:58:42.475+09
1612	88	23861	temporibus	2022-09-28 08:42:32.893+09
1613	88	61158	quisquam	2022-03-06 07:57:36.339+09
1614	88	61158	accusamus	2022-08-19 17:17:07.902+09
1615	88	61158	commodi	2022-05-15 03:10:53.814+09
1616	88	61158	architecto	2022-10-02 18:38:56.713+09
1617	88	35339	consequatur	2022-03-26 19:46:32.556+09
1618	88	35339	quis	2022-04-20 18:02:02.135+09
1619	88	35339	voluptatibus	2022-08-14 11:20:55.916+09
1620	88	16516	aliquam	2022-12-27 18:45:30.317+09
1621	88	16516	nam	2022-10-12 01:52:16.067+09
1622	88	16516	deleniti	2022-03-16 01:33:14.644+09
1623	88	16516	in	2022-09-05 17:21:23.46+09
1624	88	70208	officia	2022-09-26 21:12:24.777+09
1625	88	70208	nemo	2022-06-12 07:57:57.971+09
1626	88	70208	sed	2022-04-04 18:38:22.152+09
1627	88	76417	iure	2022-03-04 15:42:28.988+09
1628	88	75201	in	2022-11-11 07:48:27.652+09
1629	88	33742	sequi	2022-08-11 02:49:54.471+09
1630	88	33742	ipsam	2023-02-05 00:00:26.264+09
1631	88	33742	consequatur	2022-06-20 19:23:46.122+09
1632	88	33742	dolorum	2022-11-09 04:46:56.299+09
1633	88	33742	alias	2022-08-22 21:19:03.177+09
1634	89	38822	ut	2022-08-24 19:00:29.122+09
1635	89	38822	adipisci	2022-11-27 03:39:31.436+09
1636	89	38822	rerum	2022-05-17 10:00:22.645+09
1637	89	38822	esse	2022-06-16 03:07:50.421+09
1638	89	55144	nisi	2022-06-27 05:28:54.405+09
1639	89	55144	nulla	2022-04-14 04:28:35.957+09
1640	89	55144	harum	2022-05-19 00:54:01.299+09
1641	89	55144	quod	2022-08-19 03:15:27.495+09
1642	89	55144	totam	2023-01-22 13:14:33.915+09
1643	89	85620	velit	2022-05-26 14:25:13.953+09
1644	89	89973	sit	2022-08-17 08:59:48.484+09
1645	89	89973	itaque	2022-07-24 11:47:17.401+09
1646	89	89973	voluptate	2022-10-10 09:05:14.616+09
1647	89	89973	quam	2022-09-04 15:38:37.396+09
1648	89	89973	neque	2022-11-09 21:00:34.454+09
1649	89	50854	fuga	2022-08-02 09:08:21.808+09
1650	89	50854	facere	2022-08-31 13:29:24.505+09
1651	89	50854	corrupti	2022-09-04 16:48:11.164+09
1652	89	50854	velit	2022-06-18 13:02:10.931+09
1653	89	50854	facere	2022-05-31 01:36:41.332+09
1654	89	50854	sequi	2022-03-09 04:24:23.059+09
1655	89	50854	autem	2022-12-28 23:25:10.1+09
1656	89	73561	incidunt	2022-11-29 22:41:42.025+09
1657	89	73561	mollitia	2022-03-02 21:38:45+09
1658	89	73561	eum	2023-01-12 04:54:05.024+09
1659	89	11876	ipsam	2022-06-07 03:30:30.676+09
1660	89	11876	quas	2022-06-22 10:53:11.011+09
1661	89	11876	repellat	2022-04-17 12:44:32.369+09
1662	89	11876	aperiam	2022-05-20 16:54:58.62+09
1663	89	30337	asperiores	2022-04-20 23:21:44.892+09
1664	89	30337	amet	2022-07-15 09:57:14.502+09
1665	89	30337	optio	2023-01-08 09:02:59.803+09
1666	89	30337	quidem	2022-07-14 20:34:27.842+09
1667	89	32495	illum	2022-07-03 11:00:24.708+09
1668	89	32495	numquam	2022-03-25 03:08:54.485+09
1669	89	32495	itaque	2022-06-09 10:06:44.799+09
1670	89	32495	repudiandae	2022-06-04 08:00:20.024+09
1671	89	72822	at	2023-02-12 11:18:29.588+09
1672	89	72822	rerum	2022-02-14 03:52:45.373+09
1673	90	41490	veniam	2022-02-28 23:02:59.258+09
1674	90	41490	perferendis	2022-05-05 20:47:53.211+09
1675	90	99554	quod	2022-06-23 20:53:50.184+09
1676	90	99554	eos	2022-09-22 13:33:02.613+09
1677	90	99554	sed	2022-12-31 10:16:51.93+09
1678	90	99554	distinctio	2022-06-06 15:06:30.523+09
1679	90	99554	ea	2022-11-05 06:05:40.092+09
1680	90	77197	delectus	2022-03-13 13:38:21.541+09
1681	90	77197	hic	2023-02-11 20:18:52.154+09
1682	90	26982	et	2022-12-08 18:00:43.027+09
1683	90	26982	et	2022-09-29 15:46:08.841+09
1684	90	26982	repudiandae	2022-03-28 03:40:39.962+09
1685	90	26982	enim	2022-09-25 13:53:07.597+09
1686	90	33248	perspiciatis	2022-12-31 02:34:12.645+09
1687	90	33248	atque	2022-05-31 13:16:25.509+09
1688	90	33248	iusto	2022-10-14 11:26:46.725+09
1689	91	79522	eum	2022-04-01 12:10:00.948+09
1690	91	79522	voluptas	2022-05-09 16:09:02.475+09
1691	91	79522	dolorem	2022-10-11 09:49:28.447+09
1692	91	41774	sit	2022-07-04 17:47:29.096+09
1693	92	58916	laborum	2022-06-04 13:03:47.969+09
1694	92	58916	nulla	2022-05-19 20:03:37.237+09
1695	92	58916	ducimus	2022-04-30 10:18:08.012+09
1696	92	58916	odit	2022-10-20 23:06:05.861+09
1697	92	58916	distinctio	2022-04-16 03:07:49.919+09
1698	92	58916	quod	2022-06-17 17:46:59.894+09
1699	92	58916	suscipit	2022-08-07 11:35:35.102+09
1700	92	58516	repellat	2022-06-01 03:38:04.984+09
1701	92	58516	inventore	2022-03-07 02:09:09.692+09
1702	92	58516	odio	2022-05-26 05:04:22.025+09
1703	92	58516	fugit	2023-02-05 21:16:03.38+09
1704	92	60959	cum	2022-05-05 09:56:19.714+09
1705	92	60959	quaerat	2022-03-05 04:35:02.296+09
1706	92	60959	quas	2022-09-02 18:24:42.708+09
1707	92	60959	explicabo	2022-06-30 23:31:39.364+09
1708	92	60959	ipsam	2023-01-01 06:42:06.67+09
1709	92	60959	rem	2022-06-19 04:26:14.474+09
1710	93	97776	adipisci	2022-03-01 18:39:41.166+09
1711	93	97776	numquam	2022-08-07 01:10:23.675+09
1712	93	97776	eveniet	2022-04-17 01:28:19.334+09
1713	93	97776	esse	2022-12-17 20:21:30.058+09
1714	93	93984	aliquid	2022-08-02 12:02:25.002+09
1715	93	93984	quisquam	2022-05-29 14:30:41.312+09
1716	94	30502	magni	2022-11-23 22:42:06.912+09
1717	94	77333	quia	2022-10-10 21:58:27.749+09
1718	94	77333	pariatur	2023-01-09 01:24:51.671+09
1719	94	77333	fugit	2022-08-11 16:54:21.679+09
1720	94	45782	culpa	2022-07-16 17:14:01.41+09
1721	94	45782	consectetur	2022-09-09 06:29:06.597+09
1722	94	40717	veritatis	2022-03-31 03:33:58.081+09
1723	94	40717	eveniet	2022-09-20 01:57:11.643+09
1724	94	40717	porro	2022-09-20 22:59:04.735+09
1725	94	40717	repudiandae	2022-09-27 11:34:44.952+09
1726	94	40717	laboriosam	2022-10-14 00:33:27.649+09
1727	94	17318	incidunt	2022-09-28 18:18:35.863+09
1728	94	17318	quibusdam	2023-01-17 19:21:49.598+09
1729	94	17318	aliquid	2022-07-02 03:05:24.29+09
1730	95	84784	similique	2023-02-09 00:39:50.43+09
1731	95	84784	tenetur	2022-09-23 03:41:02.307+09
1732	95	84784	modi	2022-03-05 10:41:58.13+09
1733	95	84784	deserunt	2023-01-07 21:17:44.507+09
1734	95	84784	fugit	2022-06-02 03:05:09.647+09
1735	95	84784	esse	2022-10-02 14:19:23.15+09
1736	95	39993	aspernatur	2023-02-09 23:18:32.636+09
1737	95	39993	eum	2022-04-25 00:49:45.253+09
1738	95	39993	magni	2022-12-18 12:51:36.013+09
1739	95	39993	praesentium	2022-12-11 03:22:40.824+09
1740	96	50741	culpa	2022-05-01 12:23:28.196+09
1741	96	50741	excepturi	2022-03-25 22:26:16.644+09
1742	96	50741	autem	2022-05-20 07:46:20.895+09
1743	96	50741	alias	2022-09-07 01:24:30.939+09
1744	96	73369	ullam	2022-08-19 08:43:44.384+09
1745	96	73369	explicabo	2022-09-17 03:34:50.256+09
1746	96	73369	adipisci	2022-09-13 09:57:47.62+09
1747	96	73369	neque	2022-08-01 09:56:36.343+09
1748	96	73369	quasi	2022-07-19 19:04:57.23+09
1749	96	86795	ducimus	2022-07-17 23:24:09.274+09
1750	96	86795	itaque	2023-01-19 20:24:26.514+09
1751	96	86795	deleniti	2022-07-30 01:22:58.338+09
1752	96	41774	magnam	2022-08-28 03:00:48.706+09
1753	96	41774	accusamus	2022-03-20 03:34:21.781+09
1754	97	41490	labore	2022-08-31 15:17:41.903+09
1755	97	41490	sapiente	2022-09-13 11:10:54.344+09
1756	97	41490	natus	2022-05-26 21:28:58.976+09
1757	97	65765	similique	2022-06-27 22:27:19.066+09
1758	97	46835	quos	2022-08-29 18:12:32.347+09
1759	97	73887	eos	2023-01-18 17:28:48.528+09
1760	97	73887	ab	2022-08-04 05:50:20.516+09
1761	97	73887	mollitia	2022-02-25 06:38:28.748+09
1762	97	73887	ipsam	2022-10-13 14:25:12.313+09
1763	97	73887	iste	2023-01-31 02:03:57.906+09
1764	97	73887	cupiditate	2022-06-16 09:38:17.896+09
1765	97	86615	est	2022-09-22 13:40:35.479+09
1766	97	86615	magnam	2022-06-29 07:46:27.463+09
1767	97	86615	vitae	2022-08-19 13:32:12.287+09
1768	97	86615	labore	2023-01-16 23:16:51.224+09
1769	97	40717	quas	2022-07-24 15:37:52.683+09
1770	97	40717	ab	2022-04-30 14:33:33.823+09
1771	97	40717	totam	2022-08-19 07:00:17.333+09
1772	97	40717	ullam	2023-02-01 13:23:34.975+09
1773	97	40717	ut	2022-02-17 10:08:21.785+09
1774	97	78315	magni	2022-10-20 12:47:25.167+09
1775	97	78315	asperiores	2022-07-15 08:15:18.528+09
1776	97	78315	laboriosam	2022-12-30 07:20:19.44+09
1777	97	78315	consequatur	2022-04-01 03:01:16.013+09
1778	97	78315	dolorem	2022-05-24 04:07:38.183+09
1779	97	78315	voluptatum	2022-03-17 18:34:33.895+09
1780	97	78315	perspiciatis	2022-05-17 21:23:26.943+09
1781	98	73369	distinctio	2022-10-12 00:31:23.877+09
1782	98	73369	cum	2022-06-02 19:36:42.37+09
1783	98	69327	laudantium	2022-03-16 03:59:33.98+09
1784	98	69327	magnam	2022-03-17 06:05:59.624+09
1785	98	76848	nulla	2022-11-17 16:49:19.079+09
1786	98	76848	exercitationem	2022-05-17 08:29:04.37+09
1787	98	76848	sequi	2022-12-20 14:38:06.187+09
1788	98	94323	ducimus	2022-09-07 09:38:22.199+09
1789	98	94323	aliquid	2023-01-27 19:01:32.853+09
1790	98	47414	iste	2022-05-18 20:20:07.064+09
1791	98	47414	odit	2022-05-20 02:14:44.876+09
1792	98	47414	laborum	2022-05-11 14:21:12.875+09
1793	98	47414	earum	2022-09-01 01:28:51.25+09
1794	98	47414	molestias	2022-04-10 22:42:37.39+09
1795	98	69607	voluptatibus	2022-07-30 00:50:39.297+09
1796	98	69607	nam	2022-07-02 21:25:38.884+09
1797	98	69607	cumque	2022-02-17 23:46:12.042+09
1798	98	69607	tempora	2022-08-23 11:54:43.096+09
1799	98	81369	itaque	2022-11-16 18:26:33.328+09
1800	98	60357	animi	2023-01-23 09:41:38.633+09
1801	98	60357	iste	2022-11-30 05:22:28.978+09
1802	98	28845	aliquam	2022-11-24 15:34:39.624+09
1803	98	28845	ullam	2022-06-23 07:01:51.065+09
1804	98	63870	perspiciatis	2022-06-18 12:04:38.679+09
1805	98	63870	reiciendis	2022-03-20 14:40:14.614+09
1806	98	63870	odit	2022-02-26 03:15:27.911+09
1807	99	26982	laborum	2023-01-10 00:13:39.293+09
1808	99	26982	ullam	2022-12-04 05:28:24.59+09
1809	99	26982	adipisci	2023-01-10 14:51:45.188+09
1810	99	13130	sunt	2022-02-17 06:46:56.145+09
1811	99	13130	laudantium	2022-07-24 12:23:12.219+09
1812	99	13130	sunt	2022-03-29 00:02:48.159+09
1813	99	13130	vitae	2022-08-18 07:27:06.116+09
1814	100	75948	vero	2022-06-27 12:36:24.859+09
1815	100	75948	aperiam	2022-10-24 13:17:13.216+09
1816	100	75948	mollitia	2022-09-09 17:49:28.875+09
1817	100	75948	soluta	2022-05-19 16:51:37.7+09
1818	100	69607	consequuntur	2022-12-25 13:45:54.846+09
1819	100	69607	culpa	2022-03-21 11:25:07.458+09
1820	100	69607	repudiandae	2022-12-17 14:11:37.835+09
1821	100	69607	ab	2022-06-21 04:37:12.388+09
1822	100	28600	accusantium	2022-05-19 01:28:37.986+09
1823	100	28600	voluptas	2022-07-28 17:46:20.719+09
1824	100	60803	assumenda	2022-12-02 12:39:24.909+09
1825	100	60803	vitae	2022-06-21 09:28:40.264+09
1826	100	60803	iste	2022-02-25 22:45:57.075+09
1827	100	60803	ad	2022-08-27 23:45:11.514+09
1828	100	60803	deserunt	2022-07-09 14:41:44.922+09
1829	100	60803	qui	2023-01-16 23:17:59.349+09
1830	100	44044	reiciendis	2022-04-10 07:51:21.363+09
1831	100	44044	sunt	2022-11-16 17:14:51.734+09
1832	100	44044	dolores	2022-08-04 16:34:33.241+09
1833	100	44044	eos	2022-10-30 13:31:54.539+09
1834	100	91652	atque	2022-12-21 17:19:32.975+09
1835	100	91652	animi	2022-03-02 18:33:16.527+09
1836	100	91652	commodi	2022-09-06 05:50:30.444+09
1837	100	91652	soluta	2022-02-16 15:35:54.525+09
1838	100	91652	provident	2022-09-14 07:01:09.381+09
1839	100	91652	aliquid	2023-01-19 01:35:25.601+09
1840	100	91652	voluptas	2022-09-05 22:19:10.154+09
1841	100	91652	dolorum	2022-11-09 08:31:21.525+09
1842	100	91652	soluta	2022-03-02 04:57:25.837+09
1843	100	57402	occaecati	2022-04-16 19:09:22.647+09
1844	100	57402	nulla	2022-09-25 03:40:22.173+09
1845	100	57402	optio	2022-06-23 08:24:46.903+09
1846	100	57402	aut	2023-01-11 11:38:18.361+09
1847	100	57402	veniam	2022-06-09 04:12:33.399+09
1848	100	57402	nisi	2022-06-08 11:44:28.617+09
1849	100	95535	nemo	2022-08-21 20:48:24.245+09
1850	100	95535	accusantium	2022-03-09 15:15:38.289+09
1851	100	95535	incidunt	2022-11-07 00:02:14.637+09
1852	100	95535	aliquam	2022-06-23 02:56:28.076+09
1853	100	93653	autem	2022-02-28 15:35:36.78+09
1854	100	93653	quisquam	2022-04-02 12:56:18.194+09
\.


--
-- Data for Name: users; Type: TABLE DATA; Schema: public; Owner: test_user
--

COPY public.users (user_id, nickname, is_default_image, auth_email, ladder, win_count, loss_count) FROM stdin;
25136	chem	f	Santino64@yahoo.com	3	131	129
46835	picnic	f	Malinda.Hane40@yahoo.com	76	115	147
73885	quality	t	Kamille90@gmail.com	73	139	107
32923	cultivar	t	Misael.Leuschke@hotmail.com	5	104	122
41472	luck	t	Mia46@hotmail.com	1	99	127
49578	novel	t	Ricardo.Considine@yahoo.com	71	117	99
72786	quest	t	Chyna87@yahoo.com	24	102	89
85709	cummerbund	f	Kaleb.Nolan22@gmail.com	36	96	103
82331	prince	t	Breanna78@yahoo.com	42	81	94
42384	activation	t	Layla83@gmail.com	2	89	85
85620	spleen	t	Jana.Volkman@hotmail.com	24	81	94
95235	disruption	f	Leland_Ryan@hotmail.com	53	71	101
37354	kindness	t	Sylvester.Mills@yahoo.com	38	69	88
33227	birdcage	t	Vidal48@gmail.com	40	88	75
75955	principle	t	Priscilla78@gmail.com	0	68	67
99960	snorer	t	Ferne_Greenfelder81@gmail.com	13	50	76
92415	vibrissae	f	Susie.Sipes14@gmail.com	72	71	57
75480	savage	f	Omer.Davis@yahoo.com	84	62	57
15893	slope	f	Jody31@yahoo.com	48	42	48
60803	trail	t	Laurine.McKenzie97@hotmail.com	98	38	47
51155	fault	f	Arne.Daniel@hotmail.com	39	48	51
14347	itinerary	f	Aimee.Moen67@yahoo.com	75	35	39
91664	checking	f	Howard72@gmail.com	33	37	33
33328	sweatshirt	f	Milton44@hotmail.com	77	44	38
44925	pumpkin	f	Margie_Borer@yahoo.com	97	32	33
69511	corner	f	Anastacio.Nolan@yahoo.com	41	28	34
53607	place	t	Hadley_Gleason@gmail.com	63	13	27
46868	surname	t	Araceli.Leannon@yahoo.com	82	15	15
20834	equinox	t	Corine.Jacobs36@gmail.com	15	24	11
51205	furry	t	Christophe_Feest66@hotmail.com	80	14	14
63870	webmail	f	Rosalind41@hotmail.com	44	10	15
77333	supreme	f	Sonny.Abernathy70@yahoo.com	31	1	5
75369	finance	f	Karianne_Christiansen@gmail.com	25	6	6
87543	cruise	t	Edmond.Kulas18@yahoo.com	94	7	13
58502	daylight	f	Eriberto35@yahoo.com	34	9	6
64003	message	f	Eloise_Mohr@hotmail.com	86	11	12
22419	petticoat	t	Nico_Hoeger@yahoo.com	35	10	14
11949	faucet	t	Mohammad_Kihn41@gmail.com	27	3	6
69914	piglet	t	Camron_Kshlerin5@yahoo.com	59	1	3
22882	broad	f	Candido.Murphy2@hotmail.com	53	7	11
52281	swing	f	Jennifer_Stanton57@gmail.com	93	12	15
18980	doctorate	t	Shaina_Kunze@yahoo.com	46	0	2
86150	station	t	Sabryna.Mertz@gmail.com	86	7	12
51015	sandpaper	t	Keon_Gislason21@hotmail.com	18	0	1
47248	veldt	f	Claudia21@yahoo.com	74	3	2
18363	carbon	f	Eldora.Kirlin43@gmail.com	66	0	0
51853	shackle	t	Dayana_Beer17@yahoo.com	89	12	13
99818	meme	t	Werner50@hotmail.com	93	7	12
67222	taxpayer	f	Rose17@hotmail.com	74	7	4
95387	latitude	t	Dannie59@yahoo.com	77	2	3
22237	shrine	t	Callie5@gmail.com	49	12	9
91622	geranium	t	Margarete53@yahoo.com	43	8	8
15279	watch	f	Antoinette_Ernser90@gmail.com	16	16	10
29207	seller	t	Velva94@yahoo.com	8	13	11
60357	bookmark	f	Murl.Nicolas@hotmail.com	57	2	2
60959	ginger	f	Lionel_Hermiston@gmail.com	85	3	8
80721	clergyman	f	Adrain26@gmail.com	15	16	6
71569	pillow	t	Jodie.Kuvalis@gmail.com	24	14	10
69327	closet	f	Alexie_Hammes@gmail.com	7	1	1
62376	airfield	t	Eugenia_Howell72@hotmail.com	66	1	1
77197	hunger	t	Eliseo_Schaden68@hotmail.com	48	10	11
96313	elevation	f	Liliana_Becker@hotmail.com	70	10	13
43648	registry	f	Adrienne_Kerluke@hotmail.com	31	5	3
29345	applause	f	Jermain.Leffler@hotmail.com	54	10	12
52553	transom	t	Sylvan.Goodwin@gmail.com	87	6	7
74511	babushka	f	Green.Price77@hotmail.com	23	6	6
54947	attack	f	Bonita8@gmail.com	36	2	2
13475	highway	f	Titus74@gmail.com	29	8	13
81435	pimp	t	Brisa93@hotmail.com	34	11	7
79520	gauntlet	f	Hilton_Yost10@gmail.com	2	2	3
56035	succotash	f	Sydnie.Casper13@hotmail.com	80	1	1
94323	look	t	Buford.Howell@yahoo.com	44	3	2
53513	fiery	f	Maxime.Goodwin@hotmail.com	18	10	10
23209	tank	f	Valerie_Kshlerin31@yahoo.com	85	13	10
16516	outlet	f	Garrison39@gmail.com	4	3	7
99833	colleague	f	Zola21@gmail.com	51	5	5
26028	motorboat	t	Wilburn_Bayer64@gmail.com	13	8	8
20395	mileage	t	Wilson.Champlin90@gmail.com	12	0	1
34661	effort	f	Woodrow.Kuhlman@yahoo.com	28	13	12
95041	crinoline	f	Emanuel.Emard@hotmail.com	97	5	6
72365	illiteracy	f	Tate_Champlin@hotmail.com	90	6	6
54636	jack	f	Oran70@gmail.com	77	9	3
40989	essence	t	Kathlyn_Hodkiewicz3@yahoo.com	30	2	1
46153	conclusion	t	Emil25@hotmail.com	76	3	3
69390	standing	f	Mertie.Beier@hotmail.com	64	10	11
54811	keep	f	Velma_Bartell@gmail.com	33	0	1
80894	publishing	f	Raul.Veum42@gmail.com	93	1	3
25286	snack	t	Lauretta.Gottlieb@gmail.com	37	0	0
13507	olive	f	Sheldon_Paucek59@hotmail.com	9	9	11
84327	jiffy	f	Ova.Fahey16@gmail.com	49	9	14
94673	inquiry	f	Jeff.Wehner@yahoo.com	16	14	8
58481	bandwidth	f	Jevon_Cronin@gmail.com	30	1	4
11876	hygienic	t	Zena.Kreiger23@hotmail.com	81	10	5
23464	rubric	t	Enoch80@gmail.com	2	1	5
89629	valentine	t	Colten_Kemmer37@yahoo.com	56	0	0
93923	element	f	Gust_Price@hotmail.com	91	1	3
59996	radar	t	Judy25@hotmail.com	8	1	1
46228	white	f	Justus.Dooley11@gmail.com	14	6	2
28845	spell	f	Rhiannon59@gmail.com	45	9	10
36524	coalition	f	Harrison_White@gmail.com	13	8	5
44044	halt	t	Kadin.Kuhn31@gmail.com	30	8	9
87486	venti	t	Mina.Okuneva@hotmail.com	74	6	5
41299	inspection	f	Darron.Stark91@gmail.com	95	4	6
31755	prevention	f	Tevin_Haley@gmail.com	44	3	6
57075	oatmeal	f	Osborne.Cole18@yahoo.com	1	10	7
91679	platter	t	Demario71@gmail.com	78	10	3
15293	bore	f	Mabel.McDermott@gmail.com	59	4	7
51665	hardhat	f	Ian84@yahoo.com	35	11	6
82396	chaplain	t	Everett_Reichert35@yahoo.com	3	6	4
40717	pregnancy	t	Roslyn.Hamill63@yahoo.com	5	6	7
23976	leaf	f	Alaina_Bartell@yahoo.com	27	13	9
58189	split	t	Delphine71@hotmail.com	67	3	4
58516	shoot	f	Oma.Mohr84@gmail.com	16	4	3
14479	fascia	f	Alvah3@gmail.com	70	3	2
36215	elite	f	Ned.Schuster58@hotmail.com	16	5	1
71022	privacy	t	Chelsea36@yahoo.com	67	6	5
62125	evaluation	f	Kelli.Romaguera@yahoo.com	88	1	0
75893	chestnut	t	Herta56@yahoo.com	58	18	8
27332	radiator	f	June20@hotmail.com	39	3	2
76848	antler	t	Fausto11@hotmail.com	27	10	14
36220	ground	t	Rashawn.Doyle@hotmail.com	44	10	10
97267	tire	f	Nannie98@gmail.com	62	7	8
47213	beggar	t	Helga68@gmail.com	74	9	3
13409	mortgage	f	Devan_Dickinson8@gmail.com	95	0	3
94041	bake	t	Wilbert.Turner78@hotmail.com	36	13	6
48768	honesty	f	Fidel99@yahoo.com	92	6	6
65430	peen	f	Alek_Grimes@hotmail.com	27	7	10
43641	north	t	Skye68@yahoo.com	15	2	6
83961	heel	t	Kaya14@gmail.com	5	5	5
76417	asphalt	f	Roosevelt.Stamm@yahoo.com	80	9	8
35339	plowman	t	Taurean1@yahoo.com	38	6	0
50521	softdrink	t	Jada.Champlin@hotmail.com	92	2	4
92872	chrome	t	Alanis45@gmail.com	81	0	0
73386	yoke	t	Terry_Okuneva@gmail.com	4	4	6
87699	physics	f	Emerson12@gmail.com	52	14	7
71422	workbench	t	Bennie22@hotmail.com	62	7	5
25383	know-how	f	Thomas65@gmail.com	22	4	0
43070	stair	t	Rogers.Rath89@gmail.com	88	4	4
55353	premier	f	Joy8@gmail.com	96	6	3
57301	cuticle	f	Marcelina_Volkman@gmail.com	11	2	3
59140	chairlift	t	Mark_Kassulke@yahoo.com	92	8	5
60907	vascular	t	Dayton.Yundt@gmail.com	88	2	4
84167	chili	f	Nat_Reichel21@yahoo.com	97	3	0
77436	step	f	Zachary53@gmail.com	97	12	11
55595	medium	t	Alanis.Mills33@yahoo.com	0	12	10
52466	sunshine	f	Layla_Hettinger35@yahoo.com	46	11	6
57011	mortal	t	Danny.OConnell@gmail.com	66	4	2
25740	ruling	t	Ansley_Bailey@gmail.com	93	4	3
65765	meadow	t	Robin_Hirthe@gmail.com	53	10	17
30587	teriyaki	t	Treva_Nienow83@yahoo.com	3	12	10
70208	earring	f	Mitchel94@gmail.com	4	2	5
51883	programme	t	Ned50@yahoo.com	57	5	10
76499	reamer	f	Parker.Zulauf86@yahoo.com	29	7	8
46154	smoking	t	Loren79@gmail.com	20	6	6
99554	referendum	t	Mack55@yahoo.com	68	7	10
41774	revival	f	Arjun42@yahoo.com	20	5	9
16775	million	f	Merlin.Will@hotmail.com	97	1	1
68350	contrail	t	Marquis_Kub@hotmail.com	89	12	5
33742	resort	f	Jessy86@hotmail.com	54	6	9
46889	mecca	f	Kelsi.Rodriguez@gmail.com	67	9	9
20913	murder	t	Nicola.Torp59@gmail.com	80	11	8
74190	sponge	t	Assunta91@gmail.com	88	15	9
89368	rainbow	t	Gunnar65@hotmail.com	39	2	2
71330	creche	f	Kim_Konopelski92@hotmail.com	82	4	1
17318	grill	f	Fanny_Mosciski@yahoo.com	26	5	12
69686	in-laws	f	Conor77@hotmail.com	47	12	10
92272	orient	f	Mathias9@gmail.com	95	8	12
72822	ashtray	t	Olga93@gmail.com	55	8	3
43884	freighter	t	Krystal_Raynor@gmail.com	89	2	0
74880	morsel	f	Theresia90@gmail.com	47	10	9
33248	rest	f	Chaim_Ebert38@yahoo.com	13	6	2
95464	cartel	t	Heath_Huel37@hotmail.com	50	11	10
45562	patron	f	Scot.Willms@hotmail.com	9	2	4
92841	charset	t	Jerome_Quigley67@yahoo.com	72	3	7
99621	daikon	t	Lew67@yahoo.com	81	12	9
50618	property	t	Ericka20@hotmail.com	3	4	1
39627	kale	f	Kelli_Keebler81@hotmail.com	53	17	9
50854	zampone	t	Bertha.Bins85@yahoo.com	65	4	4
79668	working	t	Alfonso.Kilback@yahoo.com	11	13	12
10462	household	t	Mark_Hudson@gmail.com	53	4	9
69607	click	t	Joel_Cormier64@gmail.com	22	1	3
74520	economy	f	Kayli_Rutherford36@gmail.com	83	2	2
38731	memory	f	Sigrid7@hotmail.com	40	9	8
57402	assault	f	Jane90@gmail.com	10	10	8
81395	control	f	Jimmy_Schuppe40@hotmail.com	24	6	6
49186	orchestra	t	Hobart_Welch3@yahoo.com	60	17	9
73673	arrest	f	Clair_Nolan9@yahoo.com	20	8	10
86318	archives	f	Verda_Heller@hotmail.com	64	12	6
97457	drunk	f	Esta76@yahoo.com	1	14	9
43807	decision	f	Estell96@hotmail.com	29	7	5
85386	puppy	f	Cory.McDermott74@gmail.com	72	8	14
69221	counsellor	f	Eli84@hotmail.com	68	9	4
89494	exhibition	f	Misael.Bartoletti37@gmail.com	34	13	12
60365	ruler	t	Nya.Labadie73@hotmail.com	77	13	6
75065	twins	t	Durward.Wiza62@yahoo.com	9	11	6
20768	curriculum	f	Garret.Stamm@gmail.com	97	2	4
95535	rostrum	f	Mittie_Little10@yahoo.com	67	5	5
38835	symmetry	t	Elsa_Hahn52@yahoo.com	1	3	5
26274	veto	t	Marquise64@hotmail.com	59	5	6
70329	store	f	Shea.Greenholt@gmail.com	63	8	6
99293	recording	t	Chasity35@gmail.com	69	10	12
33880	pelican	t	Keara_Hayes@yahoo.com	26	3	8
58288	commitment	t	Jamie76@hotmail.com	36	14	5
31632	solvency	f	Delpha_Crooks@gmail.com	16	7	9
87654	analytics	t	Ena63@hotmail.com	80	12	5
96665	billboard	t	Alvis_Lang0@hotmail.com	72	2	1
70966	handmaiden	f	Brady.Tromp@yahoo.com	67	10	14
20598	coffin	t	Carli.Schinner34@gmail.com	16	7	7
41490	crewmate	f	Reece38@gmail.com	74	4	9
63602	whirlwind	t	Isaias.Rodriguez23@gmail.com	55	6	7
79522	blessing	t	Ahmed_Jast@gmail.com	98	5	1
60732	cartridge	f	Odessa.Koch82@gmail.com	6	16	9
28652	creditor	t	Ed.Schmidt@yahoo.com	71	17	5
51315	melody	t	Aubree.Kautzer@yahoo.com	21	0	1
99996	pitcher	t	Fritz_Rohan85@yahoo.com	74	0	1
36488	missionary	t	Rod.Koch@hotmail.com	75	8	14
79603	pinworm	f	Lucinda.Bogisich6@gmail.com	72	1	0
89838	peony	f	Jevon26@gmail.com	85	8	10
97776	hyena	t	Estelle11@gmail.com	60	2	3
46365	streetcar	f	Brisa.Walsh@gmail.com	14	11	9
38822	blueberry	f	Mason.Fadel83@yahoo.com	21	4	5
55144	napkin	f	Rosina.Herzog@yahoo.com	53	6	3
50741	subsidence	f	Oral64@gmail.com	87	1	0
26982	faithful	t	Joyce.Kutch50@yahoo.com	51	1	1
25880	cashier	t	Seth.Reynolds@hotmail.com	79	7	8
86615	sunday	f	Gwen96@hotmail.com	34	7	8
42097	ping	f	Aida.Farrell7@yahoo.com	66	14	4
86178	brisket	f	Einar.Boyle35@hotmail.com	21	9	9
39454	damn	t	Maritza_Crist25@gmail.com	23	4	0
80293	pajamas	f	Justine49@yahoo.com	45	6	1
47414	milepost	t	Suzanne.Gusikowski59@yahoo.com	9	9	5
75128	cough	t	Helen31@gmail.com	64	4	8
76605	rhyme	f	Ubaldo20@hotmail.com	59	0	0
91652	noodle	t	Miracle4@hotmail.com	83	11	9
39756	threshold	t	Ben_Marks@gmail.com	55	6	14
30502	tunic	f	Cassandra_Frami@yahoo.com	74	11	9
51467	nuke	t	Oliver57@yahoo.com	77	1	1
23861	blowhole	t	Brielle37@gmail.com	100	9	3
51565	mattress	f	Maybelle31@hotmail.com	37	1	1
75201	thorn	f	Kelton.Christiansen14@gmail.com	16	7	3
73163	standpoint	t	Dakota.Reynolds@hotmail.com	22	1	0
30337	artist	t	Alvina.Ledner@gmail.com	89	1	0
66910	odometer	t	Trenton81@gmail.com	5	5	7
53271	flower	t	Audreanne.Kutch@hotmail.com	91	1	2
96928	timpani	f	Ally.Green38@yahoo.com	79	16	9
54274	brow	f	Marina.Hagenes57@hotmail.com	19	6	6
82276	subsidy	f	Kyleigh_OHara@gmail.com	44	3	9
20077	birthday	f	Jannie_Rempel@hotmail.com	31	7	4
98784	shield	f	Bruce.Gibson56@hotmail.com	75	1	5
43163	other	f	Rosamond5@gmail.com	48	1	0
81369	uniform	f	Christ15@yahoo.com	54	9	3
42711	rank	f	Adolfo.Swift34@yahoo.com	87	10	13
28600	icebreaker	f	Ada.Von60@gmail.com	21	9	11
40051	hydrofoil	t	Ron68@hotmail.com	45	6	5
39739	freckle	t	Alvena.Kunze88@yahoo.com	66	17	10
56718	harvest	t	Nella.Roob@yahoo.com	30	3	5
57274	snowplow	t	Rey.Schuster21@gmail.com	46	2	2
81992	pitching	f	Shea.Conn70@yahoo.com	79	3	5
86795	rear	t	Camilla.Thiel22@yahoo.com	23	0	1
32495	spray	t	Julio_McGlynn62@hotmail.com	46	10	11
56660	cement	t	Vernon.Lesch35@hotmail.com	86	11	9
73887	star	t	Jermain.Medhurst34@gmail.com	32	3	7
85528	kneejerk	f	Godfrey_Koepp16@gmail.com	49	7	11
35408	shock	f	Alberta39@hotmail.com	38	3	2
79796	spork	f	Idella45@yahoo.com	37	8	10
37069	ruin	f	Torrance5@gmail.com	4	14	8
41453	exocrine	t	Ally_Torp@hotmail.com	14	6	8
85566	flume	t	Sigmund.Walter@yahoo.com	54	1	4
19906	estimate	t	Chesley45@hotmail.com	78	4	9
57244	rock	f	Laron_Schultz@yahoo.com	94	1	2
27017	attendance	t	Asa48@yahoo.com	88	4	2
86965	literature	f	Sadie79@gmail.com	22	4	5
93653	engagement	f	Tyree.Daugherty32@yahoo.com	94	7	3
35727	countess	f	Guadalupe.Harris@hotmail.com	73	6	9
84784	cabinet	f	Kiel_Denesik62@yahoo.com	93	7	6
61158	meteor	f	Janis.Kunde@yahoo.com	64	5	1
66033	complement	t	Damion.Bashirian@gmail.com	67	12	10
84051	chinchilla	f	Lora_Prohaska@yahoo.com	20	5	0
50205	trove	t	Dewayne_Ruecker@hotmail.com	63	8	16
16699	march	t	Eusebio90@hotmail.com	86	4	4
21025	uncle	t	Concepcion78@hotmail.com	82	5	8
58339	styling	f	Camille.Senger38@gmail.com	9	10	4
56851	winery	t	Jayde_Leuschke@hotmail.com	42	5	7
73561	dressing	f	Edmond.Streich71@hotmail.com	0	13	11
73369	dahlia	f	Nico54@yahoo.com	17	13	11
58916	helo	t	Jacquelyn7@hotmail.com	21	11	15
36914	midline	t	Branson_Emard@yahoo.com	77	6	7
20210	semester	t	Darrell_Bartoletti99@yahoo.com	57	9	15
44829	bitten	t	Taurean.Boyer@gmail.com	67	4	10
89973	dancing	f	Jennings.Powlowski4@yahoo.com	17	2	0
80046	downstairs	t	Rebekah24@gmail.com	32	3	1
60148	cornet	t	Desmond.Corwin46@yahoo.com	77	0	1
93984	finisher	f	Dalton_Johnson@hotmail.com	2	14	11
75948	surround	f	Peter.Wolff17@yahoo.com	38	7	5
39993	proponent	t	Dennis6@yahoo.com	50	6	3
98788	caravan	f	Valerie_Gulgowski61@gmail.com	100	0	0
98638	derby	f	Irving_Kreiger11@gmail.com	33	1	2
78315	textual	t	Rudy50@hotmail.com	66	10	9
13130	academics	f	Coleman31@gmail.com	90	0	0
45782	misfit	f	Rafael11@yahoo.com	99	7	7
\.


--
-- Name: achievements_achievement_id_seq; Type: SEQUENCE SET; Schema: public; Owner: test_user
--

SELECT pg_catalog.setval('public.achievements_achievement_id_seq', 5, true);


--
-- Name: channels_channel_id_seq; Type: SEQUENCE SET; Schema: public; Owner: test_user
--

SELECT pg_catalog.setval('public.channels_channel_id_seq', 100, true);


--
-- Name: match_history_match_id_seq; Type: SEQUENCE SET; Schema: public; Owner: test_user
--

SELECT pg_catalog.setval('public.match_history_match_id_seq', 4495, true);


--
-- Name: messages_message_id_seq; Type: SEQUENCE SET; Schema: public; Owner: test_user
--

SELECT pg_catalog.setval('public.messages_message_id_seq', 1854, true);


--
-- Name: users UQ_06288dfa12f07342f17cc767287; Type: CONSTRAINT; Schema: public; Owner: test_user
--

ALTER TABLE ONLY public.users
    ADD CONSTRAINT "UQ_06288dfa12f07342f17cc767287" UNIQUE (auth_email);


--
-- Name: users UQ_ad02a1be8707004cb805a4b5023; Type: CONSTRAINT; Schema: public; Owner: test_user
--

ALTER TABLE ONLY public.users
    ADD CONSTRAINT "UQ_ad02a1be8707004cb805a4b5023" UNIQUE (nickname);


--
-- Name: achievements achievements_pkey; Type: CONSTRAINT; Schema: public; Owner: test_user
--

ALTER TABLE ONLY public.achievements
    ADD CONSTRAINT achievements_pkey PRIMARY KEY (achievement_id);


--
-- Name: achievers achievers_pkey; Type: CONSTRAINT; Schema: public; Owner: test_user
--

ALTER TABLE ONLY public.achievers
    ADD CONSTRAINT achievers_pkey PRIMARY KEY (user_id, achievement_id);


--
-- Name: banned_members banned_members_pkey; Type: CONSTRAINT; Schema: public; Owner: test_user
--

ALTER TABLE ONLY public.banned_members
    ADD CONSTRAINT banned_members_pkey PRIMARY KEY (channel_id, member_id);


--
-- Name: blocked_users blocked_users_pkey; Type: CONSTRAINT; Schema: public; Owner: test_user
--

ALTER TABLE ONLY public.blocked_users
    ADD CONSTRAINT blocked_users_pkey PRIMARY KEY (blocker_id, blocked_id);


--
-- Name: channel_members channel_members_pkey; Type: CONSTRAINT; Schema: public; Owner: test_user
--

ALTER TABLE ONLY public.channel_members
    ADD CONSTRAINT channel_members_pkey PRIMARY KEY (member_id, channel_id);


--
-- Name: channels channels_pkey; Type: CONSTRAINT; Schema: public; Owner: test_user
--

ALTER TABLE ONLY public.channels
    ADD CONSTRAINT channels_pkey PRIMARY KEY (channel_id);


--
-- Name: friends friends_pkey; Type: CONSTRAINT; Schema: public; Owner: test_user
--

ALTER TABLE ONLY public.friends
    ADD CONSTRAINT friends_pkey PRIMARY KEY (sender_id, receiver_id);


--
-- Name: match_history match_history_pkey; Type: CONSTRAINT; Schema: public; Owner: test_user
--

ALTER TABLE ONLY public.match_history
    ADD CONSTRAINT match_history_pkey PRIMARY KEY (match_id);


--
-- Name: messages messages_pkey; Type: CONSTRAINT; Schema: public; Owner: test_user
--

ALTER TABLE ONLY public.messages
    ADD CONSTRAINT messages_pkey PRIMARY KEY (message_id);


--
-- Name: users users_pkey; Type: CONSTRAINT; Schema: public; Owner: test_user
--

ALTER TABLE ONLY public.users
    ADD CONSTRAINT users_pkey PRIMARY KEY (user_id);


--
-- Name: IDX_bc7b6b8f04cb8068d57e4a327b; Type: INDEX; Schema: public; Owner: test_user
--

CREATE UNIQUE INDEX "IDX_bc7b6b8f04cb8068d57e4a327b" ON public.achievements USING btree (achievement_id, title, about);


--
-- Name: achievers achievers_achievement_id_fkey; Type: FK CONSTRAINT; Schema: public; Owner: test_user
--

ALTER TABLE ONLY public.achievers
    ADD CONSTRAINT achievers_achievement_id_fkey FOREIGN KEY (achievement_id) REFERENCES public.achievements(achievement_id);


--
-- Name: achievers achievers_user_id_fkey; Type: FK CONSTRAINT; Schema: public; Owner: test_user
--

ALTER TABLE ONLY public.achievers
    ADD CONSTRAINT achievers_user_id_fkey FOREIGN KEY (user_id) REFERENCES public.users(user_id);


--
-- Name: banned_members banned_members_channel_id_fkey; Type: FK CONSTRAINT; Schema: public; Owner: test_user
--

ALTER TABLE ONLY public.banned_members
    ADD CONSTRAINT banned_members_channel_id_fkey FOREIGN KEY (channel_id) REFERENCES public.channels(channel_id) ON DELETE CASCADE;


--
-- Name: banned_members banned_members_member_id_fkey; Type: FK CONSTRAINT; Schema: public; Owner: test_user
--

ALTER TABLE ONLY public.banned_members
    ADD CONSTRAINT banned_members_member_id_fkey FOREIGN KEY (member_id) REFERENCES public.users(user_id);


--
-- Name: blocked_users blocked_users_blocked_id_fkey; Type: FK CONSTRAINT; Schema: public; Owner: test_user
--

ALTER TABLE ONLY public.blocked_users
    ADD CONSTRAINT blocked_users_blocked_id_fkey FOREIGN KEY (blocked_id) REFERENCES public.users(user_id);


--
-- Name: blocked_users blocked_users_blocker_id_fkey; Type: FK CONSTRAINT; Schema: public; Owner: test_user
--

ALTER TABLE ONLY public.blocked_users
    ADD CONSTRAINT blocked_users_blocker_id_fkey FOREIGN KEY (blocker_id) REFERENCES public.users(user_id);


--
-- Name: channel_members channel_members_channel_id_fkey; Type: FK CONSTRAINT; Schema: public; Owner: test_user
--

ALTER TABLE ONLY public.channel_members
    ADD CONSTRAINT channel_members_channel_id_fkey FOREIGN KEY (channel_id) REFERENCES public.channels(channel_id) ON DELETE CASCADE;


--
-- Name: channel_members channel_members_member_id_fkey; Type: FK CONSTRAINT; Schema: public; Owner: test_user
--

ALTER TABLE ONLY public.channel_members
    ADD CONSTRAINT channel_members_member_id_fkey FOREIGN KEY (member_id) REFERENCES public.users(user_id);


--
-- Name: channels channels_dm_peer_id_fkey; Type: FK CONSTRAINT; Schema: public; Owner: test_user
--

ALTER TABLE ONLY public.channels
    ADD CONSTRAINT channels_dm_peer_id_fkey FOREIGN KEY (dm_peer_id) REFERENCES public.users(user_id);


--
-- Name: channels channels_owner_id_fkey; Type: FK CONSTRAINT; Schema: public; Owner: test_user
--

ALTER TABLE ONLY public.channels
    ADD CONSTRAINT channels_owner_id_fkey FOREIGN KEY (owner_id) REFERENCES public.users(user_id);


--
-- Name: friends friends_receiver_id_fkey; Type: FK CONSTRAINT; Schema: public; Owner: test_user
--

ALTER TABLE ONLY public.friends
    ADD CONSTRAINT friends_receiver_id_fkey FOREIGN KEY (receiver_id) REFERENCES public.users(user_id);


--
-- Name: friends friends_sender_id_fkey; Type: FK CONSTRAINT; Schema: public; Owner: test_user
--

ALTER TABLE ONLY public.friends
    ADD CONSTRAINT friends_sender_id_fkey FOREIGN KEY (sender_id) REFERENCES public.users(user_id);


--
-- Name: match_history match_history_user_one_id_fkey; Type: FK CONSTRAINT; Schema: public; Owner: test_user
--

ALTER TABLE ONLY public.match_history
    ADD CONSTRAINT match_history_user_one_id_fkey FOREIGN KEY (user_one_id) REFERENCES public.users(user_id);


--
-- Name: match_history match_history_user_two_id_fkey; Type: FK CONSTRAINT; Schema: public; Owner: test_user
--

ALTER TABLE ONLY public.match_history
    ADD CONSTRAINT match_history_user_two_id_fkey FOREIGN KEY (user_two_id) REFERENCES public.users(user_id);


--
-- Name: messages messages_channel_id_fkey; Type: FK CONSTRAINT; Schema: public; Owner: test_user
--

ALTER TABLE ONLY public.messages
    ADD CONSTRAINT messages_channel_id_fkey FOREIGN KEY (channel_id) REFERENCES public.channels(channel_id) ON DELETE CASCADE;


--
-- Name: messages messages_sender_id_fkey; Type: FK CONSTRAINT; Schema: public; Owner: test_user
--

ALTER TABLE ONLY public.messages
    ADD CONSTRAINT messages_sender_id_fkey FOREIGN KEY (sender_id) REFERENCES public.users(user_id);


--
-- PostgreSQL database dump complete
--

