--
-- PostgreSQL database dump
--

-- Dumped from database version 15.1 (Homebrew)
-- Dumped by pg_dump version 15.1 (Homebrew)

SET statement_timeout = 0;
SET lock_timeout = 0;
SET idle_in_transaction_session_timeout = 0;
SET client_encoding = 'UTF8';
SET standard_conforming_strings = on;
SELECT pg_catalog.set_config('search_path', '', false);
SET check_function_bodies = false;
SET xmloption = content;
SET client_min_messages = warning;
SET row_security = off;

--
-- Name: channels_access_mode_enum; Type: TYPE; Schema: public; Owner: test_user
--

CREATE TYPE public.channels_access_mode_enum AS ENUM (
    'public',
    'protected',
    'private'
);


ALTER TYPE public.channels_access_mode_enum OWNER TO test_user;

SET default_tablespace = '';

SET default_table_access_method = heap;

--
-- Name: achievements; Type: TABLE; Schema: public; Owner: test_user
--

CREATE TABLE public.achievements (
    achievement_id integer NOT NULL,
    title character varying(32) NOT NULL,
    about character varying(256) NOT NULL
);


ALTER TABLE public.achievements OWNER TO test_user;

--
-- Name: achievements_achievement_id_seq; Type: SEQUENCE; Schema: public; Owner: test_user
--

CREATE SEQUENCE public.achievements_achievement_id_seq
    AS integer
    START WITH 1
    INCREMENT BY 1
    NO MINVALUE
    NO MAXVALUE
    CACHE 1;


ALTER TABLE public.achievements_achievement_id_seq OWNER TO test_user;

--
-- Name: achievements_achievement_id_seq; Type: SEQUENCE OWNED BY; Schema: public; Owner: test_user
--

ALTER SEQUENCE public.achievements_achievement_id_seq OWNED BY public.achievements.achievement_id;


--
-- Name: achievers; Type: TABLE; Schema: public; Owner: test_user
--

CREATE TABLE public.achievers (
    user_id integer NOT NULL,
    achievement_id integer NOT NULL
);


ALTER TABLE public.achievers OWNER TO test_user;

--
-- Name: banned_members; Type: TABLE; Schema: public; Owner: test_user
--

CREATE TABLE public.banned_members (
    channel_id integer NOT NULL,
    member_id integer NOT NULL,
    end_at timestamp with time zone NOT NULL
);


ALTER TABLE public.banned_members OWNER TO test_user;

--
-- Name: blocked_users; Type: TABLE; Schema: public; Owner: test_user
--

CREATE TABLE public.blocked_users (
    blocker_id integer NOT NULL,
    blocked_id integer NOT NULL
);


ALTER TABLE public.blocked_users OWNER TO test_user;

--
-- Name: channel_members; Type: TABLE; Schema: public; Owner: test_user
--

CREATE TABLE public.channel_members (
    member_id integer NOT NULL,
    channel_id integer NOT NULL,
    is_admin boolean DEFAULT false NOT NULL,
    mute_end_at timestamp with time zone NOT NULL,
    viewed_at timestamp with time zone NOT NULL
);


ALTER TABLE public.channel_members OWNER TO test_user;

--
-- Name: channels; Type: TABLE; Schema: public; Owner: test_user
--

CREATE TABLE public.channels (
    channel_id integer NOT NULL,
    owner_id integer NOT NULL,
    dm_peer_id integer,
    name character varying(128) NOT NULL,
    member_count integer DEFAULT 1 NOT NULL,
    access_mode public.channels_access_mode_enum NOT NULL,
    password bytea,
    modified_at timestamp with time zone NOT NULL,
    CONSTRAINT "CHK_02e03d8f24099679f32d2abdf3" CHECK ((member_count >= 0))
);


ALTER TABLE public.channels OWNER TO test_user;

--
-- Name: channels_channel_id_seq; Type: SEQUENCE; Schema: public; Owner: test_user
--

CREATE SEQUENCE public.channels_channel_id_seq
    AS integer
    START WITH 1
    INCREMENT BY 1
    NO MINVALUE
    NO MAXVALUE
    CACHE 1;


ALTER TABLE public.channels_channel_id_seq OWNER TO test_user;

--
-- Name: channels_channel_id_seq; Type: SEQUENCE OWNED BY; Schema: public; Owner: test_user
--

ALTER SEQUENCE public.channels_channel_id_seq OWNED BY public.channels.channel_id;


--
-- Name: friends; Type: TABLE; Schema: public; Owner: test_user
--

CREATE TABLE public.friends (
    sender_id integer NOT NULL,
    receiver_id integer NOT NULL,
    is_accepted boolean DEFAULT false NOT NULL
);


ALTER TABLE public.friends OWNER TO test_user;

--
-- Name: match_history; Type: TABLE; Schema: public; Owner: test_user
--

CREATE TABLE public.match_history (
    match_id integer NOT NULL,
    user_one_id integer NOT NULL,
    user_two_id integer NOT NULL,
    user_one_score integer DEFAULT 0 NOT NULL,
    user_two_score integer DEFAULT 0 NOT NULL,
    is_rank boolean DEFAULT false NOT NULL,
    end_at timestamp with time zone NOT NULL,
    CONSTRAINT "CHK_247e25cd80dbcc6d7fbfbe0f77" CHECK ((user_two_score >= 0)),
    CONSTRAINT "CHK_590b2fcbdec51264273ed3abc1" CHECK ((user_one_score >= 0))
);


ALTER TABLE public.match_history OWNER TO test_user;

--
-- Name: match_history_match_id_seq; Type: SEQUENCE; Schema: public; Owner: test_user
--

CREATE SEQUENCE public.match_history_match_id_seq
    AS integer
    START WITH 1
    INCREMENT BY 1
    NO MINVALUE
    NO MAXVALUE
    CACHE 1;


ALTER TABLE public.match_history_match_id_seq OWNER TO test_user;

--
-- Name: match_history_match_id_seq; Type: SEQUENCE OWNED BY; Schema: public; Owner: test_user
--

ALTER SEQUENCE public.match_history_match_id_seq OWNED BY public.match_history.match_id;


--
-- Name: messages; Type: TABLE; Schema: public; Owner: test_user
--

CREATE TABLE public.messages (
    message_id integer NOT NULL,
    channel_id integer NOT NULL,
    sender_id integer NOT NULL,
    contents character varying(4096) NOT NULL,
    created_at timestamp with time zone NOT NULL
);


ALTER TABLE public.messages OWNER TO test_user;

--
-- Name: messages_message_id_seq; Type: SEQUENCE; Schema: public; Owner: test_user
--

CREATE SEQUENCE public.messages_message_id_seq
    AS integer
    START WITH 1
    INCREMENT BY 1
    NO MINVALUE
    NO MAXVALUE
    CACHE 1;


ALTER TABLE public.messages_message_id_seq OWNER TO test_user;

--
-- Name: messages_message_id_seq; Type: SEQUENCE OWNED BY; Schema: public; Owner: test_user
--

ALTER SEQUENCE public.messages_message_id_seq OWNED BY public.messages.message_id;


--
-- Name: users; Type: TABLE; Schema: public; Owner: test_user
--

CREATE TABLE public.users (
    user_id integer NOT NULL,
    nickname character varying(16) NOT NULL,
    profile_image character varying(256),
    auth_email character varying(320),
    ladder integer DEFAULT 0 NOT NULL,
    win_count integer DEFAULT 0 NOT NULL,
    loss_count integer DEFAULT 0 NOT NULL,
    CONSTRAINT "CHK_710ddbd8264b9e8b31cd85f0e4" CHECK ((loss_count >= 0)),
    CONSTRAINT "CHK_7a744839a373d3f5fbf10ee7ef" CHECK ((win_count >= 0)),
    CONSTRAINT "CHK_e6806a6a269c9dcbc25dffc6be" CHECK ((ladder >= 0))
);


ALTER TABLE public.users OWNER TO test_user;

--
-- Name: achievements achievement_id; Type: DEFAULT; Schema: public; Owner: test_user
--

ALTER TABLE ONLY public.achievements ALTER COLUMN achievement_id SET DEFAULT nextval('public.achievements_achievement_id_seq'::regclass);


--
-- Name: channels channel_id; Type: DEFAULT; Schema: public; Owner: test_user
--

ALTER TABLE ONLY public.channels ALTER COLUMN channel_id SET DEFAULT nextval('public.channels_channel_id_seq'::regclass);


--
-- Name: match_history match_id; Type: DEFAULT; Schema: public; Owner: test_user
--

ALTER TABLE ONLY public.match_history ALTER COLUMN match_id SET DEFAULT nextval('public.match_history_match_id_seq'::regclass);


--
-- Name: messages message_id; Type: DEFAULT; Schema: public; Owner: test_user
--

ALTER TABLE ONLY public.messages ALTER COLUMN message_id SET DEFAULT nextval('public.messages_message_id_seq'::regclass);


--
-- Data for Name: achievements; Type: TABLE DATA; Schema: public; Owner: test_user
--

COPY public.achievements (achievement_id, title, about) FROM stdin;
1	one giant leap for mankind.	누군가에겐 미약해 보일 수 있지만, 분명히 그것은 위대한 첫 걸음 입니다. 당신은 처음으로 승리하였습니다.
2	World Best Ping-Pong Player	초월적인 온라인 탁구 게임에서 1등을 거머쥐었습니다!
3	Social Animal	무려 10명의 친구! 아리스토텔레스가 당신을 부러워합니다.
4	 Born To Be FT	삶, 우주, 그리고 모든 것에 대한 궁극적인 질문에 대한 해답은 바로 당신!
5	So noisy~ 	Join 5 channels
\.


--
-- Data for Name: achievers; Type: TABLE DATA; Schema: public; Owner: test_user
--

COPY public.achievers (user_id, achievement_id) FROM stdin;
47281	1
47281	2
69273	1
69273	2
39076	1
39076	2
39076	3
39076	4
20129	1
20129	2
20129	3
20129	4
59895	1
59895	2
70986	1
70986	2
70986	3
70986	4
70986	5
36862	1
36862	2
99383	1
99383	2
52863	1
52863	2
49892	1
49892	2
57616	1
57616	2
15112	1
93568	1
93568	2
93568	3
93568	4
46152	1
46152	2
46152	3
33143	1
33143	2
33143	3
33143	4
33143	5
72163	1
72163	2
24760	1
88905	1
88905	2
88905	3
23300	1
23300	2
79037	1
79037	2
20929	1
20929	2
20929	3
20929	4
51584	1
51584	2
51584	3
51584	4
51584	5
50900	1
31797	1
47322	1
47322	2
47322	3
25402	1
25402	2
49870	1
49870	2
49870	3
43601	1
87618	1
87618	2
87618	3
87618	4
12566	1
12566	2
12399	1
12399	2
12399	3
12399	4
30635	1
30635	2
30610	1
30610	2
30610	3
76063	1
76063	2
76063	3
76063	4
43387	1
43387	2
43387	3
43387	4
55428	1
55428	2
18848	1
18848	2
18848	3
27995	1
27995	2
27995	3
27995	4
79192	1
93189	1
93189	2
54843	1
54843	2
54843	3
54843	4
66427	1
38267	1
76684	1
76684	2
64707	1
64707	2
64707	3
64707	4
48817	1
89779	1
89779	2
89779	3
47860	1
86185	1
86185	2
86185	3
86185	4
63858	1
78364	1
73910	1
94862	1
94862	2
94862	3
94862	4
94862	5
88543	1
88543	2
88543	3
88543	4
88543	5
99253	1
99253	2
99253	3
99253	4
41407	1
41407	2
10848	1
10848	2
10848	3
36472	1
36472	2
36472	3
19788	1
19788	2
19788	3
19788	4
87080	1
87080	2
87080	3
95867	1
95866	1
95866	2
95866	3
81091	1
81091	2
81091	3
94673	1
94673	2
94673	3
94673	4
94673	5
29556	1
29556	2
29556	3
29556	4
29556	5
56420	1
56420	2
66382	1
66382	2
66382	3
47284	1
13505	1
13505	2
13505	3
13505	4
13505	5
74885	1
74885	2
84041	1
83115	1
83115	2
22114	1
22114	2
22114	3
58385	1
58385	2
58385	3
58385	4
58385	5
60192	1
60192	2
60192	3
60192	4
61032	1
61032	2
61032	3
61032	4
61032	5
49644	1
49644	2
49644	3
49644	4
22582	1
22582	2
22582	3
48379	1
48379	2
48379	3
48379	4
36532	1
36532	2
36532	3
36532	4
84529	1
84529	2
84529	3
84529	4
84529	5
17310	1
17310	2
17310	3
17310	4
62860	1
62860	2
62860	3
95854	1
95854	2
95854	3
95854	4
95854	5
78018	1
78018	2
78018	3
98462	1
98462	2
98462	3
98462	4
98462	5
46284	1
46284	2
46284	3
38727	1
38727	2
20997	1
20997	2
38809	1
38809	2
73997	1
73997	2
73997	3
73997	4
73997	5
84318	1
84318	2
84318	3
12628	1
12628	2
12628	3
61043	1
61043	2
61043	3
52608	1
45423	1
45423	2
45423	3
45423	4
45423	5
44082	1
44082	2
44082	3
44082	4
44082	5
83410	1
29751	1
29751	2
29751	3
29751	4
71151	1
71151	2
71151	3
50897	1
77796	1
77796	2
77796	3
50385	1
50385	2
16009	1
16009	2
16009	3
16009	4
16009	5
26464	1
26464	2
26464	3
26464	4
46898	1
46898	2
46898	3
87363	1
87363	2
87363	3
87363	4
87363	5
90713	1
90713	2
90713	3
90713	4
90684	1
90684	2
90684	3
90684	4
82633	1
10810	1
10810	2
10810	3
10810	4
10810	5
62778	1
39675	1
69196	1
69196	2
69196	3
69196	4
70965	1
70965	2
80786	1
72264	1
16880	1
16880	2
16880	3
16880	4
16880	5
81003	1
56243	1
80241	1
80241	2
80241	3
80241	4
96038	1
96038	2
96038	3
96038	4
72132	1
72132	2
72132	3
72132	4
27438	1
27438	2
91364	1
91364	2
89928	1
89928	2
89928	3
75605	1
32750	1
32750	2
32750	3
32750	4
32750	5
37485	1
37485	2
37485	3
37485	4
37485	5
25731	1
25731	2
25731	3
25731	4
25731	5
51165	1
50537	1
51985	1
51985	2
51985	3
36846	1
36846	2
36846	3
78258	1
78258	2
78258	3
78258	4
70494	1
70494	2
84577	1
84577	2
84577	3
84577	4
84577	5
82809	1
82809	2
82809	3
82809	4
82809	5
34794	1
34794	2
95823	1
95823	2
27344	1
27344	2
82201	1
82201	2
82201	3
82201	4
73970	1
73970	2
73970	3
73970	4
73970	5
44825	1
44825	2
22329	1
36861	1
36861	2
36861	3
53360	1
53360	2
53360	3
53360	4
53360	5
53834	1
53834	2
53834	3
53834	4
53834	5
25700	1
25700	2
25700	3
25700	4
60813	1
60813	2
29047	1
29047	2
29047	3
29047	4
29047	5
44609	1
44609	2
83745	1
83745	2
39431	1
23170	1
23170	2
23170	3
23170	4
45921	1
45921	2
45921	3
45921	4
45921	5
46646	1
46646	2
46646	3
46646	4
46646	5
29034	1
29034	2
29034	3
29034	4
29034	5
87630	1
89439	1
89439	2
51146	1
51146	2
88710	1
88710	2
88710	3
25834	1
25834	2
25834	3
25834	4
64090	1
64090	2
46006	1
46006	2
46006	3
46006	4
95988	1
95988	2
95988	3
47726	1
47726	2
47726	3
47726	4
47726	5
61086	1
61086	2
61086	3
61086	4
88052	1
88052	2
88052	3
88052	4
56705	1
56705	2
56705	3
27479	1
69390	1
69390	2
69390	3
69390	4
69390	5
91853	1
91853	2
91853	3
71077	1
71077	2
71077	3
51382	1
52005	1
52005	2
45271	1
45271	2
45271	3
45271	4
37035	1
37035	2
37035	3
37035	4
37035	5
70059	1
70059	2
70059	3
70059	4
70059	5
57816	1
57816	2
57816	3
57816	4
57816	5
40174	1
62916	1
62916	2
52409	1
52409	2
52409	3
52409	4
52409	5
70761	1
70761	2
52847	1
52847	2
52847	3
52847	4
52847	5
22051	1
22051	2
35812	1
35812	2
35812	3
35812	4
99365	1
99365	2
99365	3
84211	1
42650	1
42650	2
43248	1
43248	2
74786	1
97112	1
97112	2
97112	3
97112	4
69302	1
69302	2
82670	1
82670	2
82670	3
82670	4
82670	5
59521	1
59521	2
59521	3
59521	4
59521	5
59322	1
68042	1
68042	2
29550	1
29550	2
39284	1
25977	1
25977	2
17124	1
17124	2
17124	3
17124	4
17124	5
66127	1
66127	2
66127	3
66127	4
42294	1
42294	2
42294	3
42294	4
31292	1
31292	2
31292	3
31292	4
31292	5
35188	1
35188	2
35188	3
35188	4
35188	5
19784	1
19784	2
12371	1
12371	2
42704	1
42704	2
42704	3
62481	1
62481	2
21282	1
21282	2
21282	3
21282	4
21282	5
53996	1
53996	2
53996	3
53996	4
53996	5
25160	1
25160	2
77286	1
77286	2
77286	3
73538	1
73538	2
73538	3
71404	1
71404	2
71404	3
66913	1
66913	2
35488	1
35676	1
35676	2
77808	1
77808	2
77808	3
82863	1
82863	2
82863	3
82863	4
66541	1
66541	2
66541	3
55574	1
55574	2
55574	3
31255	1
31255	2
31255	3
31255	4
47896	1
85343	1
66417	1
66417	2
66417	3
64534	1
64534	2
64534	3
64534	4
64534	5
42951	1
42951	2
42951	3
42951	4
42951	5
91112	1
91112	2
91112	3
91112	4
91112	5
37212	1
37212	2
37212	3
34849	1
34849	2
24153	1
23673	1
23673	2
23673	3
23673	4
99141	1
99141	2
99141	3
37077	1
37077	2
37077	3
37077	4
50248	1
50248	2
50248	3
22253	1
22253	2
28956	1
28956	2
28956	3
28956	4
17967	1
17967	2
19151	1
19151	2
19151	3
19151	4
19151	5
88264	1
88264	2
74261	1
74261	2
74261	3
38657	1
38657	2
38657	3
38657	4
38657	5
57346	1
34438	1
34438	2
34438	3
46504	1
46504	2
46504	3
46504	4
46504	5
\.


--
-- Data for Name: banned_members; Type: TABLE DATA; Schema: public; Owner: test_user
--

COPY public.banned_members (channel_id, member_id, end_at) FROM stdin;
1	91853	2023-02-12 04:39:07.816+09
2	25486	2023-02-11 17:53:34.433+09
2	77808	2023-02-11 19:10:13.161+09
3	84041	2023-02-11 19:02:20.968+09
3	47726	2023-02-12 12:43:17.114+09
4	42704	2023-02-12 12:33:05.419+09
7	77808	2023-02-11 22:01:27.121+09
7	27479	2023-02-12 10:21:07.293+09
10	79037	2023-02-11 17:05:07.979+09
11	54843	2023-02-12 02:52:43.093+09
12	25402	2023-02-12 07:24:02.223+09
12	12399	2023-02-11 19:09:56.952+09
12	52847	2023-02-12 03:33:16.502+09
13	19024	2023-02-12 03:05:43.554+09
17	37077	2023-02-12 00:50:14.548+09
19	79037	2023-02-12 01:25:03.109+09
22	48054	2023-02-12 02:01:30.756+09
22	84577	2023-02-12 04:25:42.874+09
22	80241	2023-02-11 16:46:49.33+09
23	89439	2023-02-11 22:28:05.62+09
23	50900	2023-02-12 07:06:32.433+09
23	79029	2023-02-11 19:13:05.041+09
24	43248	2023-02-12 08:06:44.033+09
24	29751	2023-02-12 08:48:54.442+09
27	46006	2023-02-12 07:35:38.525+09
27	57816	2023-02-12 13:45:13.75+09
28	94862	2023-02-12 08:14:46.307+09
29	49870	2023-02-11 22:24:50.074+09
29	66427	2023-02-12 11:44:51.246+09
30	15112	2023-02-11 23:39:50.057+09
31	85343	2023-02-12 14:13:13.585+09
31	45271	2023-02-12 00:25:40.932+09
32	27344	2023-02-12 03:56:21.462+09
33	30558	2023-02-12 02:40:42.098+09
34	74261	2023-02-12 06:15:09.317+09
35	93568	2023-02-12 08:40:49.177+09
35	49644	2023-02-12 05:46:56.281+09
35	36861	2023-02-12 01:33:12.878+09
35	56243	2023-02-12 04:22:18.41+09
36	57816	2023-02-11 22:04:48.299+09
37	85343	2023-02-12 11:28:22.495+09
37	75605	2023-02-11 23:23:46.929+09
37	46152	2023-02-12 05:25:12.871+09
38	68042	2023-02-11 20:11:41.848+09
38	43248	2023-02-12 10:03:37.713+09
39	19784	2023-02-12 05:23:35.323+09
39	63858	2023-02-11 19:37:59.955+09
44	95988	2023-02-12 09:57:39.143+09
44	62778	2023-02-11 23:19:48.737+09
44	69196	2023-02-12 13:48:38.561+09
46	89439	2023-02-11 23:28:10.21+09
47	78572	2023-02-11 22:55:26.42+09
47	82633	2023-02-11 17:45:26.522+09
48	39284	2023-02-12 05:42:59.677+09
50	62481	2023-02-12 01:14:32.554+09
50	45271	2023-02-12 14:13:40.922+09
50	80241	2023-02-12 14:32:14.414+09
51	66127	2023-02-12 10:52:57.363+09
53	97112	2023-02-12 03:24:06.563+09
53	32750	2023-02-12 06:36:15.888+09
54	86185	2023-02-11 22:49:47.864+09
55	49644	2023-02-12 10:15:59.588+09
55	77808	2023-02-11 19:28:55.792+09
57	24760	2023-02-12 07:58:17.765+09
59	31255	2023-02-12 02:17:13.668+09
60	66417	2023-02-11 15:07:14.978+09
62	37212	2023-02-12 14:41:35.383+09
63	57159	2023-02-12 00:30:13.66+09
63	45921	2023-02-11 22:29:12.236+09
63	79192	2023-02-12 13:20:12.035+09
63	42069	2023-02-12 00:54:09.844+09
64	88710	2023-02-12 03:25:25.942+09
64	21282	2023-02-11 16:17:45.771+09
65	12628	2023-02-12 12:50:29.592+09
66	69302	2023-02-12 02:34:19.745+09
69	77808	2023-02-12 10:52:51.992+09
70	89779	2023-02-11 15:08:57.448+09
70	33143	2023-02-12 07:13:27.568+09
71	69390	2023-02-12 08:08:10.196+09
72	56420	2023-02-11 21:05:10.728+09
72	20129	2023-02-12 13:32:31.823+09
73	76684	2023-02-11 18:29:09.271+09
74	89779	2023-02-12 05:21:22.536+09
74	82201	2023-02-11 15:26:53.584+09
75	36862	2023-02-11 20:17:55.406+09
75	56243	2023-02-11 17:52:50.52+09
75	22114	2023-02-12 03:34:02.953+09
77	78018	2023-02-12 13:05:39.241+09
78	39284	2023-02-12 06:11:23.58+09
78	99615	2023-02-12 00:07:56.115+09
78	19784	2023-02-11 23:57:33.8+09
79	23673	2023-02-12 03:52:56.692+09
79	57159	2023-02-12 13:44:12.424+09
81	46646	2023-02-12 06:59:54.599+09
81	88710	2023-02-11 16:59:14.168+09
82	25834	2023-02-12 00:30:19.585+09
82	49870	2023-02-12 11:05:08.325+09
84	16880	2023-02-11 18:57:28.387+09
84	32750	2023-02-11 18:00:02.279+09
85	91853	2023-02-11 23:55:09.666+09
85	19788	2023-02-12 06:34:07.488+09
86	35188	2023-02-12 01:41:57.155+09
90	44082	2023-02-11 15:57:57.238+09
90	28232	2023-02-11 16:26:13.479+09
91	27479	2023-02-12 03:28:50.311+09
91	28232	2023-02-11 19:01:17.229+09
93	45271	2023-02-12 09:05:15.562+09
94	57159	2023-02-12 07:52:39.569+09
94	43688	2023-02-12 11:23:06.047+09
95	25486	2023-02-12 14:48:55.731+09
95	73910	2023-02-12 01:53:05.75+09
96	19151	2023-02-12 11:44:50.02+09
96	46504	2023-02-12 12:00:33.644+09
96	66417	2023-02-11 18:39:26.658+09
97	64090	2023-02-12 06:22:22.778+09
98	71077	2023-02-11 22:31:07.247+09
98	19278	2023-02-12 05:24:06.139+09
99	44082	2023-02-11 20:03:37.532+09
99	56705	2023-02-11 15:50:57.934+09
\.


--
-- Data for Name: blocked_users; Type: TABLE DATA; Schema: public; Owner: test_user
--

COPY public.blocked_users (blocker_id, blocked_id) FROM stdin;
47281	48379
58746	36532
69273	48379
39076	17310
20129	62860
78572	17310
59895	78018
66282	98462
70986	78018
36862	38727
99383	20997
52863	38727
35137	73997
49892	79029
57616	73997
97738	92685
24711	12628
15112	92685
96126	61043
93568	11219
46152	61043
33143	45423
72163	44082
24760	45423
88905	29751
23300	71151
15469	29751
79037	40318
20929	69733
51584	40318
50900	50385
31797	16009
47322	50385
25402	46898
49870	87363
93878	46898
43601	90713
87618	90684
60894	90713
62343	15402
12566	10810
12399	15402
30635	39675
30610	69196
76063	39675
43387	80786
55428	72264
18848	80786
27995	81003
79192	56243
93189	81003
54843	80241
66427	96038
38267	80241
76684	27438
45771	91364
64707	27438
85717	75605
48817	32750
89779	75605
93453	25731
25486	51165
47860	25731
86185	50537
19350	23323
87447	50537
63858	36846
78364	78258
73910	36846
94862	84577
88543	82809
76277	84577
99253	16375
41407	34794
10848	16375
36472	65760
19788	27344
87080	65760
95867	18478
95866	73970
72419	18478
81091	22329
94673	36861
29556	22329
56420	53360
42069	53834
19278	53360
57406	25700
66382	59399
47284	25700
13505	60813
74885	29047
84041	60813
83115	83745
22114	39431
58385	83745
60192	45921
47281	89439
58746	51146
69273	89439
39076	25834
20129	64090
78572	25834
59895	46006
66282	95988
70986	46006
36862	61086
99383	41863
52863	61086
35137	19024
49892	32327
57616	19024
97738	30558
24711	27479
15112	30558
96126	91853
93568	71077
46152	91853
33143	52005
72163	45271
24760	52005
88905	70059
23300	57816
15469	70059
79037	62916
20929	52409
51584	62916
50900	52847
31797	22051
47322	52847
25402	99365
49870	84211
93878	99365
43601	43248
87618	74786
60894	43248
62343	69302
12566	82670
12399	69302
30635	48054
30610	59322
76063	48054
43387	29550
55428	39284
18848	29550
27995	17124
79192	66127
93189	17124
54843	31292
66427	35188
38267	31292
76684	12371
45771	67620
64707	12371
85717	62481
48817	21282
89779	62481
93453	25160
25486	77286
47860	25160
86185	71404
19350	66913
87447	71404
63858	35676
78364	77808
73910	35676
94862	73132
88543	66541
76277	73132
99253	31255
41407	47896
10848	31255
36472	66417
19788	64534
87080	66417
95867	91112
95866	37212
72419	91112
81091	15929
94673	24153
29556	15929
56420	99141
42069	37077
19278	99141
57406	22253
66382	28956
47284	22253
13505	19151
74885	55181
84041	19151
83115	88264
22114	74261
58385	88264
60192	57346
82159	34438
\.


--
-- Data for Name: channel_members; Type: TABLE DATA; Schema: public; Owner: test_user
--

COPY public.channel_members (member_id, channel_id, is_admin, mute_end_at, viewed_at) FROM stdin;
91853	1	t	2022-04-25 07:28:10.425+09	2022-12-28 06:30:34.722+09
29550	1	f	2023-06-04 10:50:48.918+09	2022-12-17 20:37:00.988+09
72419	1	t	2023-02-10 22:40:36.231+09	2022-08-23 09:40:39.303+09
69390	1	t	2023-03-14 11:57:32.918+09	2022-02-13 17:47:37.717+09
47284	1	f	2023-05-21 19:33:31.358+09	2023-01-20 12:09:54.919+09
12371	2	t	2022-11-23 14:41:22.727+09	2023-01-29 04:34:35.339+09
95854	2	f	2023-02-20 01:27:12.489+09	2022-04-08 22:10:53.7+09
31292	2	t	2023-02-10 15:31:51.332+09	2022-02-22 22:17:46.29+09
43387	2	f	2024-01-21 07:27:57.516+09	2022-05-31 03:03:11.849+09
25486	2	f	2023-02-11 04:09:03.965+09	2022-02-19 11:56:21.565+09
47284	2	t	2023-02-11 04:03:52.236+09	2022-06-27 08:56:20.108+09
72163	2	f	2023-02-11 08:22:41.82+09	2022-07-04 17:02:26.727+09
77808	2	t	2023-11-10 03:21:50.43+09	2022-07-14 02:10:34.696+09
19024	2	t	2023-05-03 14:36:53.884+09	2022-04-28 23:27:20.602+09
55428	2	f	2023-05-28 04:30:09.62+09	2022-07-17 04:17:24.907+09
66913	3	t	2022-08-13 01:43:37.487+09	2023-01-26 02:38:55.701+09
61032	3	f	2023-02-10 21:18:23.197+09	2023-01-07 15:02:14.119+09
84041	3	t	2023-02-10 18:54:43.438+09	2022-05-16 06:02:31.573+09
71404	3	f	2023-12-30 08:47:05.98+09	2022-02-26 05:51:58.445+09
62778	3	f	2023-04-20 20:45:31.52+09	2023-01-29 16:23:56.515+09
93189	3	t	2023-02-11 00:22:23.168+09	2022-05-07 17:22:32.267+09
77808	3	t	2023-02-11 00:33:40.894+09	2022-05-12 08:07:20.091+09
47726	3	f	2023-09-03 02:49:55.509+09	2022-10-28 04:25:32.377+09
42704	4	t	2022-06-29 03:23:32.968+09	2022-05-23 01:54:32.185+09
88710	4	f	2023-02-26 07:15:19.345+09	2022-10-18 19:15:26.237+09
41863	5	t	2022-04-06 04:33:23.691+09	2022-11-02 17:33:56.44+09
25834	5	t	2023-12-19 15:05:48.649+09	2022-12-24 11:50:09.521+09
61086	6	t	2022-09-14 06:41:33.454+09	2022-04-21 04:14:35.157+09
97112	6	f	2023-11-11 12:47:31.984+09	2022-11-24 15:11:42.173+09
46006	6	f	2023-02-10 16:35:10.509+09	2022-12-19 12:50:19.082+09
59322	6	t	2023-02-11 03:18:21.71+09	2022-12-11 03:20:44.332+09
19784	7	t	2022-04-21 06:48:48.388+09	2022-04-25 16:29:58.884+09
77808	7	t	2023-02-26 22:43:53.747+09	2022-04-16 18:50:42.494+09
27479	7	f	2023-12-23 13:19:13.693+09	2023-01-28 11:52:17.596+09
80786	7	f	2023-02-11 05:01:48.164+09	2022-02-16 00:25:05.45+09
19024	7	t	2023-02-11 09:04:18.39+09	2022-09-27 15:54:29.05+09
78572	7	t	2023-02-10 15:20:46.356+09	2022-08-31 10:32:41.982+09
52847	7	t	2023-07-17 12:57:46.864+09	2022-07-21 01:38:19.543+09
88264	8	t	2022-03-10 00:18:00.064+09	2022-10-17 21:44:48.301+09
55181	8	t	2023-02-10 16:13:35.055+09	2023-01-15 00:59:49.778+09
62481	8	f	2023-02-24 01:44:44.146+09	2022-11-09 19:17:29.773+09
21282	8	t	2023-02-11 06:52:19.52+09	2022-07-14 16:41:31.148+09
21282	9	t	2022-09-08 01:44:47.978+09	2022-03-29 17:59:40.586+09
95867	9	t	2023-02-11 13:15:30.827+09	2022-08-29 23:04:09.186+09
66541	9	t	2023-11-24 18:08:11.845+09	2022-06-28 11:07:57.685+09
82159	9	t	2023-02-10 16:29:02.313+09	2022-07-18 03:43:17.959+09
18848	9	f	2023-05-12 22:22:44.922+09	2022-11-01 14:02:17.814+09
20129	9	f	2023-05-04 08:49:36.043+09	2022-08-05 12:38:36.637+09
43601	9	t	2023-09-27 13:29:38.09+09	2022-04-15 16:43:59.169+09
76277	9	f	2024-01-18 23:29:43.651+09	2022-12-11 00:30:39.234+09
91853	10	t	2022-08-10 21:49:57.592+09	2022-07-28 16:49:02.679+09
81003	10	t	2023-04-16 00:05:16.564+09	2023-02-07 18:46:33.317+09
57406	10	t	2023-02-11 00:10:00.873+09	2022-08-23 01:16:55.809+09
79037	10	f	2023-02-11 08:02:23.66+09	2022-07-02 01:54:37.733+09
73538	11	t	2022-03-04 07:56:31.614+09	2022-02-14 09:11:45.797+09
19788	11	f	2023-02-11 02:00:10.965+09	2022-04-21 12:37:27.995+09
60192	11	f	2024-01-26 03:30:48.928+09	2022-11-10 11:39:47.003+09
54843	11	t	2023-02-11 10:28:31.06+09	2022-09-18 03:46:31.738+09
46006	12	t	2022-02-18 15:35:20.201+09	2023-01-26 22:09:16.281+09
56243	12	t	2023-05-27 12:30:19.344+09	2022-03-11 19:53:16.049+09
25402	12	f	2023-02-10 16:49:44.23+09	2022-09-11 03:04:50.957+09
12399	12	f	2023-02-10 15:52:51.952+09	2022-04-16 17:46:48.208+09
23323	12	t	2023-02-11 08:25:22.439+09	2022-12-10 17:48:00.221+09
52847	12	t	2023-11-02 13:53:38.498+09	2022-11-18 01:24:16.161+09
19024	13	t	2022-12-21 23:36:16.011+09	2022-09-24 05:06:39.495+09
71151	13	f	2023-08-29 18:58:17.453+09	2022-02-20 23:40:48.826+09
35488	14	t	2022-10-18 21:28:47.572+09	2023-01-01 00:32:57.845+09
57346	14	f	2023-02-11 02:06:26.866+09	2022-04-30 13:30:49.268+09
81003	14	f	2023-02-11 04:00:57.551+09	2023-01-23 12:23:10.549+09
59521	15	t	2022-03-23 13:37:47.296+09	2022-02-28 07:08:04.194+09
88543	15	t	2023-02-11 05:11:39.639+09	2022-10-16 18:01:55.776+09
62916	16	t	2022-06-08 15:39:30.629+09	2022-08-04 13:15:32.714+09
73538	16	f	2023-02-10 21:40:55.644+09	2022-12-14 06:05:49.573+09
19278	16	t	2023-02-11 13:07:52.819+09	2022-08-24 12:18:29.845+09
28232	16	t	2023-02-10 22:48:03.946+09	2023-01-30 11:59:02.559+09
71077	16	f	2023-02-11 05:39:17.022+09	2023-02-09 11:45:22.333+09
37077	17	t	2022-12-08 23:48:32.276+09	2022-05-22 00:28:33.216+09
70494	17	t	2023-02-11 06:18:34.888+09	2022-03-12 14:26:22.116+09
31797	17	f	2024-01-27 18:00:26.593+09	2022-02-12 08:30:01.263+09
69196	17	f	2023-02-11 00:13:08.896+09	2023-01-12 07:28:51.354+09
68042	17	t	2023-02-11 08:35:08.674+09	2022-09-13 12:27:58.78+09
57816	18	t	2022-02-23 09:41:09.569+09	2022-11-19 19:17:20.4+09
37485	18	t	2023-02-11 08:30:13.462+09	2022-08-15 11:46:03.479+09
45271	19	t	2022-08-13 22:59:31.366+09	2022-06-19 00:54:09.213+09
43248	19	t	2023-02-11 03:24:01.091+09	2022-10-31 15:52:55.851+09
10810	19	f	2023-02-10 22:45:06.771+09	2023-02-05 02:56:25.093+09
64534	19	t	2023-10-16 22:34:22.424+09	2022-04-06 13:17:44.155+09
43601	19	f	2023-08-16 06:23:54.622+09	2022-07-06 21:38:33.333+09
79037	19	f	2023-02-11 11:52:31.349+09	2022-11-07 13:47:19.002+09
95854	19	t	2023-06-22 17:53:50.73+09	2022-07-26 12:27:53.038+09
99615	19	f	2023-02-11 07:03:42.317+09	2022-07-02 10:01:09.527+09
36861	19	t	2023-02-11 00:30:55.333+09	2022-05-07 06:55:27.501+09
41863	20	t	2023-01-11 06:55:29.938+09	2022-09-23 12:38:07.826+09
57346	20	t	2023-02-11 03:25:11.97+09	2023-01-24 07:07:24.979+09
95823	20	f	2023-06-07 15:18:24.292+09	2022-07-30 01:33:15.698+09
81003	20	f	2023-02-10 15:45:38.715+09	2023-01-23 23:47:08.801+09
17124	20	t	2024-02-04 07:52:58.797+09	2022-08-24 00:35:52.436+09
74786	20	t	2023-02-11 08:58:44.338+09	2022-02-22 15:41:41.896+09
57616	20	t	2023-02-11 12:58:25.245+09	2022-08-03 01:57:38.559+09
39076	20	t	2023-02-11 05:09:00.774+09	2022-08-08 20:33:35.007+09
66541	21	t	2022-07-21 21:43:52.104+09	2022-02-21 05:22:07.829+09
71077	21	t	2023-02-11 02:48:47.928+09	2022-07-21 11:32:42.669+09
48054	22	t	2022-05-20 03:48:49.884+09	2023-01-23 08:42:56.469+09
60813	22	f	2023-02-11 08:33:47.391+09	2022-06-15 08:44:08.598+09
25402	22	t	2023-02-10 21:57:32.523+09	2022-06-11 05:53:33.934+09
51985	22	t	2023-02-10 17:34:54.099+09	2023-01-04 00:41:54.541+09
88052	22	f	2023-02-14 04:24:41.418+09	2022-11-21 08:38:53.07+09
84577	22	f	2023-02-10 20:44:05.542+09	2022-11-28 15:38:23.626+09
35188	22	f	2024-02-04 12:58:27.968+09	2022-03-05 21:30:54.487+09
80241	22	f	2023-07-13 00:14:11.026+09	2022-04-18 14:37:09.368+09
57346	23	t	2022-04-07 13:47:36.816+09	2023-01-19 22:43:35.422+09
29550	23	f	2023-02-10 17:07:57.71+09	2022-08-22 01:04:09.938+09
40318	23	t	2023-02-11 00:43:15.766+09	2023-01-07 03:58:30.429+09
89439	23	t	2023-10-03 12:52:40.852+09	2022-09-23 00:36:01.05+09
74786	23	f	2023-02-10 19:39:48.659+09	2022-05-19 15:59:05.483+09
50900	23	t	2023-04-04 22:32:41.874+09	2022-11-14 00:55:47.825+09
79029	23	f	2023-04-28 11:18:40.826+09	2023-01-27 06:16:05.374+09
43248	24	t	2022-05-17 18:59:58.965+09	2022-10-19 20:58:57.21+09
18478	24	f	2023-02-11 08:04:48.278+09	2023-02-07 23:18:38.333+09
19151	24	t	2023-03-27 05:12:34.355+09	2022-11-14 17:59:03.038+09
99615	24	t	2023-03-18 08:19:35.408+09	2022-05-23 00:47:40.218+09
99383	24	t	2023-04-21 16:58:29.826+09	2022-06-07 21:27:34.926+09
71404	24	f	2023-09-29 09:53:32.988+09	2022-10-03 21:27:22.142+09
42704	24	f	2024-01-06 07:12:38.699+09	2022-09-17 03:36:33.931+09
66541	24	t	2023-02-10 17:45:56.969+09	2022-11-22 07:18:10.358+09
29751	24	t	2023-06-06 07:25:11.655+09	2022-02-23 10:27:20.074+09
49644	24	f	2023-02-10 22:03:16.368+09	2022-08-28 11:23:09.456+09
25977	25	t	2022-06-01 22:43:20.208+09	2022-06-03 11:10:41.443+09
37035	25	t	2023-03-11 19:02:23.255+09	2022-12-31 02:44:55.704+09
34438	26	t	2022-08-24 22:52:01.264+09	2022-05-23 15:27:52.419+09
60894	26	t	2024-01-12 11:37:51.714+09	2022-03-16 15:02:00.683+09
30610	26	t	2023-04-26 19:43:33.385+09	2023-01-17 08:49:31.024+09
46006	27	t	2022-12-26 16:19:19.49+09	2022-08-22 19:30:12.032+09
57816	27	f	2023-02-11 11:54:04.733+09	2022-11-24 18:01:01.55+09
88264	28	t	2023-01-26 07:33:39.147+09	2022-06-05 12:46:15.237+09
83745	28	t	2023-02-11 01:54:39.066+09	2022-03-13 08:11:14.412+09
46504	28	t	2023-02-10 20:12:43.739+09	2022-04-16 00:22:52.047+09
24711	28	f	2023-02-10 21:42:13.38+09	2022-07-10 22:16:15.388+09
94862	28	t	2023-05-10 02:29:25.876+09	2022-07-01 01:14:27.404+09
31255	29	t	2022-12-01 18:31:36.427+09	2022-07-22 10:20:53.335+09
25977	29	t	2023-06-05 11:08:53.802+09	2022-04-06 08:22:14.541+09
47281	29	t	2023-02-11 08:08:03.578+09	2022-03-24 13:34:08.246+09
49870	29	t	2023-05-03 00:42:41.115+09	2022-04-29 07:15:31.844+09
66427	29	t	2023-02-11 14:34:28.606+09	2022-12-26 18:48:59.315+09
29047	29	t	2023-02-11 12:53:20.748+09	2022-05-13 15:12:58.16+09
42704	29	f	2023-02-10 17:37:10.723+09	2022-12-07 06:51:55.111+09
29751	29	t	2023-02-11 13:07:52.783+09	2022-10-03 13:40:08.151+09
99365	29	f	2023-05-09 21:07:35.771+09	2022-03-06 11:55:43.407+09
52409	30	t	2022-11-10 23:13:53.291+09	2023-01-15 08:14:52.239+09
19784	30	f	2023-08-09 23:53:11.914+09	2022-12-24 15:37:43.142+09
15112	30	t	2023-02-11 08:29:06.302+09	2022-02-26 14:55:35.978+09
45271	30	t	2023-02-10 16:09:25.304+09	2022-11-27 05:54:06.959+09
51382	30	t	2023-02-10 15:53:27.675+09	2022-03-26 15:54:44.979+09
71404	31	t	2022-12-12 05:25:09.72+09	2022-11-02 09:27:53.305+09
58385	31	f	2023-02-11 08:45:08.902+09	2022-12-15 07:17:00.733+09
85343	31	f	2023-08-12 19:58:04.038+09	2022-08-05 05:01:21.483+09
45271	31	t	2023-11-19 13:03:42.057+09	2022-07-31 22:31:14.539+09
68042	31	f	2023-02-10 15:20:03.744+09	2022-04-20 04:46:45.756+09
22114	31	f	2023-03-16 17:47:44.233+09	2022-04-11 19:57:30.404+09
40504	31	f	2023-05-30 03:06:21.554+09	2023-01-02 19:32:22.046+09
64090	32	t	2023-01-09 06:24:55.287+09	2022-08-02 15:42:59.905+09
39284	32	t	2023-02-10 23:04:17.839+09	2022-05-15 03:12:48.372+09
50897	32	t	2023-11-24 11:16:41.379+09	2022-06-14 04:30:36.655+09
27344	32	f	2023-02-11 08:22:22.099+09	2022-03-27 15:31:54.147+09
35812	32	f	2023-02-10 20:51:48.032+09	2023-02-09 02:52:39.823+09
19278	32	t	2023-02-11 13:26:42.217+09	2022-10-30 17:46:33.187+09
30558	33	t	2022-07-10 12:32:47.079+09	2022-11-29 19:12:15.739+09
22051	33	t	2023-04-30 05:31:05.414+09	2023-01-08 12:59:57.131+09
74261	34	t	2022-05-07 12:36:22.559+09	2022-06-20 02:28:44.239+09
95823	34	t	2023-02-11 03:41:43.495+09	2022-12-07 02:40:52.786+09
90713	34	t	2023-02-10 16:18:46.944+09	2023-01-30 10:25:55.263+09
17124	34	f	2023-02-10 17:50:16.837+09	2022-08-30 01:04:21.507+09
35137	34	t	2023-02-10 16:11:08.11+09	2022-12-11 21:01:21.945+09
95866	34	t	2023-02-10 20:06:59.644+09	2022-12-05 01:52:32.459+09
12371	34	f	2023-06-25 18:19:38.699+09	2022-05-03 02:26:52.69+09
55181	35	t	2022-06-10 19:41:19.223+09	2022-07-14 14:14:32.463+09
37077	35	t	2023-02-11 14:00:28.764+09	2022-03-20 18:55:37.302+09
93568	35	t	2023-02-11 08:10:05.233+09	2022-04-07 02:52:11.008+09
71151	35	f	2023-02-11 05:37:48.943+09	2022-04-29 00:11:01.621+09
49644	35	f	2023-08-01 20:45:26.248+09	2022-07-10 05:28:03.749+09
66417	35	t	2023-08-25 09:42:52.8+09	2022-02-23 22:28:00.069+09
38727	35	t	2023-05-04 02:11:52.341+09	2022-05-02 04:46:54.253+09
27479	35	t	2023-06-01 23:03:29.865+09	2023-01-24 16:40:30.839+09
36861	35	t	2023-02-11 11:28:55.915+09	2022-12-18 21:31:35.463+09
56243	35	f	2024-01-03 23:14:30.194+09	2022-10-13 22:57:21.825+09
88264	36	t	2023-01-01 04:47:14.109+09	2022-08-12 06:16:22.763+09
57816	36	t	2024-01-04 00:53:08.133+09	2022-07-22 22:53:56.557+09
87363	36	t	2023-08-03 13:37:56.682+09	2022-12-20 08:51:27.628+09
85343	37	t	2022-11-13 07:22:30.289+09	2022-05-26 17:08:28.719+09
66417	37	t	2023-02-10 18:32:01.644+09	2022-05-20 08:01:46.656+09
75605	37	f	2023-06-20 06:40:33.829+09	2022-05-15 22:11:11.057+09
54843	37	f	2023-03-10 11:23:33.676+09	2022-04-03 09:04:41.385+09
73132	37	t	2023-10-14 00:22:24.632+09	2022-09-01 05:29:22.467+09
46152	37	f	2023-02-10 22:14:32.614+09	2022-07-07 06:45:00.817+09
25731	37	t	2023-02-11 00:16:53.82+09	2022-05-31 16:00:45.821+09
49892	37	t	2023-04-14 05:14:56.014+09	2022-09-13 19:26:11.634+09
78364	37	f	2023-11-23 09:31:44.39+09	2022-10-21 04:57:54+09
71077	37	t	2023-06-10 01:50:02.502+09	2022-09-10 12:44:04.533+09
68042	38	t	2022-11-26 22:18:15.656+09	2022-12-21 12:31:31.95+09
43248	38	t	2023-02-11 07:04:24.988+09	2022-09-04 14:32:29.071+09
43688	39	t	2023-01-11 00:03:21.334+09	2022-08-20 13:30:09.533+09
98462	39	t	2023-08-06 18:09:46.313+09	2023-01-20 21:08:42.825+09
19784	39	f	2023-02-10 17:10:32.4+09	2022-10-22 02:35:14.066+09
95854	39	t	2023-02-11 14:01:59.892+09	2022-12-11 18:01:29.135+09
63858	39	f	2023-05-25 06:00:41.316+09	2022-05-30 22:40:11.395+09
48054	39	t	2023-11-17 00:26:35.614+09	2022-10-04 08:52:33.341+09
66913	40	t	2023-01-27 09:54:51.322+09	2022-06-03 04:24:50.701+09
83745	40	f	2023-11-17 21:32:18.197+09	2022-05-15 11:24:21.746+09
19350	40	f	2023-09-21 08:34:17.701+09	2022-04-27 22:10:18.389+09
30610	40	t	2023-03-14 08:33:19.156+09	2022-04-11 18:04:09.392+09
12566	40	t	2023-02-10 20:50:33.294+09	2022-11-20 14:07:07.8+09
69733	40	t	2023-12-13 15:50:36.12+09	2022-09-10 22:21:05.369+09
88264	41	t	2022-05-13 12:18:30.809+09	2022-05-11 05:05:01.196+09
84577	41	t	2023-02-11 02:09:28.943+09	2022-12-13 12:00:48.13+09
32327	42	t	2022-10-29 01:46:08.071+09	2022-05-24 17:52:31.552+09
62860	42	f	2023-02-11 12:12:33.081+09	2023-01-09 19:58:09.463+09
27344	42	f	2023-02-11 05:07:04.648+09	2022-10-29 21:32:03.181+09
77286	43	t	2022-08-18 19:24:33.447+09	2022-05-02 15:09:29.395+09
19788	43	t	2024-01-28 13:28:43.114+09	2022-11-19 08:43:59.093+09
34794	43	t	2023-07-11 20:13:24.382+09	2022-03-17 04:46:12.979+09
73132	43	t	2023-11-15 04:08:32.418+09	2022-07-15 16:00:24.449+09
95867	43	t	2023-02-10 22:18:45.51+09	2022-07-08 16:44:09.038+09
36846	43	t	2023-02-10 15:18:07.369+09	2022-11-14 01:10:06.029+09
18478	43	f	2023-02-11 05:48:52.332+09	2022-09-03 18:12:31.007+09
95988	44	t	2022-07-29 13:24:18.216+09	2022-10-31 18:29:10.464+09
62778	44	t	2023-06-19 01:39:46.605+09	2022-06-07 11:39:10.404+09
25977	44	f	2023-10-28 02:01:30.877+09	2022-11-18 13:06:59.38+09
37035	44	t	2023-09-26 11:29:23.995+09	2022-07-03 13:29:30.47+09
69196	44	f	2023-02-11 09:35:29.908+09	2022-12-16 13:03:38.563+09
29034	44	t	2023-02-11 08:45:31.336+09	2022-08-18 08:00:15.29+09
30558	44	f	2023-12-17 13:01:05.399+09	2022-04-25 14:35:16.436+09
31255	45	t	2023-02-07 16:58:37.669+09	2023-02-05 01:24:19.542+09
59322	45	t	2023-04-19 19:28:12.67+09	2022-08-11 04:07:53.081+09
89439	46	t	2022-12-05 04:32:28.243+09	2022-05-16 18:08:27.768+09
68042	46	t	2023-07-19 19:33:31.413+09	2022-03-05 20:09:20.562+09
37035	47	t	2022-10-23 11:56:26.009+09	2022-04-12 03:44:50.071+09
78572	47	f	2023-12-23 17:29:59.292+09	2022-08-31 00:46:22.761+09
97738	47	t	2023-12-01 14:01:48.411+09	2022-06-16 08:22:12.277+09
82633	47	f	2024-01-14 09:28:03.804+09	2022-09-19 03:17:24.711+09
24153	48	t	2022-06-09 10:13:02.888+09	2022-04-15 02:32:50.611+09
39284	48	f	2023-03-17 13:51:49.976+09	2022-06-06 00:08:57.147+09
31255	49	t	2022-12-11 05:58:55.493+09	2022-09-28 14:29:53.501+09
49644	49	f	2023-02-11 10:08:56.268+09	2023-01-19 11:54:07.152+09
53834	49	t	2023-05-29 10:03:45.749+09	2022-12-29 05:41:18.393+09
19024	49	t	2023-03-12 12:27:23.275+09	2022-03-18 15:27:54.255+09
33143	49	f	2023-02-10 20:13:00.462+09	2022-12-28 11:34:06.016+09
36846	49	f	2023-02-11 02:54:13.73+09	2023-02-06 23:12:45.671+09
73910	49	f	2023-02-10 15:03:42.517+09	2022-05-02 02:10:31.704+09
22051	49	t	2023-02-10 19:50:28.116+09	2022-03-26 15:08:49.093+09
46504	49	t	2023-02-10 23:16:48.489+09	2022-12-21 22:45:44.274+09
70761	49	t	2023-02-10 23:36:43.649+09	2022-05-04 05:34:52.986+09
62481	50	t	2022-06-26 02:41:58.414+09	2022-06-14 06:51:41.848+09
29047	50	t	2023-08-17 03:27:53.271+09	2022-03-14 16:48:42.276+09
45271	50	f	2023-02-11 06:32:11.364+09	2022-08-19 04:54:32.328+09
72264	50	t	2023-03-21 19:34:42.439+09	2022-03-23 20:21:24.067+09
46504	50	t	2023-12-13 13:46:33.355+09	2022-11-20 10:31:03.197+09
80241	50	f	2023-04-10 09:31:22.264+09	2022-06-18 21:05:46.516+09
99141	50	t	2023-02-11 11:14:45.283+09	2023-01-12 02:38:23.754+09
95854	50	f	2023-02-10 18:07:10.903+09	2022-05-26 14:20:43.056+09
77808	50	t	2023-02-10 20:12:44.252+09	2022-09-15 05:22:25.859+09
78572	50	t	2023-02-11 00:48:41.028+09	2022-11-16 11:33:15.004+09
53996	51	t	2022-05-11 09:20:53.103+09	2022-08-31 13:23:06.303+09
66127	51	t	2023-02-10 22:57:22.098+09	2022-06-07 00:32:17.951+09
21282	52	t	2022-11-09 15:11:53.929+09	2022-07-05 10:02:19.933+09
97112	52	t	2023-02-11 07:21:30.65+09	2022-12-18 11:14:56.391+09
97112	53	t	2022-12-15 14:39:42.94+09	2022-07-30 12:40:43.322+09
64090	53	f	2023-02-10 20:33:27.047+09	2022-12-20 22:29:35.315+09
32750	53	t	2023-09-18 01:00:59.969+09	2022-10-22 02:27:47.389+09
77286	53	f	2023-02-10 19:44:28.064+09	2022-06-21 19:50:10.715+09
44609	53	t	2023-10-18 05:57:46.006+09	2022-03-08 02:53:24.322+09
20129	53	t	2023-06-26 17:43:19.57+09	2022-10-04 16:11:48.129+09
84529	53	f	2023-02-10 19:23:37.202+09	2023-01-06 23:53:41.025+09
88710	54	t	2023-01-16 17:53:16.332+09	2022-03-18 22:58:17.904+09
49644	54	f	2023-09-27 17:53:16.478+09	2022-10-02 10:21:36.683+09
29550	54	f	2023-02-11 08:08:30.86+09	2022-05-01 12:33:01.288+09
19278	54	t	2023-02-11 06:19:47.686+09	2022-05-17 16:18:27.86+09
93453	54	f	2023-02-10 17:22:03.162+09	2023-02-08 23:24:03.688+09
93189	54	t	2023-09-10 05:27:33.765+09	2022-06-27 04:12:14.863+09
20129	54	t	2023-02-11 05:04:36.179+09	2022-06-14 12:31:10.675+09
86185	54	t	2023-08-19 16:53:10.255+09	2022-10-04 08:18:42.562+09
42951	55	t	2022-03-01 08:06:23.139+09	2022-02-14 20:04:17.713+09
49892	55	t	2023-02-10 19:22:00.472+09	2023-01-29 20:38:21.789+09
49644	55	f	2023-02-10 19:18:26.071+09	2022-10-12 06:49:49.945+09
32750	55	t	2023-11-28 15:14:57.596+09	2022-09-09 11:00:48.386+09
71151	55	f	2023-02-11 06:32:07.863+09	2023-01-22 01:52:58.137+09
70761	55	f	2023-07-31 20:26:56.496+09	2022-06-20 14:02:31.84+09
20997	55	t	2023-02-10 20:33:38.978+09	2022-02-22 19:44:53.21+09
77808	55	f	2023-03-03 13:04:23.196+09	2022-12-15 12:04:28.303+09
43688	55	f	2023-02-10 23:17:39.788+09	2022-02-25 08:54:54.292+09
48054	56	t	2022-07-24 06:48:05.548+09	2022-10-09 21:53:35.346+09
12371	56	f	2023-02-10 20:15:14.7+09	2022-06-21 13:30:56.405+09
59521	57	t	2022-12-21 13:10:11.387+09	2022-06-02 00:22:07.428+09
95866	57	f	2023-02-10 21:48:31.067+09	2022-02-28 12:52:08.89+09
24760	57	f	2024-02-06 04:28:41.934+09	2022-12-23 04:48:22.289+09
27344	57	f	2023-02-10 17:11:53.407+09	2022-05-25 12:22:17.644+09
74261	58	t	2022-09-09 10:10:02.088+09	2022-09-08 11:59:14.467+09
94673	58	f	2023-08-27 03:29:58.098+09	2022-07-11 00:52:17.899+09
73132	58	f	2023-10-17 07:01:49.867+09	2022-11-29 06:30:32.864+09
46504	58	f	2023-07-10 22:20:46.674+09	2022-08-02 10:17:14.28+09
70059	59	t	2022-11-26 08:15:01.197+09	2022-06-14 19:50:53.1+09
31255	59	f	2023-02-10 19:21:26.852+09	2022-08-11 04:06:02.473+09
52847	59	t	2023-02-11 04:37:20.203+09	2022-06-27 18:20:25.028+09
50897	59	t	2024-01-30 13:07:23.124+09	2022-06-26 14:31:53.622+09
34849	59	f	2023-02-11 09:36:16.494+09	2022-11-15 04:17:52.33+09
31255	60	t	2023-01-18 02:22:40.388+09	2022-10-07 23:58:54.35+09
66417	60	t	2023-02-11 08:18:07.867+09	2022-06-01 14:37:22.895+09
56420	60	t	2023-12-04 13:46:51.091+09	2022-08-08 19:13:14.831+09
24711	60	t	2023-02-11 13:48:23.083+09	2022-10-28 07:13:15.669+09
72264	60	t	2023-10-06 21:49:39.624+09	2022-11-07 21:59:37.908+09
97738	60	f	2023-02-11 07:04:32.04+09	2022-09-08 19:31:38.887+09
99365	61	t	2022-07-26 00:03:45.17+09	2022-10-06 17:33:31.011+09
53996	61	f	2023-11-08 05:53:41.901+09	2023-01-17 12:12:26.582+09
37212	62	t	2022-05-29 03:33:32.399+09	2022-03-07 15:35:32.596+09
25160	62	t	2023-09-05 16:11:54.465+09	2022-11-20 16:14:37.515+09
57159	63	t	2022-06-22 05:37:40.881+09	2022-03-10 10:42:49.274+09
18848	63	f	2023-02-10 17:56:28.879+09	2022-03-29 20:41:46.077+09
74261	63	f	2023-03-25 04:33:11.253+09	2023-01-25 01:11:27.066+09
89439	63	t	2023-02-11 13:33:46.657+09	2022-07-09 18:30:48.728+09
45921	63	t	2023-07-14 19:49:18.391+09	2022-12-02 08:25:20.002+09
79192	63	t	2023-02-11 07:35:16.031+09	2022-08-14 17:02:12.282+09
42069	63	t	2023-02-11 01:34:10.09+09	2022-12-31 17:35:43.329+09
84041	63	f	2023-03-01 04:46:30.419+09	2022-09-22 17:19:48.821+09
62916	64	t	2022-11-25 20:48:51.926+09	2022-09-29 03:41:27.18+09
88710	64	t	2023-11-06 15:48:25.388+09	2022-10-20 13:21:20.872+09
21282	64	f	2023-06-08 22:38:10.454+09	2022-09-28 12:48:44.423+09
70059	65	t	2023-01-11 07:38:38.612+09	2022-09-17 06:31:30.623+09
42294	65	t	2023-02-11 11:07:56.51+09	2022-04-29 00:23:40.568+09
51146	65	f	2023-02-11 05:34:29.03+09	2022-08-29 13:22:04.443+09
38809	65	f	2023-05-18 17:01:39.773+09	2022-07-07 02:41:31.652+09
12628	65	t	2023-02-11 08:47:28.943+09	2022-03-16 23:15:12.175+09
69302	66	t	2022-09-20 01:17:30.373+09	2023-01-30 23:47:08.864+09
60813	66	t	2023-09-05 05:35:02.639+09	2023-01-30 10:29:39.38+09
19784	67	t	2022-03-30 06:04:37.352+09	2023-01-24 04:19:35.896+09
92685	67	t	2023-10-04 11:57:48.726+09	2022-06-25 15:25:49.998+09
34438	67	f	2024-01-17 04:39:48.295+09	2022-11-16 22:30:20.767+09
39284	68	t	2022-09-12 08:16:32.015+09	2022-06-15 13:51:29.604+09
30610	68	t	2023-02-10 21:27:10.147+09	2022-09-21 02:47:27.439+09
61086	68	t	2023-02-10 23:21:06.305+09	2022-04-29 10:27:18.783+09
29034	68	t	2023-12-06 02:10:39.672+09	2022-03-17 07:54:13.952+09
74261	69	t	2022-11-05 04:22:01.586+09	2022-10-08 12:16:12.205+09
77808	69	t	2023-10-30 23:35:57.975+09	2022-02-12 00:08:49.548+09
89439	70	t	2022-08-15 06:57:38.801+09	2022-12-12 07:12:36.624+09
15112	70	t	2023-02-12 00:01:49.108+09	2022-04-09 01:36:24.878+09
39675	70	t	2023-02-11 11:04:27.261+09	2022-10-28 05:43:08.897+09
89779	70	t	2023-02-11 12:48:21.738+09	2022-08-08 13:42:55.697+09
80786	70	f	2023-02-10 20:56:16.143+09	2022-11-21 00:09:41.54+09
41407	70	t	2023-03-25 13:40:54.724+09	2022-05-23 21:16:35.625+09
33143	70	t	2023-02-11 03:47:32.71+09	2022-08-19 10:05:32.26+09
66417	71	t	2022-11-18 21:28:20.202+09	2022-04-28 20:53:58.682+09
69390	71	f	2023-06-25 09:20:25.713+09	2022-05-05 15:10:03.185+09
74786	72	t	2022-10-08 08:59:26.058+09	2022-04-10 23:34:37.728+09
56420	72	t	2023-11-03 04:00:42.303+09	2022-11-17 03:06:24.819+09
17124	72	f	2023-08-16 23:28:36.64+09	2022-09-19 13:54:21.392+09
58385	72	t	2023-02-11 00:57:02.904+09	2022-11-26 16:55:27.046+09
20129	72	f	2023-02-10 17:54:32.251+09	2023-01-20 04:18:02.596+09
38727	72	f	2023-02-11 14:51:40.228+09	2022-07-11 11:57:00.853+09
74885	72	t	2023-02-11 01:27:59.994+09	2022-12-15 15:18:42.842+09
52863	72	f	2023-10-30 01:53:20.425+09	2022-03-27 12:51:24.038+09
34849	72	f	2023-10-19 12:32:54.393+09	2022-11-22 11:19:52.734+09
59521	73	t	2022-07-01 01:11:21.234+09	2022-03-03 06:39:50.974+09
89779	73	t	2023-08-11 11:14:59.468+09	2022-08-08 10:39:57.011+09
76684	73	t	2023-02-11 08:41:16.961+09	2022-11-16 12:28:37.706+09
84318	73	t	2023-02-10 19:00:13.484+09	2022-12-02 14:06:57.656+09
87618	73	t	2023-07-23 14:19:35.107+09	2022-07-17 09:30:59.363+09
59399	73	t	2023-02-11 14:01:13.728+09	2022-06-26 19:07:45.237+09
25834	74	t	2022-09-21 06:29:46.593+09	2022-11-05 16:04:36.132+09
32750	74	t	2023-02-11 04:25:01.577+09	2022-09-05 22:33:50.913+09
89779	74	t	2023-02-11 06:57:32.209+09	2022-04-14 20:40:15.199+09
73997	74	f	2023-02-11 07:28:35.646+09	2022-08-13 01:59:52.689+09
79037	74	f	2023-02-11 14:24:10.734+09	2022-03-12 03:35:48.896+09
27995	74	f	2023-05-25 01:28:34.202+09	2022-11-28 18:17:30.612+09
46898	74	t	2023-11-02 23:42:20.256+09	2022-04-11 12:20:37.836+09
82201	74	t	2023-08-07 11:33:12.658+09	2022-10-28 02:45:45.207+09
47896	75	t	2022-03-28 05:03:44.208+09	2022-04-24 14:48:03.528+09
36862	75	t	2023-02-10 21:44:53.228+09	2022-07-25 15:18:18.286+09
90684	75	t	2023-08-17 08:08:50.563+09	2022-02-22 07:02:11.683+09
56243	75	f	2023-05-12 04:22:20.734+09	2022-09-29 09:15:58.165+09
59521	75	t	2023-02-10 18:35:45.118+09	2022-11-25 19:27:44.251+09
23170	75	f	2023-02-11 11:50:35.432+09	2022-10-22 01:32:01.774+09
22114	75	t	2023-02-11 04:39:32.876+09	2023-01-21 19:28:14.095+09
38727	75	f	2023-08-06 22:04:48.064+09	2022-11-01 05:37:33.04+09
45271	76	t	2022-07-15 12:31:23.776+09	2022-12-21 12:05:19.574+09
85343	76	f	2023-02-10 19:06:34.503+09	2022-11-07 08:11:18.089+09
70761	77	t	2022-04-10 04:01:00.221+09	2022-09-18 20:30:59.585+09
78018	77	f	2023-02-14 03:29:35.922+09	2022-04-17 07:27:46.479+09
61086	77	f	2023-07-26 22:14:03.915+09	2022-06-15 02:53:01.224+09
62916	77	f	2023-02-11 11:56:45.779+09	2022-09-16 10:16:28.884+09
48054	77	f	2023-02-11 10:46:58.211+09	2023-01-21 09:56:58.727+09
66282	77	t	2023-10-17 13:49:22.943+09	2022-07-24 04:44:23.431+09
15402	77	f	2023-11-15 04:22:50.653+09	2022-06-22 22:06:12.566+09
17967	77	f	2023-03-05 04:46:36.351+09	2023-02-10 06:57:25.057+09
73132	77	f	2023-02-11 14:38:52.623+09	2022-10-08 02:00:39.047+09
36472	77	f	2023-03-28 19:12:12.723+09	2022-11-17 03:20:33.346+09
39284	78	t	2023-01-21 12:03:49.445+09	2022-12-15 16:50:46.64+09
99615	78	f	2023-02-11 09:05:12.541+09	2022-03-03 14:39:52.783+09
19784	78	t	2023-03-23 20:17:37.537+09	2022-05-28 04:06:24.631+09
42951	79	t	2022-11-20 20:27:39.157+09	2023-02-08 18:46:09.287+09
23673	79	f	2023-04-30 14:31:47.225+09	2022-11-17 09:00:54.408+09
46006	79	f	2023-12-14 23:55:39.95+09	2022-03-20 16:15:52.695+09
57159	79	f	2023-02-11 02:24:05.975+09	2022-04-30 12:14:11.932+09
94673	79	f	2023-02-11 01:43:32.312+09	2022-03-05 16:41:11.904+09
39076	79	f	2023-10-25 21:45:23.288+09	2023-01-05 13:08:36.354+09
66127	80	t	2022-10-04 18:50:04.716+09	2022-12-27 20:13:31.693+09
18478	80	t	2023-02-11 13:47:55.978+09	2022-03-15 04:44:35.597+09
70059	80	t	2023-12-23 03:50:25.155+09	2022-06-29 04:21:36.326+09
83410	80	f	2023-02-10 23:17:58.076+09	2022-07-16 17:32:57.104+09
69273	80	t	2023-02-11 04:29:04.756+09	2022-05-21 23:46:24.893+09
24711	80	t	2023-12-26 09:25:56.493+09	2022-02-15 14:34:02.25+09
25834	81	t	2022-11-16 16:50:32.607+09	2022-02-14 04:22:47.807+09
99253	81	f	2023-02-10 17:42:27.564+09	2022-10-27 14:49:17.495+09
37485	81	f	2023-02-11 13:35:22.916+09	2022-12-23 10:42:58.421+09
46646	81	f	2023-02-10 17:16:55.168+09	2022-09-05 05:33:34.337+09
88710	81	t	2023-02-11 06:25:40.899+09	2022-07-08 17:07:02.852+09
52863	81	t	2023-02-11 05:15:46.815+09	2022-04-24 01:53:20.25+09
42294	81	f	2023-02-11 02:08:01.858+09	2023-01-22 10:33:32.209+09
37212	82	t	2022-12-04 12:49:21.342+09	2022-03-02 13:35:36.566+09
71404	82	f	2023-02-10 21:09:03.196+09	2022-04-04 05:17:41.798+09
25834	82	t	2023-11-24 20:54:58.88+09	2022-07-13 00:46:50.12+09
43688	82	t	2023-03-08 09:31:40.629+09	2022-07-25 21:39:17.904+09
23323	82	t	2023-02-10 21:33:53.561+09	2022-09-14 09:06:27.92+09
49870	82	t	2023-10-28 05:25:46.573+09	2022-08-24 01:29:35.588+09
48054	82	t	2023-10-25 19:30:36.045+09	2022-11-24 21:21:49.495+09
25160	82	t	2023-04-05 09:22:47.562+09	2022-05-26 20:59:18.312+09
53996	82	t	2023-02-11 13:25:53.369+09	2022-03-16 20:58:49.752+09
20997	82	t	2023-02-11 01:18:28.734+09	2023-01-14 03:52:10.656+09
84211	83	t	2022-03-20 16:16:54.461+09	2022-05-10 04:27:28.68+09
15929	83	f	2023-02-11 07:04:59.985+09	2023-01-28 18:00:38.943+09
57816	84	t	2022-05-01 05:14:38.171+09	2022-04-10 13:13:53.18+09
82201	84	t	2023-04-24 06:01:36.686+09	2022-07-27 05:31:02.585+09
16880	84	t	2023-10-31 18:34:14.8+09	2022-12-04 22:39:42.596+09
32750	84	t	2023-12-27 22:10:27.924+09	2022-11-25 06:34:02.305+09
99141	84	t	2023-02-11 02:37:13.786+09	2022-03-05 01:18:01.353+09
99383	84	f	2023-02-11 12:32:08.316+09	2022-02-12 00:03:28.921+09
74786	84	f	2023-02-10 17:21:02.455+09	2022-08-23 16:22:51.555+09
27479	84	f	2023-07-17 23:14:34.537+09	2022-04-07 12:37:06.695+09
22051	85	t	2022-06-19 20:46:42.614+09	2023-01-11 23:42:35.474+09
94862	85	t	2023-03-29 00:37:21.209+09	2022-10-30 10:17:11.73+09
16009	85	t	2023-02-14 21:12:55.672+09	2022-09-16 17:28:58.568+09
91853	85	f	2023-02-10 20:35:29.692+09	2022-08-11 11:48:23.946+09
36846	85	f	2023-08-20 10:33:31.663+09	2022-12-25 13:25:54.287+09
88905	85	t	2023-11-20 11:03:54.659+09	2022-07-17 01:43:19.46+09
19788	85	t	2023-02-10 23:58:02.761+09	2022-11-16 13:51:16.723+09
35188	86	t	2022-10-15 17:38:10.37+09	2022-11-09 07:00:21.988+09
43387	86	f	2023-02-11 13:30:39.967+09	2022-10-13 05:35:46.486+09
22114	86	t	2023-04-19 07:28:25.616+09	2022-12-20 23:02:08.353+09
99383	86	f	2023-04-17 01:06:57.789+09	2022-06-25 22:41:40.927+09
91853	87	t	2022-12-03 15:24:23.417+09	2022-05-10 18:21:12.645+09
37212	87	f	2023-02-10 15:42:43.142+09	2022-02-17 15:46:33.574+09
99253	87	f	2023-10-15 22:16:25.553+09	2022-09-05 18:07:06.973+09
64707	87	t	2024-02-09 10:05:15.032+09	2023-01-30 01:59:59.699+09
55181	88	t	2022-03-24 04:15:51.489+09	2022-08-30 11:31:16.377+09
24760	88	f	2024-01-02 22:34:17.633+09	2022-04-11 08:36:20.071+09
39076	88	t	2023-02-13 22:14:32.748+09	2022-09-23 13:08:38.214+09
79037	88	t	2023-09-13 07:12:20.402+09	2022-04-10 05:29:28.736+09
42704	88	f	2023-05-30 05:11:51.286+09	2022-04-28 09:20:31.692+09
43248	88	f	2023-11-12 18:40:58.752+09	2022-12-30 19:13:50.196+09
44825	88	f	2023-02-11 09:03:20.355+09	2022-04-23 21:12:59.775+09
65760	88	f	2023-11-07 02:27:32.149+09	2022-09-02 18:49:09.815+09
83745	88	f	2023-02-11 14:25:20.875+09	2023-02-04 04:48:40.796+09
50900	88	f	2023-02-11 03:03:24.741+09	2022-07-10 20:01:47.986+09
37212	89	t	2023-01-23 18:42:07.599+09	2022-07-20 05:52:06.402+09
22253	89	f	2023-08-27 23:24:42.804+09	2022-12-23 01:41:31.704+09
89439	90	t	2022-03-22 20:56:33.56+09	2022-11-21 02:03:25.131+09
44082	90	t	2023-02-11 08:32:48.753+09	2022-10-31 08:59:07.846+09
99615	90	f	2023-06-28 13:13:42.838+09	2022-08-25 10:15:04.829+09
28232	90	t	2023-07-24 20:29:37.037+09	2023-02-08 11:00:55.882+09
51165	90	t	2024-01-24 03:09:35.491+09	2022-07-15 15:40:53.24+09
39076	90	t	2024-01-22 11:35:30.19+09	2022-06-30 21:54:19.8+09
36532	90	f	2023-03-01 13:36:47.21+09	2022-12-24 14:59:33.759+09
27479	91	t	2022-11-22 19:40:20.425+09	2022-06-22 22:40:30.917+09
28232	91	f	2023-05-09 12:12:59.474+09	2022-04-28 17:19:59.093+09
97112	91	t	2023-07-25 00:35:42.033+09	2022-02-13 06:39:53.119+09
83745	91	t	2023-09-02 08:50:02.829+09	2022-11-12 02:56:05.286+09
80241	91	f	2023-02-10 20:08:16.942+09	2023-01-26 15:34:10.657+09
57346	92	t	2022-09-19 00:49:26.413+09	2022-08-21 07:17:10.287+09
19151	92	t	2023-09-01 12:43:57.329+09	2022-04-19 21:22:59.464+09
45271	93	t	2022-06-11 09:28:30.421+09	2022-06-13 00:41:56.586+09
55181	93	f	2023-02-15 15:16:18.543+09	2022-12-02 20:17:36.167+09
57159	94	t	2022-11-09 20:56:32.378+09	2022-11-10 03:51:22.518+09
43688	94	f	2023-02-11 03:30:15.528+09	2022-07-07 00:23:10.405+09
99141	95	t	2022-12-04 06:13:37.836+09	2022-05-13 10:58:05.971+09
57816	95	t	2023-02-11 09:19:38.029+09	2022-12-23 04:11:08.68+09
25486	95	f	2023-02-10 21:18:54.136+09	2022-09-17 15:01:59.023+09
71404	95	t	2023-04-15 21:45:24.695+09	2022-11-12 07:38:12.163+09
25402	95	f	2023-02-11 14:26:28.245+09	2022-11-25 17:39:46.73+09
73910	95	t	2023-02-11 01:11:07.296+09	2022-04-19 11:49:50.836+09
22051	95	t	2024-01-27 23:26:39.351+09	2022-03-07 12:56:27.382+09
24760	95	f	2023-11-26 15:58:07.057+09	2022-03-31 20:33:35.463+09
95854	95	t	2023-02-11 14:51:14.485+09	2022-07-05 05:58:31.826+09
19151	96	t	2022-07-31 05:44:00.004+09	2022-05-17 15:48:52.83+09
46504	96	t	2023-09-26 10:46:46.418+09	2022-03-23 14:58:30.413+09
18478	96	t	2023-02-11 08:19:10.339+09	2022-08-14 18:55:36.35+09
36472	96	f	2023-02-10 17:25:50.196+09	2022-04-03 01:45:59.545+09
66417	96	t	2023-05-18 06:32:52.527+09	2023-01-11 13:01:21.049+09
66913	97	t	2022-04-09 03:27:44.43+09	2022-04-04 02:14:31.129+09
47281	97	f	2023-02-11 09:02:52.316+09	2022-10-13 01:26:23.536+09
64090	97	t	2023-02-10 20:14:20.575+09	2022-07-21 16:02:18.638+09
46898	97	t	2023-02-11 11:02:14.402+09	2022-07-16 01:29:17.197+09
19788	97	f	2023-02-11 09:44:57.484+09	2022-08-11 05:29:28.711+09
71077	98	t	2022-11-20 19:00:08.149+09	2022-04-01 01:56:50.455+09
16375	98	t	2023-10-14 16:39:06.109+09	2022-02-20 19:26:53.359+09
19278	98	f	2024-01-18 22:37:09.735+09	2022-09-13 12:27:59.502+09
84318	98	f	2024-01-29 13:03:24.816+09	2022-08-17 23:54:34.183+09
99141	99	t	2022-10-30 20:52:23.125+09	2023-01-30 17:10:59.91+09
44082	99	t	2024-01-09 17:11:50.929+09	2022-05-24 13:26:01.791+09
56705	99	f	2023-03-30 22:28:54.089+09	2022-05-10 04:57:01.655+09
37212	100	t	2022-12-29 08:19:22.329+09	2022-11-04 08:10:20.965+09
15112	100	f	2023-12-18 18:02:22.757+09	2023-01-17 09:13:02.49+09
36862	100	f	2023-03-18 19:44:06.048+09	2022-10-26 10:36:48.522+09
34794	100	t	2023-02-11 05:16:45.579+09	2022-02-16 23:37:52.307+09
29751	100	f	2023-02-10 19:55:30.051+09	2022-03-19 21:40:02.963+09
\.


--
-- Data for Name: channels; Type: TABLE DATA; Schema: public; Owner: test_user
--

COPY public.channels (channel_id, owner_id, dm_peer_id, name, member_count, access_mode, password, modified_at) FROM stdin;
1	91853	\N	Aliyah	5	public	\N	2022-06-02 13:21:44.321+09
2	12371	\N	Aubree	10	public	\N	2022-02-26 20:06:12.506+09
3	66913	\N	Waylon	8	public	\N	2022-03-10 08:43:49.313+09
4	42704	88710	Fleta	2	private	\N	2022-11-22 07:55:37.983+09
5	41863	25834	Ramona	2	private	\N	2022-07-01 22:06:04.204+09
6	61086	\N	Katarina	4	public	\N	2022-05-30 21:34:19.444+09
7	19784	\N	Grady	7	protected	\\x4750574c475168523675464a5a3436	2022-03-26 19:19:51.306+09
8	88264	\N	Leda	4	public	\N	2022-02-15 03:30:22.021+09
9	21282	\N	Kayley	8	public	\N	2022-03-18 07:41:03.112+09
10	91853	\N	Damaris	4	protected	\\x344d586f76685a74307270317a5f79	2022-10-17 06:29:41.079+09
11	73538	\N	Francesco	4	private	\N	2022-10-17 11:10:39.692+09
12	46006	\N	Haskell	6	private	\N	2022-05-25 19:43:36.717+09
13	19024	\N	Ellis	2	public	\N	2022-12-22 19:01:49.026+09
14	35488	\N	Margret	3	protected	\\x5252696433797234564879596f476e	2022-02-20 10:10:02.63+09
15	59521	\N	Mireille	2	private	\N	2023-01-19 14:52:27.128+09
16	62916	\N	Solon	5	protected	\\x454e316f6770456d75576652793145	2022-02-26 07:07:34.413+09
17	37077	\N	Kenton	5	protected	\\x4a39457261624f4468303533534352	2022-07-20 23:11:12.266+09
18	57816	\N	Shane	2	protected	\\x3078656764486441414a44736e7149	2022-08-16 07:22:37.955+09
19	45271	\N	Adam	9	protected	\\x44496a4e6f53664d3474395f38554d	2023-01-25 02:55:28.589+09
20	41863	\N	Donny	8	public	\N	2022-12-14 14:39:36.081+09
21	66541	71077	Robert	2	private	\N	2022-04-02 05:16:45.31+09
22	48054	\N	Mikayla	8	public	\N	2022-07-26 02:36:01.499+09
23	57346	\N	Gwendolyn	7	public	\N	2022-03-31 03:17:02.325+09
24	43248	\N	Marielle	10	public	\N	2022-07-21 07:40:11.681+09
25	25977	37035	Dante	2	private	\N	2022-04-06 10:27:18.842+09
26	34438	\N	Una	3	protected	\\x795777765658477773744c33455069	2022-07-22 15:56:46.957+09
27	46006	57816	Whitney	2	private	\N	2022-10-07 08:40:04.692+09
28	88264	\N	Hulda	5	private	\N	2022-10-27 18:43:30.356+09
29	31255	\N	Erica	9	public	\N	2022-06-05 04:57:03.366+09
30	52409	\N	Michale	5	protected	\\x5732784f38414e756b554a47374351	2023-02-07 22:03:52.821+09
31	71404	\N	Gerry	7	private	\N	2022-07-26 07:54:02.524+09
32	64090	\N	Felton	6	protected	\\x455a45686e445a564156616839454b	2022-11-11 04:01:12.172+09
33	30558	22051	Lina	2	private	\N	2022-10-18 09:10:42.057+09
34	74261	\N	Clark	7	public	\N	2022-02-13 14:12:41.671+09
35	55181	\N	Douglas	10	protected	\\x61565f7736376174664f6b36696257	2022-07-24 04:50:17.523+09
36	88264	\N	Kailey	3	protected	\\x38385f62507a6179665051494a5051	2022-06-26 00:55:20.264+09
37	85343	\N	Kevon	10	public	\N	2022-09-06 13:13:30.042+09
38	68042	43248	Neva	2	private	\N	2022-04-30 01:36:21.056+09
39	43688	\N	Cordia	6	private	\N	2022-02-28 12:45:16.105+09
40	66913	\N	Connie	6	protected	\\x4443345a425458505777465343774a	2022-10-20 19:28:34.474+09
41	88264	\N	Lera	2	public	\N	2022-05-26 22:32:58.347+09
42	32327	\N	Harmony	3	public	\N	2022-12-14 16:42:13.013+09
43	77286	\N	Jaren	7	public	\N	2022-12-14 00:57:22.089+09
44	95988	\N	Favian	7	public	\N	2022-09-30 13:55:57.844+09
45	31255	59322	Demetris	2	private	\N	2022-07-16 15:48:53.543+09
46	89439	68042	Hudson	2	private	\N	2022-05-23 16:43:20.692+09
47	37035	\N	Lavada	4	public	\N	2022-04-01 10:31:10.143+09
48	24153	39284	Kory	2	private	\N	2023-01-26 18:27:15.682+09
49	31255	\N	Keegan	10	protected	\\x6554323766346c4351494c4f6c3348	2022-05-30 10:30:49.271+09
50	62481	\N	Alanis	10	public	\N	2022-07-11 08:06:50.952+09
51	53996	66127	Shaniya	2	private	\N	2022-11-24 13:33:36.05+09
52	21282	\N	Clifton	2	private	\N	2022-11-21 11:49:15.95+09
53	97112	\N	Brady	7	public	\N	2022-06-23 00:54:38.215+09
54	88710	\N	Jensen	8	protected	\\x626c334a37794e776e795f59525a67	2022-06-21 15:17:55.229+09
55	42951	\N	Oma	9	public	\N	2022-11-05 23:10:17.128+09
56	48054	12371	Antone	2	private	\N	2022-11-13 06:09:08.005+09
57	59521	\N	Francis	4	public	\N	2022-11-15 06:00:01.153+09
58	74261	\N	Gabe	4	public	\N	2022-06-23 19:14:24.663+09
59	70059	\N	Reanna	5	public	\N	2022-09-12 05:39:35.373+09
60	31255	\N	Joel	6	private	\N	2022-12-08 21:17:51.001+09
61	99365	53996	Mason	2	private	\N	2022-09-11 23:19:58.741+09
62	37212	25160	Brooks	2	private	\N	2022-11-17 18:41:43.705+09
63	57159	\N	Mozell	8	protected	\\x3577646574366172457a4e50513046	2022-08-14 11:41:26.937+09
64	62916	\N	Freda	3	public	\N	2022-12-28 18:55:39.584+09
65	70059	\N	Jerrell	5	public	\N	2023-02-10 08:37:16.772+09
66	69302	\N	Wilfred	2	protected	\\x726f72784249516c376e6c3736514a	2022-10-27 00:09:42.996+09
67	19784	\N	Rosalinda	3	public	\N	2022-04-25 22:47:25.545+09
68	39284	\N	Kellie	4	protected	\\x796242414d45586b6d6f49384b4c77	2022-09-12 09:53:57.297+09
69	74261	77808	Jessyca	2	private	\N	2022-08-19 01:54:26.955+09
70	89439	\N	Christian	7	public	\N	2022-03-17 06:06:31.554+09
71	66417	\N	Kenna	2	public	\N	2022-08-28 14:07:09.143+09
72	74786	\N	Ransom	9	public	\N	2022-03-21 04:47:27.995+09
73	59521	\N	Veda	6	protected	\\x4a766a6b5164564f41536859584f4d	2022-04-18 04:48:08.066+09
74	25834	\N	Gregoria	8	public	\N	2022-09-24 22:23:30.825+09
75	47896	\N	Fatima	8	private	\N	2022-08-14 13:08:33.017+09
76	45271	85343	Sherwood	2	private	\N	2022-11-23 12:34:50.46+09
77	70761	\N	Athena	10	private	\N	2022-11-29 03:17:12.285+09
78	39284	\N	Eden	3	public	\N	2022-11-13 08:54:07.395+09
79	42951	\N	Earline	6	private	\N	2022-11-30 19:56:14.106+09
80	66127	\N	Akeem	6	public	\N	2022-06-11 12:03:49.455+09
81	25834	\N	Alexandre	7	protected	\\x7339305272527a3268613962424774	2022-05-04 20:52:51.096+09
82	37212	\N	Rodrigo	10	public	\N	2022-12-17 23:08:30.224+09
83	84211	15929	Alexandro	2	private	\N	2023-01-22 09:07:46.191+09
84	57816	\N	Orval	8	public	\N	2022-09-26 07:31:37.13+09
85	22051	\N	Zelma	7	public	\N	2022-10-24 12:27:13.312+09
86	35188	\N	Damian	4	protected	\\x626530565f516f485761794b324836	2022-12-26 15:43:31.067+09
87	91853	\N	Izabella	4	protected	\\x567a366a367a414474307956426e6a	2022-05-28 13:43:27.212+09
88	55181	\N	Justina	10	protected	\\x456e78757a7371365f486a4a667338	2022-08-13 17:31:49.802+09
89	37212	22253	Kobe	2	private	\N	2022-08-28 10:57:33.321+09
90	89439	\N	Hazel	7	private	\N	2022-10-30 19:30:34.96+09
91	27479	\N	Aurelio	5	protected	\\x30394d74436f497169774a6f516445	2022-07-24 03:12:18.045+09
92	57346	19151	Giovani	2	private	\N	2022-03-23 18:06:03.591+09
93	45271	55181	Christop	2	private	\N	2022-07-06 23:44:43.419+09
94	57159	43688	Orin	2	private	\N	2023-01-20 20:24:10.468+09
95	99141	\N	Hope	9	private	\N	2022-05-10 20:28:40.199+09
96	19151	\N	Colt	5	private	\N	2022-05-27 02:35:29.359+09
97	66913	\N	Thelma	5	private	\N	2022-06-08 09:30:15.103+09
98	71077	\N	Maude	4	public	\N	2022-08-03 00:16:43.233+09
99	99141	\N	Haylee	3	private	\N	2022-12-02 18:44:28.957+09
100	37212	\N	Lily	5	protected	\\x6b37534448323174536d535a633638	2022-12-30 14:19:44.526+09
\.


--
-- Data for Name: friends; Type: TABLE DATA; Schema: public; Owner: test_user
--

COPY public.friends (sender_id, receiver_id, is_accepted) FROM stdin;
47281	22582	f
36532	47281	t
58746	48379	t
22582	58746	t
69273	36532	t
22582	69273	f
39076	84529	f
62860	39076	t
20129	17310	f
84529	20129	t
78572	62860	f
84529	78572	t
59895	95854	f
98462	59895	f
66282	78018	t
95854	66282	t
70986	98462	f
95854	70986	t
36862	46284	t
20997	36862	t
99383	38727	t
46284	99383	f
52863	20997	t
46284	52863	f
35137	38809	t
79029	35137	t
49892	73997	t
38809	49892	t
57616	79029	t
38809	57616	t
97738	84318	f
12628	97738	f
24711	92685	t
84318	24711	t
15112	12628	f
84318	15112	f
96126	46614	f
11219	96126	t
93568	61043	f
46614	93568	f
46152	11219	f
46614	46152	t
33143	52608	t
44082	33143	t
72163	45423	t
52608	72163	t
24760	44082	f
52608	24760	t
88905	83410	f
71151	88905	t
23300	29751	t
83410	23300	f
15469	71151	f
83410	15469	t
79037	50897	t
69733	79037	t
20929	40318	f
50897	20929	t
51584	69733	t
50897	51584	f
50900	77796	f
16009	50900	t
31797	50385	t
77796	31797	t
47322	16009	f
77796	47322	t
25402	26464	t
87363	25402	t
49870	46898	f
26464	49870	f
93878	87363	t
26464	93878	f
43601	28232	t
90684	43601	f
87618	90713	t
28232	87618	f
60894	90684	f
28232	60894	t
62343	82633	t
10810	62343	f
12566	15402	f
82633	12566	t
12399	10810	f
82633	12399	t
30635	62778	f
69196	30635	f
30610	39675	t
62778	30610	f
76063	69196	f
62778	76063	f
43387	70965	f
72264	43387	t
55428	80786	f
70965	55428	t
18848	72264	f
70965	18848	f
27995	16880	t
56243	27995	f
79192	81003	f
16880	79192	f
93189	56243	f
16880	93189	t
54843	75171	t
96038	54843	f
66427	80241	f
75171	66427	t
38267	96038	f
75171	38267	f
76684	72132	t
91364	76684	t
45771	27438	f
72132	45771	t
64707	91364	f
72132	64707	f
85717	89928	t
32750	85717	t
48817	75605	f
89928	48817	f
89779	32750	f
89928	89779	f
93453	37485	t
51165	93453	f
25486	25731	f
37485	25486	f
47860	51165	t
37485	47860	t
86185	77322	t
23323	86185	f
19350	50537	t
77322	19350	t
87447	23323	f
77322	87447	t
63858	51985	t
78258	63858	f
78364	36846	t
51985	78364	t
73910	78258	f
51985	73910	f
94862	70494	t
82809	94862	t
88543	84577	t
70494	88543	t
76277	82809	t
70494	76277	f
99253	11308	f
34794	99253	t
41407	16375	f
11308	41407	t
10848	34794	t
11308	10848	f
36472	95823	f
27344	36472	f
19788	65760	f
95823	19788	f
87080	27344	f
95823	87080	f
95867	82201	t
73970	95867	f
95866	18478	f
82201	95866	t
72419	73970	f
82201	72419	t
81091	44825	t
36861	81091	f
94673	22329	f
44825	94673	t
29556	36861	f
44825	29556	t
56420	99615	f
53834	56420	f
42069	53360	f
99615	42069	f
19278	53834	t
99615	19278	t
57406	40504	t
59399	57406	t
66382	25700	f
40504	66382	t
47284	59399	t
40504	47284	t
13505	51910	f
29047	13505	t
74885	60813	f
51910	74885	t
84041	29047	f
51910	84041	t
83115	44609	f
39431	83115	f
22114	83745	t
44609	22114	f
58385	39431	f
44609	58385	f
60192	23170	t
46646	60192	t
47281	87630	t
51146	47281	t
58746	89439	t
87630	58746	f
69273	51146	f
87630	69273	f
39076	88710	t
64090	39076	f
20129	25834	t
88710	20129	f
78572	64090	t
88710	78572	t
59895	57159	t
95988	59895	f
66282	46006	f
57159	66282	f
70986	95988	f
57159	70986	f
36862	47726	f
41863	36862	t
99383	61086	f
47726	99383	t
52863	41863	t
47726	52863	f
35137	88052	f
32327	35137	f
49892	19024	t
88052	49892	f
57616	32327	f
88052	57616	t
97738	56705	f
27479	97738	f
24711	30558	f
56705	24711	f
15112	27479	t
56705	15112	t
96126	69390	t
71077	96126	t
93568	91853	f
69390	93568	t
46152	71077	t
69390	46152	t
33143	51382	f
45271	33143	f
72163	52005	t
51382	72163	t
24760	45271	t
51382	24760	f
88905	37035	f
57816	88905	f
23300	70059	t
37035	23300	t
15469	57816	f
37035	15469	t
79037	40174	f
52409	79037	t
20929	62916	f
40174	20929	f
51584	52409	f
40174	51584	t
50900	70761	t
22051	50900	t
31797	52847	t
70761	31797	t
47322	22051	f
70761	47322	t
25402	35812	t
84211	25402	f
49870	99365	t
35812	49870	f
93878	84211	t
35812	93878	t
43601	42650	f
74786	43601	f
87618	43248	f
42650	87618	f
60894	74786	f
42650	60894	f
62343	97112	t
82670	62343	t
12566	69302	f
97112	12566	f
12399	82670	f
97112	12399	f
30635	59521	t
59322	30635	t
30610	48054	t
59521	30610	f
76063	59322	f
59521	76063	t
43387	68042	f
39284	43387	t
55428	29550	f
68042	55428	f
18848	39284	t
68042	18848	f
27995	25977	t
66127	27995	f
79192	17124	t
25977	79192	f
93189	66127	f
25977	93189	f
54843	42294	f
35188	54843	f
66427	31292	t
42294	66427	f
38267	35188	t
42294	38267	t
76684	19784	t
67620	76684	f
45771	12371	f
19784	45771	f
64707	67620	f
19784	64707	t
85717	42704	t
21282	85717	t
48817	62481	t
42704	48817	f
89779	21282	f
42704	89779	f
93453	53996	f
77286	93453	f
25486	25160	t
53996	25486	t
47860	77286	t
53996	47860	f
86185	73538	t
66913	86185	t
19350	71404	t
73538	19350	f
87447	66913	f
73538	87447	t
63858	35488	f
77808	63858	t
78364	35676	t
35488	78364	t
73910	77808	t
35488	73910	t
94862	82863	t
66541	94862	f
88543	73132	t
82863	88543	t
76277	66541	f
82863	76277	f
99253	55574	t
47896	99253	f
41407	31255	t
55574	41407	t
10848	47896	f
55574	10848	f
36472	85343	f
64534	36472	f
19788	66417	t
85343	19788	t
87080	64534	f
85343	87080	t
95867	42951	f
37212	95867	f
95866	91112	f
42951	95866	f
72419	37212	t
42951	72419	t
81091	34849	t
24153	81091	t
94673	15929	t
34849	94673	f
29556	24153	t
34849	29556	t
56420	23673	f
37077	56420	t
42069	99141	t
23673	42069	t
19278	37077	t
23673	19278	t
57406	50248	f
28956	57406	t
66382	22253	t
50248	66382	f
47284	28956	f
50248	47284	f
13505	17967	f
55181	13505	f
74885	19151	f
17967	74885	f
84041	55181	f
17967	84041	t
83115	43688	t
74261	83115	t
22114	88264	t
43688	22114	f
58385	74261	t
43688	58385	f
60192	38657	t
34438	60192	f
82159	57346	f
38657	82159	f
\.


--
-- Data for Name: match_history; Type: TABLE DATA; Schema: public; Owner: test_user
--

COPY public.match_history (match_id, user_one_id, user_two_id, user_one_score, user_two_score, is_rank, end_at) FROM stdin;
1	47281	58746	2	5	f	2022-10-22 00:12:50.241+09
2	47281	69273	2	2	t	2023-01-08 11:00:39.564+09
3	47281	39076	0	0	t	2022-03-21 08:11:34.226+09
4	47281	20129	3	0	f	2022-12-29 05:47:02.134+09
5	47281	78572	2	0	f	2022-02-13 01:28:42.724+09
6	47281	59895	4	5	f	2022-09-08 01:55:07.954+09
7	47281	66282	5	2	t	2022-03-13 15:29:10.876+09
8	47281	70986	4	1	t	2023-02-10 22:27:30.718+09
9	58746	47281	0	1	t	2022-02-15 03:56:27.299+09
10	58746	69273	4	0	f	2022-04-19 11:48:24.45+09
11	58746	39076	0	5	f	2022-05-29 07:36:16.076+09
12	58746	20129	2	5	t	2022-08-03 09:39:51.38+09
13	58746	78572	4	0	f	2023-01-15 19:05:34.866+09
14	58746	59895	1	5	f	2022-10-01 11:24:50.554+09
15	58746	66282	3	2	t	2022-05-28 13:15:31.122+09
16	58746	70986	0	4	f	2022-04-26 10:51:47.946+09
17	58746	36862	0	2	t	2022-08-30 06:36:51.067+09
18	58746	99383	4	5	f	2022-08-31 07:41:57.455+09
19	58746	52863	5	0	f	2023-02-07 03:30:22.503+09
20	58746	35137	1	4	f	2022-04-02 04:04:13.971+09
21	58746	49892	1	0	t	2022-02-16 17:59:06.014+09
22	58746	57616	0	3	t	2022-04-11 03:45:04.381+09
23	58746	97738	2	5	f	2022-04-11 07:35:49.759+09
24	58746	24711	2	4	f	2022-08-15 05:49:34.405+09
25	58746	15112	4	2	t	2022-12-31 07:44:29.377+09
26	58746	96126	4	1	f	2022-08-21 07:25:04.071+09
27	69273	47281	4	4	f	2022-02-26 16:07:05.875+09
28	69273	58746	2	5	t	2022-04-19 06:33:44.919+09
29	69273	39076	1	0	t	2023-02-08 21:28:47.838+09
30	69273	20129	4	5	t	2022-12-26 00:13:15.133+09
31	69273	78572	0	0	t	2022-07-15 22:11:24.826+09
32	69273	59895	1	2	t	2022-09-25 10:49:05.491+09
33	39076	47281	5	2	t	2022-06-05 22:38:58.502+09
34	39076	58746	0	4	f	2022-09-29 10:00:01.208+09
35	39076	69273	1	1	t	2022-11-26 20:30:52.254+09
36	39076	20129	0	1	t	2022-08-15 01:35:17.15+09
37	39076	78572	2	0	t	2022-11-18 10:43:45.361+09
38	39076	59895	4	0	t	2022-04-04 05:14:44.525+09
39	39076	66282	3	3	t	2022-09-07 00:32:18.614+09
40	39076	70986	1	4	f	2023-01-31 15:27:21.042+09
41	39076	36862	0	5	f	2022-10-29 08:58:25.581+09
42	39076	99383	4	3	f	2022-08-06 20:51:11.754+09
43	39076	52863	2	4	t	2022-11-13 21:23:02.432+09
44	39076	35137	4	4	f	2022-03-08 21:19:10.46+09
45	39076	49892	4	1	f	2023-01-14 06:25:34.897+09
46	39076	57616	2	3	f	2022-03-19 19:01:19.861+09
47	39076	97738	0	0	t	2022-04-16 15:02:19.106+09
48	20129	47281	0	4	f	2022-08-01 22:23:42.223+09
49	20129	58746	1	3	t	2022-08-01 01:16:56.626+09
50	20129	69273	3	4	t	2022-11-14 08:17:06.833+09
51	20129	39076	0	4	f	2022-09-01 20:09:51.93+09
52	20129	78572	0	1	t	2023-01-16 17:38:04.695+09
53	78572	47281	1	1	f	2022-03-30 18:23:00.868+09
54	78572	58746	1	4	f	2022-08-16 11:33:40.582+09
55	78572	69273	1	2	f	2022-04-28 22:31:01.716+09
56	78572	39076	4	2	f	2022-03-15 14:46:48.797+09
57	78572	20129	0	1	t	2022-06-04 05:59:48.59+09
58	78572	59895	2	5	t	2022-11-14 10:56:38.988+09
59	78572	66282	0	4	f	2022-07-27 13:40:16.257+09
60	78572	70986	0	5	f	2022-09-09 02:48:44.048+09
61	78572	36862	3	4	t	2022-07-01 16:43:01.812+09
62	78572	99383	5	0	f	2022-10-31 13:57:34.502+09
63	78572	52863	5	3	f	2022-10-18 08:51:27.119+09
64	78572	35137	2	5	t	2022-09-25 05:27:01.941+09
65	78572	49892	2	5	t	2022-10-26 07:57:50.912+09
66	78572	57616	3	2	f	2022-09-01 01:28:06.025+09
67	78572	97738	4	0	t	2022-05-02 18:37:48.318+09
68	78572	24711	1	1	f	2022-05-21 21:51:09.952+09
69	78572	15112	2	1	t	2022-08-26 08:30:04.518+09
70	78572	96126	0	0	f	2022-10-03 14:09:01.806+09
71	78572	93568	2	3	t	2022-05-26 22:27:58.361+09
72	78572	46152	0	5	t	2022-09-14 01:07:14.629+09
73	78572	33143	0	5	f	2022-02-16 09:08:18.745+09
74	78572	72163	1	2	f	2022-10-29 18:58:10.399+09
75	66282	47281	4	3	f	2022-10-21 23:15:40.061+09
76	66282	58746	5	1	f	2022-04-11 22:55:07.663+09
77	66282	69273	4	1	t	2022-04-25 06:41:40.964+09
78	66282	39076	2	1	t	2022-06-29 01:02:45.031+09
79	66282	20129	4	5	t	2022-03-20 23:21:58.657+09
80	66282	78572	1	4	f	2023-02-10 01:52:18.318+09
81	66282	59895	4	2	f	2022-11-18 12:32:09.515+09
82	66282	70986	4	2	t	2022-06-11 06:02:12.053+09
83	66282	36862	4	4	t	2022-12-03 00:41:10.551+09
84	66282	99383	5	4	f	2022-12-29 02:49:27.879+09
85	66282	52863	3	5	t	2023-01-04 20:09:06.954+09
86	66282	35137	3	4	f	2022-10-25 16:02:45.572+09
87	66282	49892	1	3	t	2023-01-08 14:31:23.754+09
88	66282	57616	4	2	t	2023-01-07 20:47:43.673+09
89	66282	97738	0	3	f	2022-10-11 06:05:16.855+09
90	66282	24711	5	4	f	2022-05-01 14:18:10.724+09
91	66282	15112	2	3	t	2022-11-23 23:53:11.609+09
92	66282	96126	1	0	t	2022-09-22 15:38:45.948+09
93	66282	93568	1	3	f	2022-11-01 20:31:49.7+09
94	66282	46152	4	5	f	2022-11-14 13:12:49.24+09
95	66282	33143	0	5	t	2022-12-04 04:11:06.815+09
96	66282	72163	5	1	f	2022-08-03 21:13:33.167+09
97	66282	24760	5	2	t	2023-02-09 09:51:16.731+09
98	66282	88905	3	4	f	2023-01-18 13:16:17.21+09
99	66282	23300	3	4	t	2023-01-25 03:04:19.546+09
100	66282	15469	5	5	t	2022-07-14 21:15:09.333+09
101	70986	47281	4	4	t	2022-06-03 21:30:42.582+09
102	70986	58746	0	0	t	2022-03-31 10:09:23.046+09
103	70986	69273	1	3	t	2022-05-22 12:00:54.756+09
104	70986	39076	0	5	f	2022-10-22 05:00:48.51+09
105	70986	20129	1	3	t	2022-10-17 12:20:35.827+09
106	70986	78572	5	4	t	2022-08-28 05:47:18.82+09
107	99383	47281	5	5	t	2022-05-21 07:51:23.259+09
108	52863	47281	3	1	f	2022-07-16 14:20:53.291+09
109	52863	58746	5	0	t	2022-06-16 08:55:11.439+09
110	52863	69273	0	3	t	2022-10-31 12:55:00.024+09
111	52863	39076	1	2	t	2023-01-16 22:45:54.043+09
112	52863	20129	5	2	t	2022-08-03 17:44:34.27+09
113	52863	78572	4	3	t	2022-03-09 17:58:14.813+09
114	52863	59895	1	5	t	2022-05-14 12:11:51.507+09
115	52863	66282	4	4	t	2022-10-29 07:08:17.921+09
116	52863	70986	0	3	t	2022-12-27 17:00:58.922+09
117	52863	36862	2	3	f	2022-11-04 23:35:59.696+09
118	52863	99383	5	4	f	2022-08-13 13:25:14.872+09
119	52863	35137	4	0	f	2022-05-10 15:45:27.909+09
120	52863	49892	1	1	f	2022-09-12 19:10:19.116+09
121	52863	57616	2	4	f	2023-01-07 15:59:34.199+09
122	52863	97738	5	1	t	2022-05-02 15:39:21.255+09
123	52863	24711	4	0	t	2022-08-08 15:20:31.055+09
124	52863	15112	0	3	f	2022-09-14 17:35:52.982+09
125	52863	96126	0	2	t	2023-02-08 08:05:24.723+09
126	52863	93568	5	0	f	2022-08-19 05:42:03.726+09
127	52863	46152	4	0	t	2022-10-05 03:47:39.4+09
128	52863	33143	0	2	t	2023-01-05 10:32:29.731+09
129	52863	72163	5	2	f	2022-06-03 05:37:30.559+09
130	52863	24760	0	2	t	2022-12-18 14:31:38.06+09
131	52863	88905	2	2	t	2022-08-10 12:13:02.198+09
132	52863	23300	5	2	f	2022-11-16 19:17:28.663+09
133	52863	15469	2	0	t	2022-06-30 09:12:30.08+09
134	52863	79037	3	5	f	2022-10-13 08:38:38.608+09
135	35137	47281	3	2	t	2023-01-17 06:26:03.312+09
136	35137	58746	4	1	f	2022-07-13 03:20:21.286+09
137	35137	69273	1	4	t	2022-12-09 03:03:47.142+09
138	35137	39076	4	3	t	2022-05-11 01:31:04.251+09
139	35137	20129	3	0	f	2022-10-20 20:00:11.348+09
140	35137	78572	3	1	f	2022-03-31 18:33:55.339+09
141	35137	59895	0	5	f	2022-08-13 01:30:06.151+09
142	35137	66282	4	2	f	2022-09-05 05:17:36.171+09
143	35137	70986	0	1	t	2022-07-18 16:43:56.698+09
144	49892	47281	2	4	t	2022-05-14 17:11:05.267+09
145	49892	58746	4	5	t	2022-03-01 21:23:12.401+09
146	49892	69273	0	1	t	2022-08-21 19:28:09.706+09
147	49892	39076	0	4	t	2022-07-30 19:42:32.634+09
148	49892	20129	2	2	f	2023-01-02 03:26:11.258+09
149	49892	78572	3	5	f	2022-04-29 09:17:37.76+09
150	49892	59895	0	5	t	2022-08-05 23:25:55.929+09
151	49892	66282	4	4	t	2022-06-17 11:27:46.912+09
152	49892	70986	3	5	t	2022-08-06 14:04:31.936+09
153	49892	36862	0	0	t	2022-06-21 10:39:13.284+09
154	49892	99383	1	0	t	2022-10-01 00:50:07.826+09
155	49892	52863	2	2	t	2022-11-04 04:38:46.905+09
156	49892	35137	5	3	t	2022-12-01 15:06:43.117+09
157	49892	57616	2	4	t	2022-10-20 03:32:04.027+09
158	49892	97738	5	3	t	2022-10-09 18:45:01.436+09
159	49892	24711	4	5	f	2022-09-11 06:17:09.83+09
160	49892	15112	4	5	t	2022-03-03 12:35:55.913+09
161	49892	96126	3	0	f	2022-09-26 12:36:03.802+09
162	49892	93568	4	5	t	2022-07-08 09:01:09.635+09
163	49892	46152	5	4	t	2022-06-18 08:18:07.608+09
164	49892	33143	5	1	t	2022-12-20 17:03:29.829+09
165	57616	47281	0	3	f	2022-11-03 11:49:19.85+09
166	57616	58746	1	1	t	2022-10-28 14:14:36.94+09
167	57616	69273	5	2	f	2022-08-13 08:40:17.935+09
168	57616	39076	5	2	f	2022-12-27 18:41:38.534+09
169	57616	20129	3	1	f	2022-12-11 05:40:45.433+09
170	57616	78572	3	0	t	2022-04-27 12:40:35.038+09
171	57616	59895	1	5	t	2022-04-03 18:54:49.372+09
172	97738	47281	2	3	t	2022-11-19 03:06:42.887+09
173	97738	58746	0	4	t	2022-06-22 05:22:33.247+09
174	97738	69273	1	0	f	2022-08-25 13:42:10.723+09
175	97738	39076	5	3	t	2022-08-01 22:48:02.877+09
176	97738	20129	2	2	t	2022-11-19 16:03:09.38+09
177	97738	78572	1	1	t	2023-01-01 04:43:55.141+09
178	97738	59895	3	4	t	2022-03-27 10:28:26.195+09
179	97738	66282	0	2	t	2022-04-14 04:13:39.387+09
180	97738	70986	2	2	t	2023-02-01 11:07:19.746+09
181	24711	47281	2	4	f	2022-11-17 09:14:19.282+09
182	24711	58746	1	0	f	2022-05-30 16:34:24.853+09
183	24711	69273	2	2	f	2022-12-31 08:42:55.76+09
184	24711	39076	5	1	f	2022-07-14 10:13:15.898+09
185	24711	20129	0	4	t	2022-11-20 17:23:15.818+09
186	24711	78572	5	0	f	2022-10-24 12:45:46.061+09
187	24711	59895	3	2	f	2022-08-26 10:38:05.616+09
188	24711	66282	3	4	f	2022-11-03 16:09:53.983+09
189	24711	70986	0	2	t	2022-04-21 13:46:00.204+09
190	24711	36862	2	4	f	2022-07-31 21:04:44.049+09
191	24711	99383	2	1	f	2023-01-01 17:40:42.942+09
192	24711	52863	3	1	f	2022-04-08 19:00:51.548+09
193	24711	35137	5	3	t	2022-10-10 00:43:38.983+09
194	24711	49892	0	0	t	2022-07-27 21:47:21.658+09
195	24711	57616	1	1	t	2022-11-20 01:29:06.053+09
196	24711	97738	1	4	f	2022-12-11 07:09:41.952+09
197	24711	15112	5	0	f	2022-12-01 12:41:46.523+09
198	24711	96126	2	0	f	2022-06-24 05:29:05.03+09
199	24711	93568	4	3	t	2022-12-29 01:16:47.118+09
200	24711	46152	1	4	t	2022-07-29 20:18:28.017+09
201	24711	33143	3	3	f	2022-06-04 01:46:00.28+09
202	24711	72163	5	1	t	2022-07-23 07:29:20.163+09
203	24711	24760	2	4	f	2022-09-14 23:31:14.549+09
204	24711	88905	1	1	f	2022-08-06 14:27:19.823+09
205	24711	23300	2	5	f	2022-11-02 18:17:46.791+09
206	24711	15469	4	2	f	2022-06-08 11:32:19.544+09
207	24711	79037	2	1	t	2022-09-06 23:41:33.756+09
208	24711	20929	5	2	f	2022-08-18 19:03:15.837+09
209	24711	51584	3	5	f	2022-06-23 10:36:35.11+09
210	15112	47281	0	2	f	2023-01-26 10:28:08.246+09
211	15112	58746	5	1	f	2022-11-24 00:50:01.018+09
212	15112	69273	5	2	t	2022-12-21 23:23:39.869+09
213	15112	39076	3	2	f	2022-02-25 22:59:20.671+09
214	15112	20129	2	5	f	2022-10-06 13:01:48.912+09
215	15112	78572	0	4	t	2022-04-12 00:20:06.585+09
216	15112	59895	3	3	t	2022-10-23 00:49:54.064+09
217	15112	66282	3	0	t	2022-07-20 17:31:55.453+09
218	15112	70986	5	1	t	2022-10-13 11:37:44.278+09
219	15112	36862	2	5	t	2022-03-16 12:08:20.882+09
220	15112	99383	5	3	t	2022-03-22 13:14:30.033+09
221	15112	52863	1	0	f	2022-07-28 18:20:02.679+09
222	15112	35137	2	1	f	2022-11-06 05:04:13.926+09
223	15112	49892	2	2	f	2023-02-04 18:20:40.672+09
224	15112	57616	5	1	t	2022-04-28 09:48:55.683+09
225	15112	97738	0	3	t	2022-08-30 05:40:54.518+09
226	15112	24711	3	0	t	2022-10-12 22:06:31.724+09
227	15112	96126	3	5	t	2023-01-22 16:18:04.995+09
228	96126	47281	0	3	f	2022-10-08 15:01:59.674+09
229	96126	58746	4	5	t	2022-05-27 23:45:13.726+09
230	96126	69273	2	1	t	2022-12-15 02:33:23.801+09
231	96126	39076	5	5	f	2022-05-16 04:28:19.575+09
232	96126	20129	2	5	t	2022-09-28 03:19:50.824+09
233	96126	78572	5	1	t	2022-08-31 11:37:55.282+09
234	96126	59895	1	5	f	2022-08-13 06:49:25.103+09
235	96126	66282	4	5	t	2022-09-09 15:27:58.121+09
236	96126	70986	1	2	f	2022-03-06 11:45:41.077+09
237	96126	36862	5	0	t	2022-03-02 15:07:45.297+09
238	96126	99383	4	0	f	2022-11-17 15:32:37.393+09
239	96126	52863	1	4	t	2022-08-14 08:42:40.982+09
240	96126	35137	4	4	f	2022-10-30 00:01:59.138+09
241	96126	49892	0	5	t	2023-01-27 01:31:52.684+09
242	96126	57616	5	0	t	2022-09-03 11:20:00.273+09
243	96126	97738	1	3	f	2022-12-23 07:44:22.296+09
244	96126	24711	5	2	t	2023-01-13 18:15:38.72+09
245	96126	15112	4	2	t	2022-05-04 15:44:11.895+09
246	93568	47281	0	0	f	2022-11-02 17:04:36.212+09
247	93568	58746	4	2	t	2022-07-07 06:18:26.464+09
248	93568	69273	1	5	f	2022-09-10 22:05:42.624+09
249	93568	39076	0	5	t	2022-04-03 03:01:03.022+09
250	93568	20129	0	2	t	2022-12-02 19:24:58.453+09
251	93568	78572	2	0	f	2022-07-22 00:08:14.151+09
252	93568	59895	3	4	t	2022-05-11 16:44:23.969+09
253	93568	66282	1	1	f	2022-05-15 09:24:16.299+09
254	93568	70986	2	0	t	2023-02-07 20:53:26.791+09
255	93568	36862	0	4	f	2022-06-02 07:03:38.126+09
256	93568	99383	1	4	t	2022-08-22 07:58:09.922+09
257	93568	52863	1	2	f	2022-06-01 08:48:21.005+09
258	93568	35137	2	5	f	2022-03-27 00:49:30.455+09
259	93568	49892	1	2	f	2023-01-14 13:05:42.126+09
260	93568	57616	2	2	f	2022-11-04 01:29:57.994+09
261	93568	97738	4	5	f	2022-07-22 23:55:39.234+09
262	93568	24711	4	1	f	2022-02-19 01:06:41.438+09
263	93568	15112	3	4	f	2022-07-04 12:17:01.391+09
264	93568	96126	3	3	t	2022-09-23 16:08:50.9+09
265	93568	46152	0	4	t	2023-01-13 19:18:24.976+09
266	93568	33143	0	4	f	2022-04-06 01:58:34.775+09
267	93568	72163	0	1	f	2022-07-08 10:04:47.848+09
268	93568	24760	5	4	f	2022-05-27 16:49:38.458+09
269	46152	47281	2	1	t	2023-01-12 11:08:14.097+09
270	46152	58746	1	2	t	2022-04-27 05:03:27.262+09
271	46152	69273	2	2	f	2023-01-10 00:05:06.774+09
272	33143	47281	3	1	t	2022-05-18 06:13:45.039+09
273	33143	58746	4	3	f	2022-07-04 15:20:27.692+09
274	33143	69273	2	0	f	2022-08-05 10:48:33.736+09
275	33143	39076	1	4	t	2022-08-18 17:16:10.572+09
276	33143	20129	0	5	f	2022-11-24 01:25:26.957+09
277	33143	78572	0	2	f	2022-11-08 10:19:32.181+09
278	33143	59895	5	0	f	2022-12-07 00:00:28.712+09
279	33143	66282	4	4	t	2022-03-21 20:08:26.426+09
280	33143	70986	4	2	f	2022-06-27 19:32:09.303+09
281	33143	36862	4	2	t	2022-08-23 22:52:41.392+09
282	33143	99383	0	0	f	2022-04-21 12:32:49.244+09
283	72163	47281	4	5	f	2023-02-08 05:12:46.864+09
284	72163	58746	5	5	t	2022-10-27 18:53:56.95+09
285	72163	69273	0	3	f	2022-07-21 19:36:25.716+09
286	72163	39076	4	0	t	2022-02-15 01:46:38.635+09
287	72163	20129	3	4	t	2022-04-27 20:33:51.56+09
288	72163	78572	3	0	f	2022-06-19 10:38:31.271+09
289	72163	59895	2	0	t	2023-01-21 03:45:46.74+09
290	72163	66282	4	0	t	2022-11-07 02:37:14.8+09
291	72163	70986	3	5	t	2022-11-04 18:26:26.356+09
292	72163	36862	4	3	f	2023-01-23 13:06:23.181+09
293	72163	99383	0	3	t	2022-06-22 09:09:30.647+09
294	72163	52863	1	2	f	2022-07-02 23:56:50.181+09
295	72163	35137	3	2	t	2022-02-26 14:56:41.255+09
296	72163	49892	4	0	t	2022-04-29 00:57:04.776+09
297	72163	57616	4	3	f	2022-06-06 12:30:07.784+09
298	72163	97738	3	4	f	2022-02-16 00:48:03.053+09
299	72163	24711	4	1	t	2022-11-07 18:41:11.786+09
300	72163	15112	5	5	f	2022-03-26 18:34:11.151+09
301	72163	96126	5	0	f	2022-05-07 02:29:54.667+09
302	72163	93568	5	0	t	2022-09-26 13:14:29.672+09
303	72163	46152	1	2	t	2022-10-11 14:00:34.288+09
304	72163	33143	5	3	t	2022-10-18 19:33:28.538+09
305	72163	24760	2	4	f	2022-08-16 01:28:20.595+09
306	72163	88905	0	5	t	2022-09-07 08:18:53.237+09
307	72163	23300	1	0	t	2022-12-22 01:02:59.199+09
308	72163	15469	5	0	f	2022-06-20 10:54:46.186+09
309	72163	79037	1	1	f	2022-10-03 11:25:34.045+09
310	72163	20929	4	0	t	2022-07-26 23:57:22.059+09
311	72163	51584	2	3	t	2022-04-06 10:59:20.118+09
312	24760	47281	0	1	f	2023-01-07 07:13:43.239+09
313	24760	58746	1	2	t	2022-10-26 07:07:09.946+09
314	24760	69273	1	1	t	2022-08-24 02:14:08.436+09
315	24760	39076	5	1	t	2022-08-02 14:27:22.014+09
316	24760	20129	3	2	t	2022-11-29 02:08:03.652+09
317	24760	78572	1	3	t	2022-10-25 22:02:31.434+09
318	24760	59895	5	4	t	2022-03-05 14:08:31.614+09
319	24760	66282	1	2	t	2022-10-31 17:03:40.712+09
320	24760	70986	3	2	f	2022-06-04 13:02:36.085+09
321	24760	36862	5	4	t	2022-12-18 10:06:41.182+09
322	24760	99383	1	2	f	2023-01-31 13:09:57.067+09
323	24760	52863	3	4	t	2022-06-15 00:24:01.504+09
324	24760	35137	3	3	f	2022-04-01 08:01:34.799+09
325	24760	49892	0	4	f	2022-04-27 01:39:10.496+09
326	24760	57616	1	3	t	2022-03-07 21:09:15.584+09
327	24760	97738	3	2	f	2022-11-11 09:50:09.595+09
328	24760	24711	0	1	f	2022-07-11 00:53:22.625+09
329	24760	15112	2	1	t	2022-03-28 15:12:19.259+09
330	24760	96126	5	2	t	2022-05-04 08:29:52.565+09
331	24760	93568	5	3	t	2022-06-03 23:59:29.718+09
332	24760	46152	1	0	t	2022-07-23 16:55:31.787+09
333	24760	33143	2	2	t	2022-09-25 04:47:22.613+09
334	24760	72163	3	0	t	2022-09-09 22:54:22.595+09
335	24760	88905	2	5	f	2022-10-01 07:17:19.734+09
336	24760	23300	0	1	t	2022-05-12 21:50:50.229+09
337	88905	47281	2	5	t	2022-12-14 02:40:38.68+09
338	88905	58746	2	4	t	2022-03-20 22:33:56.327+09
339	88905	69273	1	5	f	2022-04-29 06:38:15.643+09
340	88905	39076	3	3	f	2022-03-26 08:31:22.22+09
341	88905	20129	5	0	f	2023-01-16 12:35:23.194+09
342	88905	78572	1	2	f	2022-04-04 17:56:51.039+09
343	88905	59895	1	5	t	2022-11-04 01:41:30.749+09
344	88905	66282	3	5	f	2022-08-14 15:12:09.469+09
345	88905	70986	5	1	t	2022-05-06 07:00:03.414+09
346	88905	36862	1	1	f	2022-10-29 17:50:32.534+09
347	88905	99383	4	0	f	2022-07-01 02:48:14.05+09
348	88905	52863	5	0	f	2022-08-27 09:05:43.711+09
349	88905	35137	4	2	f	2022-05-02 14:12:59.878+09
350	88905	49892	1	5	f	2022-05-05 04:39:49.465+09
351	88905	57616	4	1	t	2023-01-16 14:53:14.962+09
352	23300	47281	4	1	t	2022-06-04 20:59:19.366+09
353	23300	58746	1	0	t	2022-07-20 17:24:14.386+09
354	23300	69273	3	4	t	2022-08-22 14:07:49.657+09
355	23300	39076	2	0	f	2022-08-16 13:03:42.9+09
356	23300	20129	2	5	t	2022-09-01 12:24:21.522+09
357	23300	78572	3	5	f	2022-11-17 15:23:54.054+09
358	23300	59895	1	4	t	2022-06-14 18:21:09.597+09
359	23300	66282	4	4	t	2022-02-17 16:49:14.038+09
360	23300	70986	5	3	t	2022-07-26 17:06:51.992+09
361	23300	36862	3	1	t	2023-01-31 11:13:53.051+09
362	23300	99383	2	1	f	2022-04-09 13:36:51.502+09
363	23300	52863	2	2	t	2022-06-09 21:10:29.658+09
364	23300	35137	2	1	f	2022-11-01 17:55:08.899+09
365	23300	49892	1	1	t	2022-03-26 05:50:40.01+09
366	15469	47281	3	5	f	2022-11-18 12:07:07.194+09
367	15469	58746	2	4	f	2023-01-26 19:34:34.878+09
368	15469	69273	5	0	t	2022-06-13 06:18:38.855+09
369	15469	39076	0	0	f	2022-03-24 08:38:49.948+09
370	15469	20129	3	2	f	2022-07-19 23:52:38.676+09
371	15469	78572	4	2	t	2022-12-10 16:22:51.404+09
372	15469	59895	5	2	f	2022-05-16 20:31:58.704+09
373	15469	66282	0	4	f	2022-09-24 17:51:09.886+09
374	15469	70986	0	1	t	2022-12-02 13:18:46.139+09
375	15469	36862	1	5	t	2022-08-12 12:44:25.334+09
376	15469	99383	4	0	t	2022-07-01 10:53:14.164+09
377	15469	52863	1	4	f	2022-12-11 12:13:38.762+09
378	15469	35137	5	2	t	2022-05-12 01:49:47.176+09
379	15469	49892	3	2	f	2022-06-17 19:13:30.319+09
380	15469	57616	3	5	f	2022-09-26 12:15:51.16+09
381	15469	97738	3	5	f	2022-06-21 04:17:39.011+09
382	15469	24711	2	3	f	2022-07-28 00:16:10.938+09
383	15469	15112	2	0	f	2022-04-05 01:49:32.302+09
384	79037	47281	0	4	t	2022-12-12 04:26:05.489+09
385	79037	58746	2	4	t	2023-01-06 16:39:47.358+09
386	79037	69273	4	0	f	2022-05-08 08:26:01.655+09
387	79037	39076	1	5	f	2022-06-17 03:35:19.52+09
388	79037	20129	0	2	t	2022-03-29 10:26:35.469+09
389	79037	78572	4	5	t	2022-05-31 17:23:49.789+09
390	79037	59895	2	5	f	2022-11-26 18:40:44.897+09
391	79037	66282	1	3	f	2022-03-17 18:41:55.96+09
392	79037	70986	1	2	f	2022-04-28 07:29:40.747+09
393	79037	36862	2	5	t	2023-02-02 03:08:55.814+09
394	79037	99383	3	2	t	2022-10-12 11:54:29.533+09
395	79037	52863	1	0	t	2022-10-25 19:39:55.928+09
396	79037	35137	1	1	t	2022-06-24 20:18:47.329+09
397	79037	49892	5	1	t	2023-02-09 00:11:25.285+09
398	79037	57616	0	5	t	2022-12-19 20:34:45.629+09
399	79037	97738	4	2	t	2022-11-01 21:02:39.355+09
400	79037	24711	3	4	t	2022-06-15 08:51:09.011+09
401	79037	15112	0	0	f	2022-11-12 19:37:21.382+09
402	79037	96126	5	0	f	2022-11-05 17:24:32.533+09
403	79037	93568	5	0	f	2022-03-23 22:27:34.807+09
404	79037	46152	4	0	f	2022-06-07 11:39:26.427+09
405	79037	33143	2	5	f	2023-02-02 20:24:53.983+09
406	79037	72163	3	3	t	2023-01-08 10:17:53.912+09
407	79037	24760	2	0	f	2022-03-09 04:29:04.367+09
408	79037	88905	1	5	f	2022-10-19 19:13:25.829+09
409	79037	23300	2	0	f	2022-09-24 10:55:41.367+09
410	79037	15469	0	1	t	2022-09-28 17:05:23.463+09
411	79037	20929	4	2	f	2023-01-28 21:29:13.471+09
412	79037	51584	5	0	f	2022-04-26 08:35:36.538+09
413	20929	47281	0	5	t	2022-04-05 02:39:43.87+09
414	20929	58746	4	4	t	2022-05-10 10:49:49.404+09
415	20929	69273	0	3	f	2022-08-16 00:35:03.033+09
416	51584	47281	3	3	f	2022-05-07 15:14:05.356+09
417	51584	58746	2	2	f	2022-07-21 05:21:07.988+09
418	51584	69273	0	0	t	2022-07-24 17:49:52.956+09
419	51584	39076	0	1	t	2022-09-01 08:55:20.033+09
420	51584	20129	4	0	f	2022-12-06 14:53:46.487+09
421	51584	78572	0	1	f	2022-10-08 19:03:57.396+09
422	51584	59895	1	2	t	2022-03-19 20:24:34.925+09
423	51584	66282	1	3	f	2022-07-15 08:05:01.071+09
424	51584	70986	5	2	t	2022-08-20 09:53:27.814+09
425	51584	36862	0	1	f	2022-06-12 06:38:35.661+09
426	51584	99383	1	0	f	2022-04-12 04:35:40.834+09
427	51584	52863	0	0	f	2022-11-20 22:18:05.299+09
428	51584	35137	2	1	t	2022-02-24 23:37:39.11+09
429	51584	49892	5	1	f	2022-04-18 04:34:27.274+09
430	51584	57616	1	3	f	2023-01-15 18:42:54.456+09
431	51584	97738	3	1	f	2022-09-14 05:37:15.653+09
432	51584	24711	1	0	f	2022-06-04 18:26:00.322+09
433	51584	15112	3	2	f	2022-12-09 08:45:10.749+09
434	51584	96126	3	1	f	2022-12-29 11:12:12.766+09
435	50900	47281	2	3	t	2022-03-26 03:31:47.313+09
436	50900	58746	3	3	t	2022-09-19 17:44:30.109+09
437	50900	69273	2	4	f	2022-06-28 22:54:44.978+09
438	50900	39076	4	0	t	2022-08-07 00:41:56.43+09
439	50900	20129	5	1	t	2022-07-15 00:16:07.001+09
440	50900	78572	2	4	f	2022-08-20 10:36:50.674+09
441	50900	59895	1	4	t	2022-08-31 03:11:34.415+09
442	50900	66282	0	1	f	2022-10-05 06:11:47.886+09
443	50900	70986	2	1	f	2022-06-20 22:57:49.257+09
444	50900	36862	4	4	t	2022-07-06 13:25:02.826+09
445	50900	99383	3	1	t	2022-12-02 15:52:00.014+09
446	50900	52863	5	3	t	2022-12-24 08:48:23.286+09
447	50900	35137	2	2	t	2022-02-19 22:10:29.361+09
448	50900	49892	4	3	t	2022-10-10 17:11:28.28+09
449	50900	57616	2	0	t	2022-11-23 10:08:55.951+09
450	50900	97738	0	0	f	2022-02-25 08:58:36.611+09
451	50900	24711	2	0	f	2023-01-01 01:36:15.28+09
452	31797	47281	1	5	f	2022-05-01 05:45:31.886+09
453	31797	58746	2	0	t	2022-09-20 08:32:32.622+09
454	31797	69273	1	0	f	2022-08-07 06:34:30.851+09
455	31797	39076	1	1	f	2022-05-10 14:50:40.285+09
456	31797	20129	5	3	f	2022-07-02 01:11:19.832+09
457	31797	78572	1	1	t	2023-01-16 09:25:57.232+09
458	47322	47281	0	4	t	2022-05-14 04:35:45.328+09
459	47322	58746	3	4	t	2022-07-24 03:21:55.722+09
460	47322	69273	0	4	t	2022-10-18 19:22:15.66+09
461	47322	39076	4	2	t	2022-12-28 03:37:45.007+09
462	47322	20129	5	4	t	2023-02-08 02:08:45.29+09
463	47322	78572	2	2	t	2022-04-14 02:20:24.522+09
464	47322	59895	4	0	t	2022-09-01 09:28:49.571+09
465	47322	66282	4	5	t	2023-01-14 14:45:46.061+09
466	47322	70986	2	3	f	2022-10-08 11:06:43.21+09
467	47322	36862	4	2	t	2022-07-19 17:13:10.679+09
468	47322	99383	5	1	f	2022-07-14 07:57:10.862+09
469	47322	52863	3	4	t	2022-12-29 16:37:56.981+09
470	47322	35137	5	2	f	2022-12-13 15:39:32.31+09
471	47322	49892	2	2	t	2022-07-05 11:01:19.6+09
472	47322	57616	3	4	t	2022-07-25 02:40:54.639+09
473	47322	97738	3	3	f	2022-12-04 12:48:51.179+09
474	47322	24711	0	4	f	2022-07-01 02:58:07.511+09
475	47322	15112	3	0	t	2022-09-03 01:47:00.039+09
476	47322	96126	4	5	f	2022-09-18 20:42:16.642+09
477	47322	93568	4	2	f	2022-09-29 12:47:18.303+09
478	47322	46152	0	1	t	2022-10-25 13:30:06.92+09
479	47322	33143	2	2	f	2022-11-29 06:10:35.017+09
480	47322	72163	1	0	f	2022-11-25 23:39:30.918+09
481	47322	24760	3	0	f	2022-08-18 02:28:18.574+09
482	47322	88905	0	3	f	2022-08-28 21:20:55.024+09
483	47322	23300	1	0	f	2022-11-09 11:41:28.178+09
484	47322	15469	4	2	f	2023-02-07 22:47:29.59+09
485	47322	79037	1	3	t	2023-01-13 09:32:57.176+09
486	47322	20929	4	2	t	2022-09-13 08:38:33.673+09
487	47322	51584	1	4	t	2022-06-21 05:05:49.001+09
488	25402	47281	1	3	t	2022-10-25 16:53:34.352+09
489	49870	47281	2	1	f	2022-11-01 04:00:38.955+09
490	49870	58746	2	3	t	2022-07-15 22:04:44.475+09
491	49870	69273	0	4	f	2022-11-25 14:49:06.88+09
492	49870	39076	2	4	t	2022-05-29 06:22:51.622+09
493	49870	20129	3	5	f	2022-04-14 10:51:24.288+09
494	49870	78572	4	3	f	2022-07-11 06:06:04.014+09
495	49870	59895	5	1	f	2022-06-27 01:59:31.16+09
496	49870	66282	0	4	t	2023-02-08 08:27:47.654+09
497	49870	70986	4	3	t	2022-12-02 11:17:42.121+09
498	49870	36862	1	0	f	2022-11-14 08:19:35.734+09
499	49870	99383	4	2	t	2022-07-18 12:41:38.001+09
500	49870	52863	1	2	f	2022-07-16 09:37:53.462+09
501	49870	35137	4	2	f	2022-04-27 00:30:24.102+09
502	49870	49892	0	4	t	2022-12-31 22:54:37.971+09
503	49870	57616	5	5	f	2022-02-15 15:04:13.81+09
504	49870	97738	5	5	t	2022-11-21 19:53:59.663+09
505	49870	24711	0	4	t	2022-03-26 00:53:45.412+09
506	49870	15112	5	5	f	2022-09-05 04:04:11.378+09
507	49870	96126	0	4	f	2022-12-03 17:01:18.149+09
508	49870	93568	4	3	f	2022-07-17 02:05:27.272+09
509	49870	46152	3	4	t	2022-11-20 09:31:38.612+09
510	49870	33143	4	2	t	2022-06-25 04:22:03.767+09
511	93878	47281	0	5	f	2022-11-24 16:30:47.274+09
512	93878	58746	3	2	f	2022-03-30 04:19:53.556+09
513	93878	69273	2	1	f	2022-09-02 23:57:17.291+09
514	93878	39076	5	0	f	2022-08-23 01:17:40.791+09
515	93878	20129	3	3	f	2022-07-24 16:52:13.222+09
516	93878	78572	3	0	t	2022-08-08 18:26:56.148+09
517	93878	59895	3	0	f	2022-05-03 06:19:32.041+09
518	93878	66282	1	0	t	2022-10-19 14:54:29.624+09
519	93878	70986	5	4	f	2022-09-13 07:20:31.97+09
520	93878	36862	5	3	f	2022-03-10 03:20:46.718+09
521	93878	99383	0	3	f	2023-01-20 03:03:24.208+09
522	93878	52863	5	2	f	2022-04-21 11:46:55.063+09
523	93878	35137	4	0	f	2022-10-09 19:31:30.915+09
524	93878	49892	3	2	f	2022-09-10 16:14:38.003+09
525	93878	57616	0	2	t	2022-08-13 13:39:34.73+09
526	93878	97738	1	3	t	2023-02-01 09:30:25.191+09
527	93878	24711	2	4	t	2022-05-15 09:36:13.417+09
528	93878	15112	2	5	f	2022-04-05 18:19:43.331+09
529	93878	96126	5	3	f	2022-11-13 09:26:13.15+09
530	93878	93568	2	1	f	2022-08-13 12:45:39.413+09
531	43601	47281	5	3	f	2022-03-24 20:58:53.06+09
532	43601	58746	3	4	f	2022-11-12 02:29:14.993+09
533	43601	69273	3	3	f	2022-07-19 04:39:29.996+09
534	43601	39076	4	2	f	2022-09-04 17:44:16.59+09
535	43601	20129	0	4	t	2023-01-27 07:44:01.348+09
536	43601	78572	1	4	f	2023-01-21 08:41:56.328+09
537	43601	59895	2	5	t	2022-12-13 06:43:02.151+09
538	43601	66282	5	2	f	2022-06-08 05:38:35.62+09
539	43601	70986	2	1	f	2022-09-10 21:59:26.217+09
540	43601	36862	1	1	f	2022-10-10 18:04:05.883+09
541	43601	99383	5	1	t	2022-04-30 11:49:40.831+09
542	43601	52863	3	0	t	2022-03-16 14:29:04.284+09
543	43601	35137	0	2	t	2022-03-20 13:05:07.713+09
544	43601	49892	2	5	t	2022-08-31 20:51:04.499+09
545	43601	57616	5	5	t	2022-11-20 20:27:55.518+09
546	43601	97738	4	5	t	2022-07-01 03:59:42.877+09
547	43601	24711	1	3	f	2022-07-02 01:43:22.919+09
548	43601	15112	4	1	f	2022-11-06 11:57:39.923+09
549	43601	96126	1	2	t	2022-04-07 17:37:32.965+09
550	43601	93568	4	2	f	2022-05-13 06:03:42.264+09
551	43601	46152	2	2	f	2022-11-24 20:15:00.429+09
552	43601	33143	5	2	t	2022-04-12 07:21:09.398+09
553	43601	72163	2	2	f	2022-03-27 08:33:33.594+09
554	43601	24760	5	2	t	2022-10-25 08:43:42.527+09
555	43601	88905	1	0	t	2022-11-03 17:27:21.113+09
556	43601	23300	4	3	f	2022-04-13 07:04:13.174+09
557	43601	15469	3	2	f	2022-06-12 10:33:21.48+09
558	43601	79037	1	2	f	2023-01-30 20:51:47.393+09
559	43601	20929	2	5	f	2023-01-17 02:57:58.157+09
560	43601	51584	4	5	t	2022-11-27 12:48:18.134+09
561	87618	47281	0	5	t	2022-07-24 13:41:41.641+09
562	87618	58746	0	1	f	2022-12-03 09:25:45.519+09
563	87618	69273	4	3	f	2022-03-21 23:21:39.164+09
564	87618	39076	2	1	t	2022-09-30 04:13:16.493+09
565	87618	20129	0	0	t	2023-01-29 06:09:07.049+09
566	87618	78572	5	5	t	2022-02-11 18:09:24.283+09
567	87618	59895	2	3	t	2022-05-30 02:16:03.93+09
568	87618	66282	4	5	f	2022-04-23 11:23:42.886+09
569	87618	70986	3	2	t	2022-12-26 19:54:41.141+09
570	87618	36862	2	1	t	2022-07-02 13:29:08.915+09
571	87618	99383	0	4	f	2022-06-17 14:10:56.526+09
572	87618	52863	3	0	t	2022-03-12 22:52:23.161+09
573	87618	35137	3	1	f	2022-05-15 16:18:30.294+09
574	87618	49892	4	5	t	2022-11-22 11:59:52.669+09
575	87618	57616	3	3	t	2022-05-10 11:47:35.77+09
576	87618	97738	5	4	f	2022-02-24 20:35:22.424+09
577	87618	24711	2	3	t	2022-06-29 22:15:31.472+09
578	87618	15112	5	2	f	2022-05-12 13:23:21.033+09
579	87618	96126	1	5	f	2022-08-28 16:42:58.669+09
580	87618	93568	5	4	t	2022-10-18 12:18:58.65+09
581	87618	46152	2	3	f	2022-05-28 17:32:57.362+09
582	87618	33143	1	4	t	2022-03-13 20:38:48.837+09
583	87618	72163	5	1	f	2022-04-26 13:18:30.826+09
584	87618	24760	3	2	f	2022-03-02 08:42:28.847+09
585	87618	88905	0	5	f	2022-07-09 22:50:41.708+09
586	87618	23300	3	5	f	2022-08-18 21:16:27.29+09
587	87618	15469	5	5	t	2022-05-20 16:10:47.799+09
588	60894	47281	0	2	t	2022-11-05 10:39:20.436+09
589	60894	58746	0	2	t	2022-06-04 11:01:42.575+09
590	60894	69273	3	4	f	2022-08-19 22:50:39.289+09
591	60894	39076	0	2	f	2022-06-19 02:11:16.614+09
592	60894	20129	0	3	t	2022-08-08 16:40:26.93+09
593	60894	78572	0	3	t	2023-01-05 15:11:06.129+09
594	60894	59895	5	4	f	2022-04-14 16:37:14.181+09
595	60894	66282	5	1	f	2022-09-13 06:59:04.794+09
596	60894	70986	4	1	t	2022-06-07 19:57:04.551+09
597	60894	36862	5	0	f	2022-11-29 01:14:36.724+09
598	60894	99383	3	2	t	2022-12-29 02:48:04.911+09
599	60894	52863	4	3	t	2022-08-20 21:01:19.634+09
600	60894	35137	3	3	f	2022-05-23 06:14:46.607+09
601	60894	49892	4	5	f	2022-10-28 23:23:53.965+09
602	60894	57616	3	4	t	2022-02-13 08:51:45.868+09
603	60894	97738	4	2	t	2022-12-30 08:25:12.783+09
604	60894	24711	5	3	f	2022-03-18 00:46:12.441+09
605	60894	15112	1	0	f	2022-04-11 02:30:17.289+09
606	62343	47281	2	2	f	2022-08-28 04:00:24.168+09
607	62343	58746	1	1	f	2022-12-09 09:11:21.043+09
608	62343	69273	1	4	t	2022-10-21 19:22:34.487+09
609	62343	39076	5	5	f	2022-09-04 09:16:19.464+09
610	12566	47281	5	0	f	2022-08-08 11:12:06.032+09
611	12566	58746	0	5	f	2022-02-26 23:12:45.005+09
612	12566	69273	3	2	t	2022-06-26 11:51:39.111+09
613	12399	47281	4	0	f	2022-10-04 18:41:31.364+09
614	12399	58746	3	5	f	2022-05-25 20:17:15.688+09
615	12399	69273	5	1	t	2022-05-08 10:51:44.662+09
616	12399	39076	0	4	t	2022-06-26 23:20:43.201+09
617	12399	20129	1	0	f	2022-07-19 13:53:50.862+09
618	12399	78572	4	0	t	2022-09-20 18:30:38.434+09
619	12399	59895	2	2	t	2022-06-29 06:41:53.347+09
620	30635	47281	5	2	t	2022-03-10 11:44:41.86+09
621	30635	58746	3	4	t	2022-09-06 03:55:02.194+09
622	30635	69273	1	3	t	2023-01-14 11:00:16.172+09
623	30635	39076	5	5	t	2022-08-23 02:26:56.058+09
624	30610	47281	4	3	f	2022-10-02 05:05:24.969+09
625	30610	58746	1	5	t	2022-09-02 17:41:14.138+09
626	30610	69273	3	1	t	2022-02-12 18:35:49.65+09
627	30610	39076	1	2	f	2023-02-04 20:27:01.576+09
628	30610	20129	1	5	t	2022-03-20 20:47:41.889+09
629	30610	78572	4	1	f	2022-09-21 23:49:04.739+09
630	30610	59895	2	4	t	2022-11-23 15:40:18.226+09
631	30610	66282	5	4	t	2022-07-29 00:45:14.163+09
632	30610	70986	0	4	f	2022-09-13 08:22:13.555+09
633	30610	36862	0	4	f	2022-07-05 12:35:24.773+09
634	76063	47281	0	5	f	2023-01-17 11:34:13.023+09
635	76063	58746	4	2	f	2022-02-17 22:23:18.547+09
636	43387	47281	3	5	f	2022-06-03 16:59:30.018+09
637	43387	58746	5	1	t	2022-06-21 18:37:37.044+09
638	43387	69273	2	4	t	2022-10-27 20:00:07.068+09
639	43387	39076	0	4	t	2022-11-16 22:48:10.336+09
640	43387	20129	4	1	t	2022-02-23 17:19:54.358+09
641	43387	78572	2	3	t	2022-03-24 08:51:45.734+09
642	43387	59895	0	0	t	2022-04-30 22:48:11.82+09
643	43387	66282	4	3	f	2022-06-11 03:25:56.476+09
644	43387	70986	1	2	t	2022-09-19 20:37:42.135+09
645	43387	36862	5	1	t	2022-09-23 14:44:56.904+09
646	43387	99383	3	0	t	2022-04-13 17:04:31.65+09
647	43387	52863	5	2	t	2023-01-18 08:08:29.504+09
648	43387	35137	2	3	f	2022-04-14 00:29:47.103+09
649	43387	49892	0	2	t	2022-03-17 03:26:13.233+09
650	43387	57616	5	0	f	2023-01-04 15:49:48.048+09
651	43387	97738	2	2	f	2023-01-31 17:34:20.877+09
652	43387	24711	4	4	f	2022-08-26 14:29:51.881+09
653	43387	15112	3	4	f	2022-09-13 08:49:16.089+09
654	43387	96126	0	5	t	2022-07-28 05:17:02.438+09
655	43387	93568	4	2	f	2022-07-02 20:28:16.485+09
656	43387	46152	5	5	t	2022-12-20 07:38:24.058+09
657	55428	47281	5	2	f	2022-12-17 07:58:01.855+09
658	55428	58746	5	5	f	2022-08-16 22:21:34.981+09
659	55428	69273	2	0	t	2022-09-25 10:58:19.622+09
660	55428	39076	0	2	t	2022-09-10 14:29:35.501+09
661	18848	47281	0	4	t	2022-06-07 00:07:36.61+09
662	18848	58746	2	5	t	2022-02-22 04:02:19.177+09
663	18848	69273	2	2	t	2022-07-18 17:41:52.465+09
664	18848	39076	1	4	f	2022-08-17 01:18:52.995+09
665	18848	20129	2	3	t	2022-08-09 06:42:39.711+09
666	18848	78572	2	3	t	2022-04-04 05:06:47.044+09
667	18848	59895	5	2	f	2022-09-19 16:48:32.694+09
668	27995	47281	4	0	f	2022-03-12 03:17:14.131+09
669	27995	58746	1	3	t	2022-03-24 01:03:15.439+09
670	27995	69273	5	4	t	2022-12-29 14:58:38.815+09
671	27995	39076	0	0	t	2022-09-11 07:45:42.217+09
672	27995	20129	4	5	t	2022-12-18 17:03:54.665+09
673	27995	78572	3	0	f	2022-11-06 17:37:07.084+09
674	79192	47281	0	1	f	2022-02-19 07:36:36.881+09
675	79192	58746	2	5	f	2022-09-02 19:41:08.285+09
676	93189	47281	5	5	f	2022-06-14 05:19:10.812+09
677	93189	58746	3	5	t	2022-12-14 17:35:54.831+09
678	93189	69273	0	1	t	2022-11-23 02:38:50.844+09
679	93189	39076	2	2	f	2022-11-09 07:20:27.277+09
680	93189	20129	2	4	t	2022-07-02 14:02:09.502+09
681	54843	47281	4	2	f	2022-08-30 10:39:21.715+09
682	54843	58746	0	5	t	2022-04-25 06:31:30.015+09
683	54843	69273	4	2	t	2022-05-26 17:39:15.431+09
684	54843	39076	2	3	t	2022-10-04 06:08:56.213+09
685	54843	20129	1	0	f	2022-11-06 19:29:15.442+09
686	54843	78572	4	1	f	2022-06-01 00:00:53.382+09
687	54843	59895	1	4	t	2022-06-07 07:55:27.204+09
688	54843	66282	1	1	t	2022-09-20 06:02:25.419+09
689	54843	70986	3	1	f	2022-12-31 17:25:28.82+09
690	54843	36862	1	3	t	2022-12-13 05:52:57.348+09
691	54843	99383	5	2	f	2022-07-20 10:57:22.989+09
692	54843	52863	5	2	t	2022-03-25 12:29:04.166+09
693	54843	35137	5	2	t	2022-02-11 21:52:04.577+09
694	54843	49892	3	1	t	2022-04-14 06:45:38.07+09
695	54843	57616	4	1	f	2022-12-30 22:21:42.263+09
696	54843	97738	3	2	f	2023-01-14 13:31:18.08+09
697	54843	24711	1	1	f	2022-12-12 08:51:38.069+09
698	54843	15112	3	2	f	2022-07-28 07:50:28.839+09
699	54843	96126	5	3	f	2022-06-03 04:01:57.567+09
700	66427	47281	5	0	t	2022-11-17 14:42:49.611+09
701	66427	58746	5	5	f	2022-12-12 08:44:55.631+09
702	66427	69273	2	5	f	2022-04-09 04:00:41.449+09
703	66427	39076	2	0	t	2022-10-29 05:33:01.854+09
704	66427	20129	1	2	f	2022-06-15 08:31:06.642+09
705	66427	78572	2	2	t	2022-08-31 09:32:09.063+09
706	66427	59895	5	3	t	2022-04-11 09:15:10.186+09
707	66427	66282	4	5	t	2022-07-28 11:56:09.325+09
708	66427	70986	5	3	f	2022-09-26 00:29:47.889+09
709	66427	36862	0	3	f	2022-10-02 19:17:24.009+09
710	38267	47281	3	4	t	2022-10-03 05:09:49.3+09
711	38267	58746	5	3	t	2022-12-27 13:46:11.419+09
712	38267	69273	4	5	t	2022-06-23 11:49:14.912+09
713	38267	39076	4	3	f	2023-01-04 05:51:11.877+09
714	38267	20129	0	5	f	2022-06-21 04:28:58.397+09
715	38267	78572	0	0	f	2022-12-06 01:48:47.516+09
716	38267	59895	5	0	t	2023-01-16 02:58:07.528+09
717	38267	66282	5	2	t	2022-02-19 13:24:46.06+09
718	38267	70986	2	0	t	2022-12-02 19:23:18.164+09
719	38267	36862	1	0	t	2022-07-19 15:51:48.034+09
720	38267	99383	3	5	f	2022-02-19 23:09:47.399+09
721	38267	52863	1	3	f	2022-06-26 08:57:35.447+09
722	76684	47281	2	0	f	2022-08-25 20:32:32.901+09
723	76684	58746	3	2	f	2022-09-08 15:44:04.14+09
724	76684	69273	4	5	t	2023-01-18 09:47:02.751+09
725	76684	39076	5	2	t	2023-01-18 14:09:56.481+09
726	76684	20129	3	2	t	2022-12-18 15:17:19.572+09
727	76684	78572	3	0	t	2022-04-02 17:23:39.81+09
728	76684	59895	5	3	t	2022-12-05 14:34:10.794+09
729	76684	66282	4	1	f	2023-01-31 00:14:25.647+09
730	76684	70986	3	1	f	2022-04-10 13:22:06.654+09
731	76684	36862	2	3	t	2022-06-24 01:17:16.899+09
732	76684	99383	4	1	t	2022-08-21 09:43:44.635+09
733	76684	52863	1	5	t	2022-10-16 12:19:30.41+09
734	76684	35137	1	2	t	2022-06-29 12:49:18.199+09
735	76684	49892	4	2	f	2022-10-29 07:49:53.841+09
736	76684	57616	1	2	f	2022-08-05 16:46:49.744+09
737	76684	97738	2	0	f	2022-09-27 06:48:26.075+09
738	76684	24711	2	3	f	2023-01-06 06:44:23.748+09
739	76684	15112	0	2	t	2022-07-14 10:54:05.508+09
740	76684	96126	2	2	f	2022-10-25 06:52:58.515+09
741	76684	93568	4	5	f	2022-08-23 19:41:32.146+09
742	76684	46152	4	4	f	2022-03-11 15:05:17.25+09
743	76684	33143	3	4	t	2022-03-12 06:31:01.796+09
744	76684	72163	4	1	f	2022-10-29 02:12:51.908+09
745	76684	24760	5	4	t	2022-12-18 15:19:28.566+09
746	76684	88905	1	0	t	2022-10-17 23:08:23.126+09
747	76684	23300	4	0	f	2022-09-08 21:27:02.509+09
748	76684	15469	2	0	t	2022-06-22 10:04:04.031+09
749	76684	79037	3	5	t	2022-04-22 10:31:25.529+09
750	76684	20929	2	0	f	2022-03-13 09:38:45.109+09
751	76684	51584	4	2	t	2022-11-24 07:00:04.766+09
752	45771	47281	3	0	f	2022-07-14 17:54:02.677+09
753	45771	58746	1	3	f	2022-10-05 10:33:57.673+09
754	45771	69273	3	1	f	2022-03-30 06:47:13.428+09
755	45771	39076	1	1	f	2022-08-30 17:48:29.311+09
756	45771	20129	4	5	f	2022-05-22 18:33:41.083+09
757	45771	78572	2	4	f	2022-09-08 18:02:13.339+09
758	45771	59895	1	2	f	2022-07-03 02:36:13.109+09
759	64707	47281	0	2	f	2022-09-19 07:48:47.746+09
760	64707	58746	2	1	t	2022-10-19 10:14:44.131+09
761	64707	69273	2	5	f	2022-10-05 21:35:34.801+09
762	64707	39076	2	0	t	2022-09-21 22:59:17.33+09
763	64707	20129	1	3	t	2022-10-20 00:23:05.442+09
764	64707	78572	1	0	f	2022-04-05 20:28:07.766+09
765	64707	59895	2	1	f	2022-07-20 23:39:19.325+09
766	64707	66282	1	1	t	2022-05-24 05:52:32.511+09
767	64707	70986	2	0	t	2023-01-09 19:16:44.933+09
768	64707	36862	2	5	f	2022-05-14 05:59:40.968+09
769	64707	99383	1	4	t	2022-05-06 20:03:04.424+09
770	64707	52863	4	1	t	2022-06-01 20:41:06.036+09
771	64707	35137	4	2	t	2023-01-05 14:59:57.965+09
772	64707	49892	2	3	t	2022-09-19 01:32:56.104+09
773	64707	57616	5	4	t	2022-11-14 13:16:23.639+09
774	64707	97738	2	5	t	2022-04-15 03:44:35.653+09
775	64707	24711	5	3	t	2022-07-16 14:26:16.632+09
776	64707	15112	1	2	f	2022-05-01 20:38:02.031+09
777	64707	96126	3	4	t	2022-07-05 15:25:00.655+09
778	64707	93568	3	3	t	2022-09-13 10:48:55.126+09
779	64707	46152	0	1	t	2022-04-11 18:48:43.691+09
780	64707	33143	4	2	f	2022-06-15 13:32:02.832+09
781	85717	47281	1	2	t	2022-07-18 04:43:05.922+09
782	48817	47281	0	3	t	2022-12-17 00:50:37.232+09
783	48817	58746	0	2	f	2022-08-13 20:18:34.145+09
784	48817	69273	4	2	f	2022-09-27 12:22:15.383+09
785	48817	39076	5	0	t	2022-08-15 06:39:33.172+09
786	48817	20129	0	2	t	2022-12-28 17:36:37.193+09
787	48817	78572	3	2	f	2022-07-22 16:45:39.893+09
788	48817	59895	5	3	t	2023-02-01 20:48:43.985+09
789	48817	66282	2	4	t	2022-05-28 07:08:14.535+09
790	48817	70986	4	5	f	2022-07-17 03:02:24.004+09
791	48817	36862	4	5	f	2022-12-16 19:31:23.824+09
792	48817	99383	5	2	t	2022-12-23 02:30:16.001+09
793	48817	52863	2	0	f	2022-05-06 09:22:28.945+09
794	89779	47281	1	1	f	2022-02-25 14:10:26.348+09
795	89779	58746	2	0	t	2023-01-02 06:02:31.52+09
796	89779	69273	0	2	t	2022-03-29 01:49:51.575+09
797	89779	39076	1	2	f	2022-02-21 10:46:19.327+09
798	89779	20129	0	4	t	2022-06-14 09:04:06.37+09
799	89779	78572	0	2	t	2022-10-03 22:06:59.766+09
800	89779	59895	0	3	f	2022-08-07 02:40:06.873+09
801	89779	66282	2	5	t	2022-11-23 18:57:46.925+09
802	89779	70986	2	4	f	2022-09-23 13:09:54.139+09
803	93453	47281	0	2	f	2022-10-22 22:27:50.56+09
804	93453	58746	4	3	t	2022-04-03 14:39:03.423+09
805	93453	69273	3	2	t	2022-06-25 21:45:22.257+09
806	93453	39076	0	3	f	2022-11-29 20:17:12.367+09
807	93453	20129	1	3	f	2022-08-14 05:49:30.827+09
808	93453	78572	0	2	f	2022-10-19 11:05:10.883+09
809	93453	59895	5	4	f	2023-01-25 06:11:18.132+09
810	93453	66282	5	1	f	2022-11-26 04:11:57.45+09
811	93453	70986	1	5	t	2022-07-25 03:46:41.232+09
812	93453	36862	0	3	f	2022-03-31 10:38:47.949+09
813	93453	99383	4	4	f	2023-01-30 21:02:00.622+09
814	93453	52863	0	1	f	2022-06-28 03:28:15.801+09
815	93453	35137	4	1	f	2022-07-21 05:35:13.522+09
816	93453	49892	1	0	f	2022-12-06 05:42:54.793+09
817	93453	57616	4	0	t	2022-03-11 05:24:10.468+09
818	93453	97738	0	1	f	2022-03-14 00:33:49.672+09
819	93453	24711	1	1	t	2022-04-25 06:46:19.133+09
820	93453	15112	4	2	f	2022-07-16 01:46:01.558+09
821	93453	96126	2	5	f	2023-02-03 21:31:58.935+09
822	93453	93568	2	2	t	2022-12-16 21:37:49.182+09
823	93453	46152	0	1	f	2022-03-18 00:15:13.28+09
824	93453	33143	3	3	t	2022-08-17 11:40:13.941+09
825	93453	72163	4	4	f	2022-08-01 18:04:47.117+09
826	93453	24760	1	0	f	2022-02-23 03:06:25.895+09
827	93453	88905	3	3	t	2022-03-10 22:18:29.015+09
828	93453	23300	2	4	t	2023-01-26 18:53:02.799+09
829	25486	47281	1	5	f	2022-02-22 06:18:34.451+09
830	25486	58746	5	0	t	2022-04-10 02:24:56.986+09
831	25486	69273	1	3	t	2022-11-15 11:49:03.292+09
832	25486	39076	0	4	t	2022-04-27 19:24:03.727+09
833	25486	20129	4	4	t	2022-07-14 17:14:35.66+09
834	25486	78572	1	0	t	2022-05-15 12:48:20.162+09
835	25486	59895	2	2	f	2022-03-01 12:08:03.484+09
836	25486	66282	0	4	f	2022-04-05 23:43:10.097+09
837	25486	70986	2	5	f	2022-03-07 10:09:00.196+09
838	25486	36862	1	4	t	2023-01-03 22:55:29.349+09
839	25486	99383	1	2	t	2022-03-07 09:46:45.292+09
840	25486	52863	4	0	t	2022-10-19 12:05:34.224+09
841	25486	35137	5	0	f	2022-07-02 19:50:33.675+09
842	25486	49892	3	0	f	2022-09-04 08:37:48.575+09
843	25486	57616	0	4	t	2022-10-03 20:50:29.051+09
844	25486	97738	0	4	t	2022-02-17 19:02:34.194+09
845	25486	24711	4	5	t	2023-01-22 04:03:00.846+09
846	25486	15112	4	5	t	2023-01-10 17:44:41.89+09
847	25486	96126	2	5	f	2022-11-17 21:28:57.69+09
848	25486	93568	0	5	t	2022-11-11 16:50:53.37+09
849	25486	46152	1	5	t	2022-05-14 21:21:46.64+09
850	25486	33143	1	3	f	2022-09-08 02:47:26.714+09
851	25486	72163	0	3	f	2022-10-28 03:47:40.936+09
852	25486	24760	2	5	t	2022-03-24 03:42:50.613+09
853	25486	88905	0	5	t	2023-01-17 07:00:47.469+09
854	47860	47281	3	1	f	2022-05-14 19:05:14.039+09
855	47860	58746	4	1	f	2022-12-30 03:51:48.11+09
856	47860	69273	2	0	t	2022-04-10 22:20:30.814+09
857	47860	39076	0	1	f	2022-08-07 18:50:33.124+09
858	47860	20129	0	5	f	2022-05-23 10:04:14.581+09
859	47860	78572	1	2	f	2022-02-28 17:38:30.725+09
860	47860	59895	0	2	t	2022-02-20 10:49:57.548+09
861	47860	66282	2	4	f	2022-05-19 12:21:52.723+09
862	47860	70986	5	5	t	2022-03-17 23:51:22.607+09
863	47860	36862	1	0	f	2022-09-12 16:52:37.227+09
864	47860	99383	4	3	t	2023-01-06 07:04:45.1+09
865	47860	52863	0	2	t	2022-08-19 21:06:25.717+09
866	47860	35137	0	5	f	2022-02-17 16:29:32.03+09
867	47860	49892	0	4	t	2022-03-08 16:53:12.401+09
868	47860	57616	4	3	f	2022-07-12 22:19:56.027+09
869	47860	97738	1	5	f	2022-04-20 02:25:56.912+09
870	47860	24711	5	1	f	2022-03-25 18:33:42.152+09
871	47860	15112	1	1	t	2022-08-25 06:53:02.544+09
872	47860	96126	4	4	f	2022-06-13 04:57:26.506+09
873	47860	93568	5	3	t	2022-09-23 15:22:34.488+09
874	47860	46152	3	3	t	2022-11-25 17:36:06.376+09
875	47860	33143	2	1	f	2022-08-06 11:18:10.041+09
876	47860	72163	3	1	t	2022-11-04 02:26:25.981+09
877	47860	24760	4	2	f	2022-03-03 09:51:05.345+09
878	47860	88905	1	0	t	2022-05-18 02:28:24.763+09
879	47860	23300	2	1	t	2022-10-14 06:31:35.961+09
880	47860	15469	2	4	t	2022-09-13 17:26:03.225+09
881	47860	79037	1	5	f	2022-02-24 12:50:58.033+09
882	47860	20929	1	4	f	2023-02-07 11:36:03.358+09
883	86185	47281	0	0	t	2022-06-01 18:38:31.645+09
884	19350	47281	2	1	t	2022-09-02 13:36:21.314+09
885	19350	58746	2	3	t	2023-02-09 04:34:01.887+09
886	19350	69273	1	3	t	2022-12-23 14:56:32.248+09
887	19350	39076	0	3	t	2022-02-15 20:23:58.427+09
888	19350	20129	2	1	t	2022-11-06 05:30:35.941+09
889	19350	78572	3	1	t	2022-04-02 13:00:58.571+09
890	19350	59895	1	2	t	2023-01-18 00:08:01.527+09
891	19350	66282	5	1	t	2022-04-13 10:38:16.752+09
892	19350	70986	2	3	t	2022-06-10 10:56:42.301+09
893	19350	36862	0	5	f	2022-11-02 02:09:46.544+09
894	19350	99383	4	4	f	2022-04-21 06:26:34.576+09
895	19350	52863	0	2	f	2022-10-18 23:25:54.175+09
896	19350	35137	0	4	f	2022-03-14 01:14:35.401+09
897	19350	49892	2	1	t	2022-12-06 11:05:22.808+09
898	19350	57616	4	3	t	2022-08-02 17:36:04.268+09
899	19350	97738	3	3	t	2022-07-17 05:36:05.935+09
900	19350	24711	1	4	f	2022-07-06 08:25:17.121+09
901	19350	15112	5	4	t	2022-09-22 22:53:35.945+09
902	19350	96126	3	3	f	2022-06-08 17:06:04.164+09
903	19350	93568	2	5	t	2022-11-07 10:26:24.029+09
904	19350	46152	3	1	f	2022-02-24 00:01:08.676+09
905	19350	33143	5	3	f	2022-02-14 02:24:29.351+09
906	19350	72163	5	2	t	2023-01-02 02:26:08.098+09
907	19350	24760	0	3	f	2022-06-14 02:50:38.371+09
908	87447	47281	5	2	f	2022-09-17 04:42:46.569+09
909	87447	58746	1	3	f	2022-09-06 19:26:28.089+09
910	87447	69273	0	4	f	2022-11-24 20:21:25.335+09
911	87447	39076	0	3	f	2023-01-08 21:14:31.121+09
912	87447	20129	2	3	f	2022-04-04 00:03:54.975+09
913	87447	78572	3	2	f	2022-09-11 20:46:10.537+09
914	87447	59895	0	0	t	2022-09-16 11:22:46.058+09
915	87447	66282	1	4	t	2022-08-24 10:32:52.086+09
916	87447	70986	1	4	t	2022-10-05 16:08:32.417+09
917	87447	36862	4	5	f	2022-08-28 00:58:42.051+09
918	87447	99383	2	4	f	2022-10-18 11:58:09.751+09
919	87447	52863	0	1	f	2023-01-07 23:33:44.502+09
920	87447	35137	2	2	f	2022-07-02 21:05:12.144+09
921	87447	49892	3	3	t	2022-11-25 17:42:11.888+09
922	87447	57616	4	2	t	2022-10-23 02:54:03.118+09
923	87447	97738	2	2	t	2023-01-01 02:59:19.816+09
924	87447	24711	1	0	f	2022-06-24 06:19:20.295+09
925	87447	15112	5	2	f	2023-01-07 06:20:43.002+09
926	87447	96126	0	2	f	2022-06-07 13:10:25.555+09
927	87447	93568	1	1	t	2022-05-27 09:46:19.006+09
928	87447	46152	1	4	f	2022-04-21 13:41:35.282+09
929	87447	33143	2	3	t	2022-04-24 06:43:42.465+09
930	87447	72163	0	5	f	2022-09-29 16:01:55.562+09
931	87447	24760	0	1	t	2022-05-06 17:16:05.174+09
932	87447	88905	4	4	t	2022-11-01 03:58:41.903+09
933	87447	23300	2	2	f	2022-02-13 20:27:17.25+09
934	87447	15469	5	0	t	2022-02-28 15:35:23.896+09
935	87447	79037	4	5	t	2022-12-30 22:59:52.735+09
936	63858	47281	1	1	t	2022-04-01 12:07:55.423+09
937	63858	58746	5	0	f	2022-05-04 00:39:24.844+09
938	63858	69273	2	0	f	2023-02-10 08:49:06.589+09
939	63858	39076	2	3	t	2022-04-15 03:59:00.752+09
940	63858	20129	3	1	t	2022-07-18 05:39:04.454+09
941	63858	78572	4	4	t	2022-08-13 17:37:06.756+09
942	63858	59895	3	3	t	2023-02-08 11:11:36.648+09
943	63858	66282	5	4	t	2022-04-28 09:00:35.565+09
944	63858	70986	5	0	f	2022-06-04 18:53:57.238+09
945	63858	36862	4	1	f	2022-02-28 22:44:37.343+09
946	63858	99383	0	4	t	2022-02-18 23:11:51.651+09
947	63858	52863	4	4	t	2022-03-06 17:54:12.485+09
948	63858	35137	0	0	t	2022-05-10 11:09:56.712+09
949	63858	49892	3	3	f	2022-07-05 05:11:57.293+09
950	63858	57616	4	1	t	2022-08-02 18:46:09.059+09
951	63858	97738	4	1	t	2022-03-16 06:13:23.484+09
952	63858	24711	3	5	t	2022-08-11 04:41:55.261+09
953	63858	15112	1	0	f	2022-10-11 20:27:01.783+09
954	63858	96126	0	2	f	2022-02-24 09:08:10.75+09
955	63858	93568	4	1	f	2022-12-19 11:37:45.347+09
956	63858	46152	4	1	f	2022-07-14 23:02:58.158+09
957	63858	33143	3	2	t	2023-01-20 20:33:48.192+09
958	63858	72163	1	3	t	2022-03-04 03:30:11.799+09
959	63858	24760	2	3	f	2022-10-20 10:51:27.159+09
960	63858	88905	3	2	t	2023-01-07 05:53:47.216+09
961	63858	23300	1	3	f	2022-09-04 08:38:46.684+09
962	78364	47281	2	5	t	2022-04-10 08:12:05.795+09
963	78364	58746	0	1	f	2022-03-15 11:30:34.786+09
964	78364	69273	0	2	f	2022-10-12 07:58:37.812+09
965	78364	39076	2	0	f	2022-10-01 20:49:47.809+09
966	94862	47281	0	3	f	2022-05-27 08:55:18.126+09
967	94862	58746	1	3	t	2022-05-19 19:18:47.613+09
968	94862	69273	3	2	t	2022-05-29 09:33:18.17+09
969	88543	47281	2	1	t	2022-03-05 11:55:05.157+09
970	88543	58746	1	0	f	2022-03-17 20:51:08.849+09
971	76277	47281	2	2	f	2022-03-19 23:47:37.843+09
972	76277	58746	5	5	t	2023-01-07 08:29:13.748+09
973	76277	69273	4	3	f	2022-04-30 03:53:19.031+09
974	76277	39076	0	0	f	2022-05-12 19:24:56.271+09
975	76277	20129	4	2	t	2022-08-27 17:37:16.302+09
976	76277	78572	3	3	t	2022-09-19 09:23:27.926+09
977	76277	59895	3	5	t	2022-05-17 05:11:54.429+09
978	76277	66282	3	2	t	2022-02-22 19:07:47.38+09
979	76277	70986	2	2	f	2023-01-07 03:48:41.892+09
980	76277	36862	4	3	f	2022-04-17 11:15:45.883+09
981	76277	99383	0	5	f	2023-01-17 06:13:12.517+09
982	76277	52863	3	4	t	2022-11-24 11:50:24.614+09
983	76277	35137	5	4	f	2022-04-24 08:55:27.466+09
984	76277	49892	1	3	t	2022-11-24 22:13:12.349+09
985	76277	57616	2	0	t	2022-03-14 16:45:50.011+09
986	99253	47281	1	4	f	2022-11-14 04:47:02.454+09
987	99253	58746	2	2	t	2022-06-14 09:34:01.088+09
988	99253	69273	3	1	f	2022-07-09 02:28:09.895+09
989	99253	39076	3	0	t	2022-03-19 09:06:56.25+09
990	99253	20129	3	5	t	2022-06-25 09:34:18.742+09
991	99253	78572	3	1	f	2022-05-18 11:46:53.594+09
992	99253	59895	2	0	f	2023-01-21 13:59:16.599+09
993	99253	66282	5	1	t	2022-03-05 04:23:46.418+09
994	99253	70986	5	5	t	2022-09-29 04:22:00.542+09
995	99253	36862	5	0	t	2022-11-12 18:48:18.904+09
996	99253	99383	2	4	f	2022-11-02 02:20:16.895+09
997	99253	52863	4	0	f	2022-07-24 05:14:50.562+09
998	99253	35137	5	0	f	2022-03-06 13:24:06.655+09
999	99253	49892	0	3	f	2022-03-27 02:59:10.41+09
1000	41407	47281	3	2	t	2022-12-21 15:10:34.219+09
1001	41407	58746	1	0	f	2022-12-31 23:48:21.111+09
1002	41407	69273	1	3	t	2023-01-28 17:27:05.717+09
1003	41407	39076	3	5	t	2022-07-08 15:30:32.296+09
1004	41407	20129	0	1	f	2022-02-21 08:18:11.975+09
1005	41407	78572	4	4	f	2022-11-22 08:13:40.099+09
1006	41407	59895	1	5	t	2022-09-01 16:39:37.8+09
1007	41407	66282	3	4	f	2022-03-12 11:51:32.787+09
1008	41407	70986	1	1	f	2022-03-26 21:49:37.952+09
1009	41407	36862	2	5	f	2022-10-02 21:20:00.648+09
1010	41407	99383	4	4	f	2022-10-04 03:41:21.536+09
1011	41407	52863	2	2	t	2022-08-20 01:29:28.038+09
1012	41407	35137	5	5	f	2022-02-27 19:58:47.98+09
1013	41407	49892	1	0	f	2022-12-23 19:04:29.96+09
1014	41407	57616	5	4	f	2022-09-12 01:05:44.051+09
1015	41407	97738	1	4	t	2022-06-09 04:15:46.944+09
1016	41407	24711	0	3	t	2022-06-25 03:42:21.43+09
1017	41407	15112	0	5	f	2022-07-21 22:16:01.224+09
1018	41407	96126	2	1	t	2023-02-04 12:27:36.438+09
1019	41407	93568	5	1	t	2022-02-21 01:31:27.398+09
1020	41407	46152	0	4	f	2022-06-01 14:21:42.798+09
1021	41407	33143	3	1	f	2022-12-07 20:18:10.87+09
1022	41407	72163	5	0	t	2022-03-05 18:06:50.333+09
1023	10848	47281	1	1	t	2022-04-27 01:07:38.774+09
1024	10848	58746	3	2	f	2022-03-13 01:42:22.858+09
1025	10848	69273	5	3	t	2023-01-25 07:16:10.439+09
1026	10848	39076	0	2	t	2023-02-04 09:20:03.86+09
1027	10848	20129	2	2	t	2022-10-07 17:38:39.403+09
1028	10848	78572	0	3	t	2022-03-15 19:29:16.327+09
1029	10848	59895	1	4	f	2022-10-23 03:47:28.501+09
1030	10848	66282	3	5	f	2022-10-28 03:41:38.538+09
1031	10848	70986	2	0	t	2022-11-22 06:53:36.935+09
1032	10848	36862	0	4	f	2022-06-04 11:08:57.015+09
1033	10848	99383	1	0	t	2022-09-04 01:19:19.687+09
1034	10848	52863	5	4	f	2022-08-09 10:57:34.356+09
1035	10848	35137	4	0	t	2022-08-08 23:24:29.423+09
1036	10848	49892	4	2	t	2022-09-18 10:39:22.436+09
1037	10848	57616	4	3	f	2022-03-19 04:35:26.281+09
1038	10848	97738	3	0	f	2022-05-25 23:11:52.139+09
1039	10848	24711	3	1	t	2022-07-23 15:25:58.728+09
1040	10848	15112	0	4	t	2022-11-02 06:09:25.748+09
1041	10848	96126	0	1	f	2022-02-15 21:59:33.259+09
1042	10848	93568	0	4	f	2022-09-11 01:56:05.958+09
1043	10848	46152	0	2	f	2022-10-26 12:54:42.857+09
1044	10848	33143	3	0	f	2022-12-22 21:11:34.072+09
1045	36472	47281	2	1	f	2022-02-27 18:43:51.339+09
1046	36472	58746	0	3	t	2022-12-30 07:42:12.893+09
1047	36472	69273	3	1	t	2022-03-18 01:27:13.981+09
1048	36472	39076	3	1	f	2023-01-16 08:34:43.749+09
1049	36472	20129	0	5	f	2022-06-11 08:14:25.115+09
1050	36472	78572	4	4	f	2022-05-11 16:17:53.491+09
1051	36472	59895	0	4	t	2022-08-16 00:18:08.194+09
1052	36472	66282	2	4	f	2023-02-02 18:15:11.02+09
1053	36472	70986	1	0	t	2022-12-20 22:16:14.866+09
1054	36472	36862	2	5	f	2022-03-02 15:16:31.624+09
1055	36472	99383	1	2	f	2022-04-15 10:54:53.547+09
1056	36472	52863	1	4	t	2022-06-10 16:21:06.542+09
1057	36472	35137	5	5	t	2022-06-14 07:50:22.502+09
1058	36472	49892	2	5	f	2022-07-05 08:00:33.098+09
1059	36472	57616	5	4	f	2022-04-21 14:56:26.851+09
1060	36472	97738	1	5	f	2022-05-04 09:46:39.019+09
1061	36472	24711	4	0	t	2022-02-19 08:30:32.553+09
1062	36472	15112	5	4	t	2022-09-26 14:32:15.482+09
1063	36472	96126	4	2	t	2022-07-11 03:27:49.679+09
1064	36472	93568	2	4	t	2022-06-02 17:28:43.523+09
1065	36472	46152	4	4	f	2022-10-10 07:09:54.585+09
1066	36472	33143	3	5	t	2022-06-03 07:31:15.233+09
1067	36472	72163	4	0	t	2022-10-25 10:33:10.637+09
1068	36472	24760	0	4	t	2022-02-14 06:10:17.622+09
1069	36472	88905	0	3	f	2023-01-01 15:42:13.959+09
1070	19788	47281	5	4	t	2022-10-20 18:49:06.817+09
1071	19788	58746	0	5	f	2022-09-04 19:02:53.909+09
1072	19788	69273	1	3	t	2022-08-24 10:44:40.886+09
1073	19788	39076	2	2	t	2022-10-23 13:48:43.616+09
1074	19788	20129	2	4	t	2022-10-05 05:53:37.28+09
1075	19788	78572	2	0	t	2022-02-14 15:53:23.294+09
1076	19788	59895	4	4	t	2022-12-06 11:43:14.189+09
1077	19788	66282	3	5	f	2022-04-19 20:54:05.247+09
1078	19788	70986	1	0	f	2022-10-16 10:25:20.864+09
1079	19788	36862	4	4	f	2022-09-24 10:59:26.537+09
1080	19788	99383	2	2	t	2022-05-31 18:36:02.953+09
1081	19788	52863	5	4	t	2022-07-14 14:36:42.27+09
1082	19788	35137	5	3	t	2022-10-25 03:13:55.981+09
1083	19788	49892	5	3	f	2023-01-19 10:47:03.17+09
1084	19788	57616	3	1	f	2022-09-07 02:11:35.797+09
1085	87080	47281	3	1	f	2022-12-22 10:58:37.75+09
1086	87080	58746	0	5	t	2022-05-04 15:20:30.17+09
1087	87080	69273	0	4	f	2022-11-07 11:20:42.248+09
1088	87080	39076	5	5	f	2022-12-16 10:16:20.419+09
1089	87080	20129	1	1	f	2023-01-11 23:24:15.102+09
1090	87080	78572	4	3	f	2022-07-24 00:47:56.034+09
1091	95867	47281	0	1	f	2022-04-16 09:23:37.336+09
1092	95867	58746	2	1	t	2023-01-25 08:35:16.977+09
1093	95867	69273	4	3	f	2022-06-27 12:36:59.526+09
1094	95867	39076	2	4	t	2023-01-30 20:32:57.121+09
1095	95867	20129	0	1	t	2022-04-16 12:53:30.883+09
1096	95867	78572	1	5	t	2022-12-28 07:45:25.379+09
1097	95867	59895	2	0	f	2022-07-03 16:28:58.438+09
1098	95867	66282	0	0	f	2022-08-16 00:53:22.407+09
1099	95867	70986	1	1	t	2022-10-17 15:57:18.154+09
1100	95867	36862	3	5	t	2022-03-18 08:29:05.304+09
1101	95867	99383	4	1	t	2022-07-04 16:58:08.643+09
1102	95867	52863	4	3	t	2022-10-04 06:11:46.922+09
1103	95867	35137	5	0	f	2022-08-19 22:49:10.755+09
1104	95867	49892	5	1	t	2023-02-01 05:27:47.399+09
1105	95867	57616	2	2	f	2022-11-01 10:19:07.423+09
1106	95867	97738	2	4	t	2022-12-21 08:44:44.821+09
1107	95867	24711	5	0	t	2022-07-21 09:32:15.838+09
1108	95867	15112	4	3	f	2022-03-25 22:23:49.247+09
1109	95867	96126	5	2	t	2022-10-06 22:23:16.875+09
1110	95867	93568	0	5	t	2022-12-22 16:37:32.281+09
1111	95866	47281	0	4	t	2022-05-11 23:06:22.597+09
1112	95866	58746	4	4	t	2023-02-10 06:52:51.787+09
1113	72419	47281	2	3	f	2022-07-27 19:11:12.361+09
1114	72419	58746	1	2	t	2022-02-22 04:37:35.374+09
1115	72419	69273	5	1	t	2022-09-20 08:27:36.413+09
1116	72419	39076	4	2	f	2022-07-21 22:49:50.866+09
1117	72419	20129	0	1	f	2022-05-06 14:06:48.972+09
1118	72419	78572	3	3	t	2023-01-20 14:32:07.729+09
1119	72419	59895	2	3	f	2022-11-23 18:04:26.611+09
1120	72419	66282	1	1	t	2022-03-25 07:48:12.567+09
1121	81091	47281	3	5	t	2022-04-11 13:31:28.984+09
1122	81091	58746	0	0	f	2022-03-20 13:49:40.228+09
1123	81091	69273	5	1	f	2022-03-26 17:22:54.907+09
1124	81091	39076	1	0	t	2022-09-27 15:54:59.073+09
1125	81091	20129	5	4	t	2022-10-15 05:33:29.25+09
1126	81091	78572	4	5	t	2022-09-12 18:11:28.957+09
1127	81091	59895	2	2	t	2022-04-28 05:33:58.108+09
1128	81091	66282	0	2	t	2022-12-17 02:05:56.498+09
1129	81091	70986	0	1	t	2023-02-10 06:59:11.881+09
1130	81091	36862	2	3	t	2022-06-08 12:46:41.769+09
1131	81091	99383	0	0	t	2022-03-03 01:09:39.59+09
1132	81091	52863	5	0	t	2022-11-16 23:44:54.556+09
1133	81091	35137	5	0	t	2022-11-10 03:03:53.739+09
1134	81091	49892	4	4	f	2023-01-21 15:02:28.841+09
1135	81091	57616	0	4	t	2022-02-16 21:28:41.159+09
1136	81091	97738	5	1	f	2022-04-16 22:03:57.63+09
1137	81091	24711	3	2	t	2022-05-17 08:05:45.098+09
1138	81091	15112	1	1	t	2022-08-15 13:28:08.55+09
1139	81091	96126	2	5	t	2022-03-27 23:50:22.974+09
1140	94673	47281	0	2	t	2022-03-05 01:20:55.383+09
1141	94673	58746	3	0	f	2022-03-01 15:38:08.619+09
1142	94673	69273	4	5	f	2022-11-23 14:01:02.167+09
1143	94673	39076	3	0	t	2022-12-07 07:13:54.668+09
1144	94673	20129	4	3	t	2022-02-27 21:41:10.351+09
1145	94673	78572	5	3	t	2022-12-23 03:59:44.447+09
1146	94673	59895	4	5	t	2023-01-14 23:22:06.121+09
1147	29556	47281	1	3	t	2022-11-24 00:34:29.202+09
1148	29556	58746	1	0	t	2022-11-08 18:06:13.407+09
1149	29556	69273	0	4	f	2023-01-16 19:11:28.012+09
1150	29556	39076	0	0	f	2022-04-04 10:31:28.519+09
1151	29556	20129	5	5	t	2022-03-13 01:03:22.355+09
1152	29556	78572	4	0	f	2022-10-12 16:23:54.676+09
1153	29556	59895	2	2	t	2022-11-10 00:37:50.512+09
1154	29556	66282	0	5	f	2022-10-13 14:54:15.327+09
1155	29556	70986	1	5	f	2022-05-29 19:24:44.48+09
1156	29556	36862	5	5	f	2022-04-11 09:24:34.052+09
1157	29556	99383	3	1	f	2023-01-22 11:55:08.598+09
1158	29556	52863	1	3	t	2022-10-28 23:42:13.763+09
1159	29556	35137	5	5	f	2023-01-06 12:48:22.048+09
1160	29556	49892	0	0	f	2022-08-22 07:31:41.367+09
1161	29556	57616	3	4	t	2022-09-16 00:12:05.172+09
1162	29556	97738	4	1	t	2022-05-30 01:02:08.454+09
1163	29556	24711	4	5	t	2022-05-05 15:55:28.64+09
1164	29556	15112	2	4	f	2022-12-10 22:42:13.818+09
1165	29556	96126	3	1	t	2022-03-16 04:39:02.44+09
1166	29556	93568	0	5	t	2022-09-05 22:06:58.605+09
1167	29556	46152	5	5	t	2022-02-19 06:41:38.126+09
1168	29556	33143	5	5	f	2023-01-18 20:44:58.818+09
1169	56420	47281	4	4	f	2022-11-04 17:32:03.913+09
1170	56420	58746	0	1	t	2022-03-02 18:11:12.727+09
1171	42069	47281	5	0	t	2023-02-09 03:11:32.96+09
1172	42069	58746	0	3	t	2022-11-10 15:18:24.726+09
1173	42069	69273	2	4	f	2022-02-15 14:56:11.578+09
1174	42069	39076	4	2	f	2022-10-30 15:02:16.242+09
1175	42069	20129	0	0	t	2022-09-22 13:05:36.462+09
1176	42069	78572	1	4	f	2022-08-30 15:12:00.31+09
1177	42069	59895	0	3	t	2022-09-12 13:49:59.277+09
1178	42069	66282	4	0	t	2023-01-06 19:18:54.729+09
1179	42069	70986	1	0	t	2023-02-05 00:56:48.105+09
1180	42069	36862	1	5	t	2022-08-07 06:04:25.983+09
1181	42069	99383	0	3	t	2022-06-08 11:45:20.415+09
1182	42069	52863	1	1	f	2022-07-31 21:30:59.119+09
1183	42069	35137	5	1	f	2022-04-04 09:46:27.247+09
1184	42069	49892	2	2	t	2022-07-19 13:31:00.333+09
1185	42069	57616	4	2	t	2023-01-22 02:04:31.536+09
1186	42069	97738	1	4	f	2022-08-29 06:28:10.207+09
1187	42069	24711	0	0	f	2022-10-16 18:24:38.441+09
1188	42069	15112	4	1	t	2022-11-27 21:18:52.425+09
1189	42069	96126	5	3	t	2022-02-12 01:31:15.301+09
1190	42069	93568	4	3	t	2022-07-04 16:46:58.952+09
1191	42069	46152	1	5	f	2022-11-07 01:36:11.425+09
1192	42069	33143	1	1	f	2022-12-14 23:45:22.9+09
1193	42069	72163	1	1	t	2022-03-08 03:02:28.528+09
1194	42069	24760	1	2	t	2022-09-09 10:26:33.726+09
1195	42069	88905	1	1	t	2022-07-11 06:57:05.251+09
1196	42069	23300	2	0	f	2022-04-16 02:39:11.496+09
1197	42069	15469	4	0	t	2022-05-16 02:29:23.66+09
1198	42069	79037	4	3	t	2022-06-02 21:58:45.088+09
1199	42069	20929	5	0	f	2022-05-16 03:04:02.276+09
1200	42069	51584	0	0	f	2022-05-23 19:04:25.862+09
1201	19278	47281	1	1	f	2022-08-01 04:21:14.589+09
1202	19278	58746	2	3	f	2022-09-27 18:26:38.17+09
1203	19278	69273	4	1	t	2022-03-18 14:33:51.285+09
1204	19278	39076	0	4	t	2022-08-20 18:00:23.827+09
1205	19278	20129	1	4	t	2022-06-30 11:49:05.138+09
1206	19278	78572	3	3	f	2022-03-30 13:25:59.155+09
1207	19278	59895	5	4	f	2022-11-21 06:46:34.856+09
1208	19278	66282	4	0	f	2022-05-06 20:55:10.728+09
1209	19278	70986	1	5	f	2022-06-28 04:43:46.947+09
1210	19278	36862	5	1	t	2022-08-12 23:32:58.73+09
1211	57406	47281	4	5	t	2022-08-16 23:44:35.969+09
1212	57406	58746	2	2	f	2022-11-15 05:46:04.116+09
1213	57406	69273	5	2	t	2022-04-21 17:35:45.951+09
1214	57406	39076	5	5	t	2022-09-15 06:05:49.282+09
1215	57406	20129	0	0	t	2022-04-04 23:22:41.786+09
1216	57406	78572	1	5	f	2022-11-26 08:59:29.932+09
1217	57406	59895	4	2	t	2022-07-17 05:22:48.873+09
1218	57406	66282	0	4	t	2022-03-05 09:36:35.951+09
1219	57406	70986	0	0	f	2022-08-27 12:13:18.702+09
1220	57406	36862	5	5	f	2022-06-02 03:43:06.362+09
1221	57406	99383	2	1	t	2022-02-26 17:04:25.534+09
1222	57406	52863	5	3	t	2022-11-13 08:11:06.57+09
1223	47284	47281	1	1	f	2022-09-20 00:34:30.215+09
1224	47284	58746	3	0	f	2022-04-22 21:38:44.791+09
1225	47284	69273	0	1	f	2022-07-13 07:34:58.525+09
1226	47284	39076	1	5	f	2022-07-26 22:09:37.912+09
1227	47284	20129	4	3	t	2022-04-18 00:38:56.047+09
1228	47284	78572	3	4	f	2022-11-29 18:16:50.056+09
1229	47284	59895	2	5	f	2022-06-15 08:24:45.705+09
1230	47284	66282	4	0	t	2022-07-27 20:40:30.562+09
1231	47284	70986	0	5	f	2022-10-09 17:47:10.744+09
1232	47284	36862	4	3	t	2022-12-02 02:58:11.875+09
1233	47284	99383	3	5	f	2022-05-15 03:12:40.668+09
1234	13505	47281	5	3	f	2022-04-10 22:42:41.923+09
1235	13505	58746	1	4	t	2022-04-06 03:02:47.804+09
1236	13505	69273	4	2	t	2022-12-26 22:10:47.459+09
1237	13505	39076	0	1	t	2022-06-12 14:30:12.321+09
1238	13505	20129	3	4	f	2023-01-12 22:23:49.557+09
1239	13505	78572	2	5	f	2022-04-28 18:07:13.46+09
1240	13505	59895	1	2	t	2023-02-10 01:29:23.416+09
1241	13505	66282	3	5	f	2022-09-17 10:02:25.963+09
1242	13505	70986	3	3	t	2023-01-31 11:50:52.927+09
1243	13505	36862	4	0	f	2022-06-01 13:25:59.119+09
1244	13505	99383	4	4	f	2022-05-28 07:08:55.471+09
1245	13505	52863	5	1	t	2022-02-22 21:29:39.75+09
1246	13505	35137	1	5	f	2022-12-12 16:30:29.554+09
1247	13505	49892	3	2	f	2022-07-21 12:07:12.429+09
1248	13505	57616	5	4	f	2022-08-03 18:02:13.071+09
1249	13505	97738	4	4	f	2022-05-15 18:53:48.915+09
1250	13505	24711	2	3	f	2022-09-13 22:46:58.073+09
1251	74885	47281	2	0	f	2022-07-22 19:52:50.754+09
1252	74885	58746	3	2	t	2022-08-28 17:32:41.715+09
1253	74885	69273	5	5	f	2022-09-18 19:32:00.123+09
1254	74885	39076	3	2	f	2022-03-09 18:54:08.08+09
1255	74885	20129	2	5	f	2022-08-21 11:27:43.585+09
1256	74885	78572	5	0	t	2022-03-14 02:12:50.543+09
1257	74885	59895	3	4	t	2022-09-24 16:36:58.032+09
1258	74885	66282	5	0	t	2022-12-25 12:30:39.389+09
1259	74885	70986	2	2	t	2022-09-22 11:57:12.64+09
1260	74885	36862	1	5	t	2022-04-05 21:04:12.622+09
1261	74885	99383	2	5	t	2022-06-12 01:42:26.857+09
1262	74885	52863	4	1	t	2022-04-03 05:21:36.677+09
1263	74885	35137	4	2	f	2023-01-06 03:03:11.553+09
1264	74885	49892	5	2	f	2022-03-21 05:16:38.297+09
1265	74885	57616	1	0	f	2022-06-26 14:19:47.957+09
1266	74885	97738	5	4	f	2022-03-05 19:52:36.637+09
1267	74885	24711	5	0	f	2022-09-12 09:26:19.585+09
1268	74885	15112	5	3	f	2022-05-17 06:32:53.647+09
1269	74885	96126	4	4	f	2022-02-13 22:39:13.854+09
1270	74885	93568	3	3	f	2022-05-02 21:07:43.496+09
1271	74885	46152	5	4	f	2022-11-25 07:05:50.58+09
1272	74885	33143	0	4	f	2023-01-21 15:48:48.547+09
1273	74885	72163	1	2	f	2022-12-16 07:52:49.94+09
1274	74885	24760	4	2	f	2022-10-15 09:38:10.358+09
1275	74885	88905	0	2	t	2022-11-21 05:06:44.741+09
1276	74885	23300	3	5	t	2023-01-27 18:08:14.378+09
1277	74885	15469	5	1	f	2022-06-03 14:38:27.104+09
1278	74885	79037	1	4	t	2022-10-28 08:09:58.637+09
1279	84041	47281	1	0	t	2022-03-11 18:44:58.893+09
1280	84041	58746	0	1	f	2023-02-11 03:45:14.466+09
1281	84041	69273	2	1	f	2022-12-27 12:32:57.59+09
1282	84041	39076	3	4	f	2022-12-05 22:13:05.582+09
1283	84041	20129	0	5	t	2022-02-17 02:28:21.105+09
1284	84041	78572	2	0	f	2022-09-18 13:04:20.785+09
1285	84041	59895	3	1	t	2022-02-22 22:13:44.963+09
1286	84041	66282	4	4	f	2022-11-06 01:13:14.574+09
1287	83115	47281	0	5	t	2022-04-19 20:43:30.925+09
1288	83115	58746	4	1	t	2023-01-25 14:49:42.279+09
1289	83115	69273	0	0	t	2022-06-14 19:36:53.809+09
1290	83115	39076	1	2	t	2022-12-28 09:21:02.442+09
1291	83115	20129	3	0	f	2022-03-13 00:47:32.451+09
1292	83115	78572	1	0	f	2022-09-11 06:34:08.233+09
1293	83115	59895	4	3	t	2022-11-18 03:49:57.911+09
1294	83115	66282	1	1	t	2022-10-04 16:15:01.318+09
1295	83115	70986	3	1	f	2022-10-02 03:59:07.052+09
1296	83115	36862	5	3	t	2022-07-18 15:14:24.545+09
1297	83115	99383	0	5	t	2022-02-25 10:40:29.396+09
1298	83115	52863	3	1	f	2022-09-03 01:16:54.379+09
1299	83115	35137	2	3	t	2022-07-01 13:57:00.714+09
1300	83115	49892	1	1	f	2022-07-21 03:55:54.225+09
1301	83115	57616	2	0	f	2022-05-20 18:40:28.032+09
1302	22114	47281	2	1	f	2022-11-11 02:02:21.569+09
1303	22114	58746	3	1	f	2022-11-12 12:39:30.15+09
1304	22114	69273	4	5	f	2022-08-24 13:12:33.664+09
1305	22114	39076	4	4	f	2023-01-20 00:13:53.581+09
1306	22114	20129	2	4	t	2023-01-12 18:02:33.808+09
1307	22114	78572	5	0	t	2022-10-17 12:32:10.526+09
1308	22114	59895	3	0	t	2022-07-31 18:28:28.034+09
1309	22114	66282	2	5	f	2022-08-04 21:12:37.824+09
1310	22114	70986	0	0	t	2022-12-29 05:38:01.384+09
1311	22114	36862	1	2	f	2022-03-19 02:57:29.961+09
1312	22114	99383	4	4	f	2022-11-29 16:12:19.206+09
1313	22114	52863	3	3	f	2022-04-18 14:14:51.063+09
1314	22114	35137	4	2	t	2022-10-08 14:53:43.985+09
1315	22114	49892	1	4	t	2022-06-02 15:38:21.751+09
1316	22114	57616	2	0	f	2022-12-06 18:15:58.054+09
1317	22114	97738	1	1	f	2022-09-11 20:04:58.678+09
1318	22114	24711	0	4	t	2022-06-15 00:08:38.507+09
1319	58385	47281	5	4	t	2022-02-14 16:00:59.473+09
1320	58385	58746	0	1	f	2023-01-10 03:45:01.249+09
1321	58385	69273	1	2	f	2022-03-27 01:21:29.172+09
1322	58385	39076	3	3	t	2022-03-16 17:37:21.076+09
1323	58385	20129	4	2	f	2022-03-22 11:34:41.553+09
1324	58385	78572	0	1	t	2022-12-19 11:43:32.717+09
1325	58385	59895	3	4	f	2022-08-08 00:27:14.961+09
1326	58385	66282	1	4	f	2022-07-27 10:42:41.656+09
1327	58385	70986	2	3	t	2022-02-14 17:00:24.404+09
1328	58385	36862	4	4	f	2022-04-13 19:33:01.504+09
1329	58385	99383	0	4	f	2023-02-10 01:11:18.042+09
1330	58385	52863	4	5	f	2022-05-06 01:12:42.495+09
1331	60192	47281	2	2	f	2023-01-17 03:50:26.212+09
1332	60192	58746	4	4	f	2022-08-25 23:58:54.324+09
1333	60192	69273	5	2	t	2022-09-20 08:29:01.698+09
1334	60192	39076	1	1	f	2023-02-06 03:57:15.051+09
1335	60192	20129	5	5	t	2022-02-23 22:44:07.118+09
1336	60192	78572	5	4	t	2022-08-10 06:30:43.698+09
1337	60192	59895	4	5	t	2022-07-21 16:12:13.118+09
1338	60192	66282	0	1	f	2022-03-17 18:04:30.798+09
1339	60192	70986	2	3	f	2023-01-22 15:25:10.701+09
1340	60192	36862	4	4	t	2022-05-11 09:52:56.482+09
1341	60192	99383	1	3	f	2022-03-25 07:00:07.351+09
1342	60192	52863	4	3	f	2022-04-17 13:12:57.901+09
1343	60192	35137	2	1	t	2022-04-25 12:51:02.384+09
1344	60192	49892	3	4	t	2022-10-18 01:17:55.368+09
1345	60192	57616	4	2	t	2022-06-28 11:14:12.918+09
1346	60192	97738	3	4	t	2022-07-31 10:52:07.478+09
1347	60192	24711	2	1	f	2022-07-28 22:25:03.08+09
1348	60192	15112	3	1	t	2022-03-28 01:07:23.589+09
1349	60192	96126	4	2	f	2022-03-20 08:23:26.629+09
1350	60192	93568	1	5	t	2022-11-02 17:39:26.362+09
1351	60192	46152	4	3	t	2022-06-12 17:00:03.506+09
1352	82159	47281	0	0	t	2022-04-23 06:59:59.812+09
1353	82159	58746	4	3	f	2022-12-01 22:53:34.139+09
1354	82159	69273	5	4	t	2022-07-03 07:42:21.807+09
1355	82159	39076	0	3	t	2022-10-26 04:27:12.633+09
1356	82159	20129	5	4	t	2022-04-17 19:57:23.219+09
1357	82159	78572	0	0	t	2022-03-08 10:31:14.882+09
1358	82159	59895	0	0	f	2022-12-22 17:23:50.151+09
1359	82159	66282	0	0	f	2023-01-04 20:08:49.675+09
1360	82159	70986	3	1	f	2022-12-10 04:31:08.896+09
1361	82159	36862	0	3	t	2022-05-07 12:33:22.446+09
1362	82159	99383	4	1	t	2022-03-29 21:58:12.032+09
1363	82159	52863	2	4	f	2022-11-24 03:51:06.172+09
1364	82159	35137	5	3	f	2022-10-09 23:19:46.025+09
1365	82159	49892	1	0	t	2022-03-27 18:12:26.165+09
1366	82159	57616	5	0	t	2022-11-19 16:17:25.248+09
1367	82159	97738	2	5	t	2022-09-30 19:59:16.955+09
1368	82159	24711	4	4	f	2023-01-26 11:45:45.321+09
1369	82159	15112	3	3	f	2022-07-12 08:59:12.673+09
1370	82159	96126	5	3	t	2022-03-08 01:43:09.839+09
1371	82159	93568	0	0	t	2022-10-03 02:49:44.686+09
1372	82159	46152	4	3	f	2022-08-28 17:51:13.193+09
1373	61032	47281	5	1	t	2022-02-15 02:22:59.091+09
1374	61032	58746	4	4	t	2022-05-10 00:25:30.069+09
1375	61032	69273	3	5	t	2022-06-25 09:45:21.782+09
1376	61032	39076	3	2	f	2022-07-13 15:58:16.813+09
1377	61032	20129	2	2	f	2022-03-03 01:17:24.235+09
1378	61032	78572	4	5	t	2022-11-02 05:43:10.633+09
1379	61032	59895	1	4	f	2022-02-19 09:41:27.119+09
1380	61032	66282	0	5	t	2022-04-03 13:56:29.416+09
1381	61032	70986	1	0	f	2022-08-04 03:30:41.478+09
1382	61032	36862	4	3	f	2022-07-12 13:53:50.045+09
1383	61032	99383	0	0	f	2022-09-02 19:21:04.551+09
1384	61032	52863	0	3	f	2022-09-05 22:52:22.808+09
1385	22582	47281	0	4	f	2022-05-09 23:08:40.308+09
1386	22582	58746	0	0	t	2022-10-21 23:42:17.908+09
1387	22582	69273	5	3	f	2022-05-31 19:07:51.634+09
1388	48379	47281	4	4	f	2022-08-25 15:30:19.154+09
1389	48379	58746	2	2	f	2022-03-24 16:54:19.888+09
1390	48379	69273	4	2	t	2022-04-27 06:14:18.801+09
1391	48379	39076	5	4	f	2022-08-03 02:35:09.68+09
1392	48379	20129	2	1	t	2022-02-22 16:48:20.168+09
1393	48379	78572	5	3	t	2023-02-07 05:43:57.032+09
1394	48379	59895	1	5	f	2022-03-16 08:05:53.218+09
1395	48379	66282	3	3	t	2022-04-03 01:24:38.973+09
1396	48379	70986	1	1	t	2022-10-17 04:07:39.929+09
1397	48379	36862	2	1	t	2022-08-05 16:35:13.738+09
1398	48379	99383	0	0	t	2022-03-06 15:52:41.558+09
1399	48379	52863	2	4	t	2022-09-22 17:34:01.282+09
1400	48379	35137	4	3	t	2022-07-22 19:40:25.485+09
1401	48379	49892	0	2	t	2023-01-28 16:56:08.758+09
1402	48379	57616	4	3	t	2022-05-03 22:34:27.834+09
1403	48379	97738	5	4	t	2022-03-23 10:32:27.192+09
1404	48379	24711	2	4	f	2022-07-11 01:42:50.392+09
1405	48379	15112	2	4	f	2023-02-01 08:33:05.404+09
1406	48379	96126	2	4	f	2022-02-27 09:49:44.551+09
1407	48379	93568	5	2	f	2022-03-17 00:57:34.017+09
1408	48379	46152	1	5	t	2022-08-10 23:36:07.406+09
1409	48379	33143	1	2	t	2022-12-14 18:00:02.256+09
1410	48379	72163	3	2	t	2022-12-02 03:54:23.83+09
1411	36532	47281	0	0	t	2022-06-29 04:51:04.159+09
1412	36532	58746	0	2	t	2022-12-16 11:41:23.46+09
1413	36532	69273	4	3	t	2023-01-14 11:25:44.585+09
1414	36532	39076	0	1	f	2022-11-25 01:49:15.976+09
1415	36532	20129	0	3	f	2022-09-06 07:15:54.224+09
1416	36532	78572	3	0	t	2022-08-20 20:15:25.653+09
1417	36532	59895	2	0	t	2023-01-14 08:56:30.078+09
1418	36532	66282	0	3	f	2023-01-13 20:24:10.397+09
1419	36532	70986	5	0	f	2022-03-08 03:43:22.929+09
1420	84529	47281	4	4	f	2022-11-30 06:12:35.887+09
1421	84529	58746	4	4	f	2022-12-04 12:26:43.27+09
1422	17310	47281	5	4	t	2023-02-05 22:42:44.889+09
1423	17310	58746	3	0	f	2022-02-24 20:37:38.199+09
1424	17310	69273	5	0	t	2022-11-15 19:09:40.633+09
1425	17310	39076	5	1	f	2022-09-09 22:22:30.483+09
1426	17310	20129	1	4	t	2022-09-27 13:05:20.645+09
1427	17310	78572	0	4	t	2023-01-31 07:09:50.739+09
1428	17310	59895	5	2	f	2022-06-06 12:24:42.947+09
1429	17310	66282	3	2	f	2022-06-18 14:46:52.529+09
1430	17310	70986	1	4	f	2022-03-17 04:02:01.628+09
1431	17310	36862	4	3	t	2022-05-11 10:16:04.73+09
1432	17310	99383	3	3	t	2022-08-09 15:45:17.647+09
1433	17310	52863	5	1	f	2022-10-26 10:32:09.356+09
1434	62860	47281	1	1	f	2022-06-08 02:31:05.272+09
1435	62860	58746	2	3	f	2023-02-10 23:19:00.094+09
1436	62860	69273	0	4	f	2022-06-18 22:03:37.477+09
1437	62860	39076	0	1	f	2022-11-02 10:16:31.093+09
1438	62860	20129	3	0	f	2022-06-13 00:16:26.478+09
1439	62860	78572	2	3	t	2023-02-01 12:44:21.642+09
1440	62860	59895	0	4	f	2023-01-23 05:41:27.845+09
1441	62860	66282	0	3	t	2022-10-22 09:38:41.274+09
1442	62860	70986	2	2	t	2022-07-03 22:17:27.303+09
1443	62860	36862	4	2	t	2023-01-06 03:28:10.424+09
1444	62860	99383	5	4	f	2023-01-10 07:05:30.14+09
1445	62860	52863	3	1	f	2022-04-03 09:59:05.08+09
1446	62860	35137	1	4	f	2022-08-26 09:59:21.449+09
1447	62860	49892	1	3	t	2022-10-16 00:21:19.199+09
1448	62860	57616	5	0	f	2022-11-18 08:51:53.282+09
1449	62860	97738	2	2	f	2022-06-27 18:55:38.388+09
1450	62860	24711	0	4	t	2022-04-29 02:52:27.805+09
1451	62860	15112	5	0	t	2023-02-08 19:51:21.739+09
1452	62860	96126	5	4	t	2022-10-18 19:46:02.542+09
1453	62860	93568	2	3	f	2022-10-22 04:33:42.906+09
1454	62860	46152	4	1	f	2022-12-18 04:58:58.36+09
1455	62860	33143	5	2	t	2023-01-25 11:17:19.186+09
1456	62860	72163	3	4	f	2022-07-31 04:09:07.568+09
1457	62860	24760	4	0	f	2022-03-13 08:25:52.595+09
1458	62860	88905	1	3	f	2022-07-21 18:07:24.885+09
1459	62860	23300	0	0	t	2022-12-20 11:13:55.101+09
1460	62860	15469	5	4	f	2022-10-28 12:34:34.208+09
1461	62860	79037	2	2	t	2022-11-24 12:49:33.511+09
1462	95854	47281	4	3	f	2022-11-15 02:12:53.665+09
1463	95854	58746	5	4	f	2022-06-07 01:50:39.155+09
1464	95854	69273	3	2	f	2022-07-23 18:20:54.958+09
1465	95854	39076	2	2	t	2022-05-04 13:48:13.273+09
1466	95854	20129	2	2	f	2022-02-15 03:34:43.909+09
1467	95854	78572	2	3	t	2023-01-25 15:42:25.947+09
1468	95854	59895	0	1	t	2022-06-20 10:16:09.955+09
1469	95854	66282	3	5	f	2022-10-19 07:00:40.667+09
1470	95854	70986	2	3	f	2022-09-05 00:37:52.223+09
1471	95854	36862	0	2	t	2022-04-05 01:50:37.156+09
1472	95854	99383	3	5	f	2022-05-17 14:23:43.333+09
1473	95854	52863	0	0	f	2022-04-12 05:54:33.904+09
1474	95854	35137	3	3	f	2022-09-24 15:00:30.952+09
1475	95854	49892	0	4	f	2022-03-10 23:55:00.774+09
1476	95854	57616	0	1	t	2022-04-03 20:43:32.489+09
1477	95854	97738	0	4	t	2022-04-14 10:26:36.451+09
1478	95854	24711	0	4	f	2022-09-21 04:02:23.558+09
1479	95854	15112	3	3	t	2022-08-05 15:37:11.932+09
1480	95854	96126	3	0	t	2022-08-05 16:18:47.105+09
1481	95854	93568	0	3	f	2022-03-20 01:51:52.065+09
1482	95854	46152	4	5	t	2022-11-01 19:31:37.217+09
1483	78018	47281	4	1	f	2022-12-25 13:51:15.874+09
1484	78018	58746	2	4	t	2022-04-27 01:03:02.937+09
1485	78018	69273	2	5	f	2022-12-01 02:01:07.04+09
1486	78018	39076	4	1	f	2022-08-06 03:52:17.363+09
1487	78018	20129	3	0	t	2022-09-06 18:54:08.469+09
1488	78018	78572	1	4	f	2023-01-09 15:15:31.211+09
1489	78018	59895	5	1	t	2022-12-02 08:21:48.022+09
1490	78018	66282	1	2	f	2022-04-28 00:40:35.396+09
1491	78018	70986	4	3	f	2022-03-06 10:50:16.547+09
1492	78018	36862	5	1	f	2022-09-20 07:04:21.831+09
1493	78018	99383	1	0	t	2022-07-06 12:53:56.328+09
1494	78018	52863	3	0	t	2023-01-31 19:52:42.005+09
1495	78018	35137	1	1	t	2022-02-12 19:02:39.427+09
1496	78018	49892	4	1	t	2022-03-13 17:55:29.193+09
1497	78018	57616	3	2	t	2022-11-21 17:29:11.63+09
1498	78018	97738	0	4	t	2022-07-05 14:31:48.038+09
1499	78018	24711	3	3	t	2022-07-15 06:52:24.208+09
1500	78018	15112	4	1	t	2022-06-10 05:28:03.512+09
1501	78018	96126	5	2	t	2022-03-30 07:36:45.561+09
1502	78018	93568	5	0	t	2022-03-01 20:17:19.085+09
1503	78018	46152	2	4	t	2022-09-13 20:02:32.011+09
1504	78018	33143	1	5	t	2023-01-19 22:32:04.723+09
1505	78018	72163	5	5	f	2022-12-17 10:14:41.068+09
1506	78018	24760	3	5	t	2023-01-06 20:55:04.718+09
1507	78018	88905	3	3	f	2022-06-11 08:35:43.961+09
1508	78018	23300	2	4	t	2023-01-27 08:28:16.309+09
1509	98462	47281	2	4	t	2022-07-10 06:11:01.078+09
1510	98462	58746	2	1	t	2022-08-11 19:21:15.23+09
1511	98462	69273	2	2	t	2022-04-21 12:19:57.086+09
1512	98462	39076	2	1	t	2022-08-18 02:22:32.445+09
1513	98462	20129	5	4	t	2022-05-20 05:03:23.352+09
1514	98462	78572	2	3	f	2022-04-17 10:00:48.194+09
1515	98462	59895	1	4	f	2022-08-19 20:54:55.565+09
1516	98462	66282	2	4	t	2023-01-02 22:25:19.635+09
1517	98462	70986	2	5	t	2022-09-25 10:52:53.786+09
1518	46284	47281	5	3	f	2022-10-10 15:20:28.625+09
1519	46284	58746	0	3	t	2022-11-30 00:42:00.812+09
1520	46284	69273	1	2	f	2022-11-07 05:01:50.342+09
1521	46284	39076	2	1	f	2022-10-16 13:28:31.352+09
1522	46284	20129	5	4	t	2022-07-07 19:51:16.387+09
1523	46284	78572	0	2	f	2023-01-05 01:27:52.012+09
1524	46284	59895	2	5	f	2022-08-03 02:51:36.248+09
1525	46284	66282	5	5	f	2022-11-29 14:59:56.854+09
1526	46284	70986	4	3	t	2022-12-21 01:47:09.644+09
1527	46284	36862	3	4	f	2022-03-14 02:24:48.932+09
1528	46284	99383	5	0	f	2022-03-08 21:46:50.801+09
1529	46284	52863	4	1	f	2022-02-16 13:40:02.812+09
1530	46284	35137	2	2	f	2022-06-07 10:31:07.941+09
1531	46284	49892	2	0	t	2022-12-02 18:47:04.422+09
1532	46284	57616	1	0	t	2022-11-08 02:41:09.159+09
1533	46284	97738	5	0	t	2022-04-09 01:49:24.721+09
1534	46284	24711	4	2	t	2022-10-16 23:32:12.342+09
1535	46284	15112	5	1	f	2022-04-14 15:46:00.477+09
1536	46284	96126	4	1	f	2022-08-26 15:09:57.355+09
1537	46284	93568	5	3	f	2023-01-24 02:03:22.833+09
1538	46284	46152	0	2	f	2022-03-03 16:42:44.905+09
1539	46284	33143	2	3	t	2022-07-20 16:49:45.916+09
1540	46284	72163	1	3	t	2023-01-28 21:43:13.207+09
1541	46284	24760	3	2	t	2022-10-31 17:15:57.689+09
1542	38727	47281	0	5	f	2022-09-08 13:29:42.188+09
1543	38727	58746	1	2	t	2023-01-27 17:02:12.921+09
1544	38727	69273	4	5	f	2022-02-14 16:53:17.979+09
1545	38727	39076	3	2	f	2022-06-07 16:47:46.538+09
1546	38727	20129	5	1	f	2022-02-22 17:38:02.411+09
1547	38727	78572	5	2	f	2022-06-21 02:12:19.493+09
1548	38727	59895	2	5	t	2022-10-08 09:48:02.509+09
1549	38727	66282	0	1	t	2022-10-23 22:25:10.62+09
1550	38727	70986	2	5	t	2022-11-02 06:11:29.949+09
1551	38727	36862	4	1	f	2022-08-19 12:42:48.122+09
1552	38727	99383	3	4	f	2022-08-17 15:45:02.511+09
1553	38727	52863	4	3	t	2022-05-31 00:35:55.682+09
1554	38727	35137	5	5	f	2022-03-25 05:24:40.055+09
1555	38727	49892	2	5	t	2023-01-14 10:07:03.299+09
1556	38727	57616	5	0	f	2022-10-02 01:58:22.72+09
1557	38727	97738	5	1	f	2022-12-01 20:58:58.63+09
1558	38727	24711	2	3	f	2023-01-01 13:02:44.735+09
1559	38727	15112	4	2	f	2022-12-11 17:52:49.342+09
1560	38727	96126	1	4	f	2022-05-12 20:32:47.702+09
1561	38727	93568	1	0	t	2022-06-30 15:22:13.111+09
1562	38727	46152	0	0	f	2022-05-28 21:11:25.274+09
1563	38727	33143	4	4	f	2022-03-22 05:18:26.519+09
1564	38727	72163	4	2	f	2022-06-13 21:05:22.171+09
1565	38727	24760	4	3	t	2022-06-14 02:02:46.608+09
1566	38727	88905	1	3	t	2022-06-10 18:59:43.131+09
1567	38727	23300	0	3	f	2022-04-11 16:50:33.342+09
1568	38727	15469	1	0	t	2022-03-11 21:08:20.945+09
1569	20997	47281	5	0	t	2022-11-16 16:11:38.271+09
1570	20997	58746	5	5	t	2022-07-27 03:36:31.237+09
1571	20997	69273	3	4	f	2023-02-07 13:55:57.603+09
1572	20997	39076	1	5	f	2022-11-10 18:10:56.067+09
1573	20997	20129	5	2	f	2022-05-08 13:47:19.334+09
1574	20997	78572	3	5	f	2022-03-15 03:12:37.716+09
1575	20997	59895	1	1	t	2022-07-17 15:18:03.442+09
1576	20997	66282	3	4	f	2022-10-24 20:33:27.168+09
1577	20997	70986	1	4	f	2022-05-28 05:31:06.649+09
1578	20997	36862	0	2	t	2022-09-30 07:11:10.322+09
1579	20997	99383	0	1	t	2022-08-09 05:37:35.11+09
1580	20997	52863	5	2	t	2022-09-26 11:38:56.323+09
1581	38809	47281	0	3	t	2022-07-23 06:05:39.043+09
1582	38809	58746	5	5	f	2022-04-25 12:19:28.662+09
1583	38809	69273	2	3	f	2023-02-08 21:04:02.956+09
1584	38809	39076	2	4	t	2022-12-07 23:32:10.975+09
1585	38809	20129	5	5	f	2022-03-12 06:29:41.443+09
1586	38809	78572	2	1	t	2022-07-28 17:46:27.773+09
1587	38809	59895	1	3	f	2022-09-03 02:15:33.612+09
1588	38809	66282	0	0	f	2022-10-06 17:19:14.561+09
1589	38809	70986	4	1	f	2022-11-24 17:46:13.432+09
1590	38809	36862	3	4	f	2022-06-28 03:07:10.83+09
1591	38809	99383	0	5	t	2022-02-15 07:33:59.316+09
1592	38809	52863	1	0	f	2022-03-13 10:25:16.41+09
1593	38809	35137	3	5	t	2022-03-31 15:39:55.596+09
1594	38809	49892	3	2	f	2022-08-20 02:15:15.438+09
1595	38809	57616	4	1	t	2022-10-24 00:45:22.514+09
1596	38809	97738	0	2	t	2022-12-02 21:57:16.854+09
1597	38809	24711	1	1	t	2022-07-28 22:35:38.975+09
1598	38809	15112	2	2	f	2022-09-02 20:22:53.427+09
1599	38809	96126	0	4	t	2022-07-24 08:13:57.622+09
1600	38809	93568	3	3	t	2022-12-23 02:57:21.02+09
1601	38809	46152	4	0	f	2022-11-21 02:36:40.746+09
1602	73997	47281	2	4	f	2022-11-04 01:54:15.305+09
1603	73997	58746	4	5	f	2022-08-16 13:12:00.451+09
1604	73997	69273	4	3	f	2022-04-29 03:07:42.489+09
1605	73997	39076	4	4	t	2022-10-10 07:40:16.228+09
1606	73997	20129	4	2	t	2022-12-26 03:49:26.036+09
1607	73997	78572	0	1	f	2023-01-07 08:10:00.024+09
1608	79029	47281	0	5	t	2022-05-19 09:11:14.793+09
1609	79029	58746	3	5	f	2022-10-21 14:32:01.207+09
1610	79029	69273	1	4	f	2022-07-10 07:46:47.789+09
1611	79029	39076	5	4	t	2022-11-30 04:10:10.639+09
1612	79029	20129	5	0	f	2022-04-07 20:34:38.289+09
1613	79029	78572	0	0	t	2022-05-26 23:17:50.86+09
1614	79029	59895	5	1	t	2022-03-10 06:18:26.92+09
1615	79029	66282	2	2	t	2023-02-07 07:36:52.449+09
1616	79029	70986	0	5	t	2022-07-03 23:35:47.459+09
1617	79029	36862	2	5	t	2023-01-07 04:56:42.295+09
1618	79029	99383	2	0	f	2022-05-01 20:12:54.969+09
1619	79029	52863	1	2	t	2022-10-14 12:29:14.293+09
1620	79029	35137	0	3	t	2022-02-17 00:39:23.684+09
1621	79029	49892	5	5	t	2023-02-06 06:22:05.39+09
1622	79029	57616	1	4	t	2022-02-21 08:30:55.044+09
1623	79029	97738	5	4	t	2022-07-03 18:46:09.112+09
1624	79029	24711	2	1	f	2022-07-24 14:38:27.758+09
1625	79029	15112	1	0	t	2023-01-24 10:54:05.329+09
1626	79029	96126	4	3	f	2022-12-23 04:03:23.859+09
1627	79029	93568	1	3	t	2022-12-30 12:34:23.666+09
1628	79029	46152	5	0	f	2022-03-08 18:53:58.492+09
1629	79029	33143	4	5	t	2022-09-03 19:36:49.993+09
1630	79029	72163	0	1	f	2022-06-04 13:15:23.622+09
1631	79029	24760	5	5	t	2022-02-15 17:45:25.052+09
1632	79029	88905	4	1	f	2023-01-27 10:55:42.624+09
1633	79029	23300	5	3	f	2023-02-10 08:43:55.392+09
1634	79029	15469	5	3	f	2022-07-25 12:51:57.355+09
1635	84318	47281	4	3	f	2022-05-23 04:48:08.271+09
1636	84318	58746	5	4	f	2022-06-01 07:07:40.702+09
1637	84318	69273	0	5	t	2022-12-29 18:37:09.223+09
1638	84318	39076	4	0	t	2022-07-14 21:45:43.817+09
1639	84318	20129	1	0	t	2022-03-07 22:26:59.62+09
1640	84318	78572	0	2	f	2022-04-06 07:39:41.875+09
1641	84318	59895	1	5	f	2022-08-28 21:39:52.148+09
1642	84318	66282	5	0	t	2022-08-19 10:57:55.17+09
1643	84318	70986	5	5	f	2022-10-09 20:31:16.147+09
1644	84318	36862	0	1	f	2022-07-02 06:57:22.093+09
1645	84318	99383	0	5	f	2022-06-06 12:55:46.641+09
1646	84318	52863	5	0	t	2022-05-10 05:05:32.27+09
1647	84318	35137	0	1	t	2022-08-08 04:18:01.963+09
1648	92685	47281	2	3	t	2022-07-20 09:46:48.642+09
1649	92685	58746	0	4	f	2022-05-17 16:26:46.515+09
1650	92685	69273	3	0	t	2023-02-06 23:37:50.739+09
1651	92685	39076	5	3	f	2022-09-28 14:01:24.736+09
1652	92685	20129	1	1	t	2022-09-24 20:07:36.245+09
1653	92685	78572	5	4	f	2022-05-31 08:02:18.9+09
1654	92685	59895	3	5	f	2022-10-30 02:40:42.164+09
1655	92685	66282	1	4	f	2022-07-18 20:09:08.556+09
1656	92685	70986	1	5	f	2022-06-05 21:23:40.957+09
1657	92685	36862	2	2	t	2022-02-26 17:30:49.338+09
1658	92685	99383	5	2	f	2022-02-26 06:15:33.671+09
1659	12628	47281	1	1	t	2022-12-17 01:47:14.419+09
1660	12628	58746	2	4	t	2022-04-28 19:28:55.126+09
1661	12628	69273	2	4	f	2022-07-07 14:53:28.997+09
1662	12628	39076	0	1	t	2022-07-04 13:07:40.684+09
1663	12628	20129	2	1	f	2022-07-15 00:23:03.601+09
1664	12628	78572	4	4	t	2022-03-31 00:20:42.818+09
1665	12628	59895	1	5	f	2022-04-07 02:47:27.138+09
1666	12628	66282	3	1	f	2022-03-25 15:46:26.075+09
1667	12628	70986	2	2	f	2022-09-17 23:09:28.807+09
1668	12628	36862	4	5	t	2022-09-11 17:39:18.273+09
1669	12628	99383	2	1	f	2022-03-18 14:35:21.96+09
1670	12628	52863	2	4	f	2022-07-30 22:47:10.826+09
1671	12628	35137	2	1	f	2022-07-20 00:01:40.496+09
1672	12628	49892	0	0	f	2022-05-09 22:07:35.541+09
1673	12628	57616	3	5	t	2022-12-05 02:01:51.506+09
1674	12628	97738	3	3	t	2022-07-13 00:16:34.954+09
1675	12628	24711	2	0	t	2022-10-29 06:37:39.736+09
1676	12628	15112	4	3	t	2022-12-07 06:33:57.974+09
1677	12628	96126	0	4	t	2022-05-15 05:55:55.76+09
1678	12628	93568	0	4	f	2022-09-24 18:33:17.498+09
1679	12628	46152	4	0	f	2022-03-21 07:15:40.797+09
1680	12628	33143	5	5	t	2022-08-20 19:44:11.741+09
1681	12628	72163	2	0	f	2022-09-04 02:26:59.963+09
1682	12628	24760	2	3	f	2022-11-05 03:23:25.334+09
1683	12628	88905	5	2	t	2022-06-03 17:15:30.787+09
1684	12628	23300	1	0	t	2022-06-12 05:49:06.782+09
1685	12628	15469	4	5	t	2022-08-11 06:14:04.011+09
1686	12628	79037	5	5	f	2022-03-05 00:44:24.009+09
1687	46614	47281	2	4	f	2022-03-25 08:20:46.597+09
1688	46614	58746	0	3	f	2022-11-18 23:21:40.817+09
1689	46614	69273	3	4	f	2022-10-12 10:27:53.791+09
1690	46614	39076	0	2	f	2022-08-05 13:40:24.478+09
1691	46614	20129	0	1	f	2022-11-06 10:19:13.891+09
1692	46614	78572	1	4	t	2022-05-10 02:53:14.977+09
1693	46614	59895	0	5	f	2022-07-21 20:16:14.415+09
1694	46614	66282	0	4	t	2022-04-19 13:41:30.388+09
1695	46614	70986	4	2	t	2022-05-15 18:32:04.351+09
1696	46614	36862	1	5	f	2022-04-06 20:34:32.944+09
1697	46614	99383	2	1	t	2022-11-11 19:13:23.776+09
1698	46614	52863	4	1	t	2022-07-01 11:29:11.029+09
1699	46614	35137	1	1	t	2022-09-14 22:18:04.219+09
1700	46614	49892	0	5	t	2022-03-22 02:06:31.474+09
1701	46614	57616	2	2	f	2022-09-29 23:08:41.428+09
1702	46614	97738	4	2	f	2023-01-21 01:05:10.241+09
1703	46614	24711	3	0	f	2022-06-04 23:28:00.816+09
1704	46614	15112	2	1	f	2022-05-11 11:14:59.624+09
1705	46614	96126	5	1	t	2022-07-09 08:57:50.997+09
1706	46614	93568	3	0	t	2023-01-10 00:28:31.388+09
1707	46614	46152	2	2	t	2022-12-25 23:00:12.022+09
1708	46614	33143	1	5	f	2022-05-30 18:34:06.312+09
1709	46614	72163	1	2	t	2022-10-21 00:57:14.324+09
1710	46614	24760	0	5	f	2022-03-26 08:30:26.32+09
1711	46614	88905	2	3	t	2022-10-21 07:26:05.369+09
1712	46614	23300	3	2	f	2022-09-12 22:53:24.16+09
1713	46614	15469	4	3	t	2022-11-05 00:26:55.95+09
1714	46614	79037	0	1	t	2023-02-05 12:15:46.43+09
1715	46614	20929	3	5	f	2022-02-18 09:24:15.045+09
1716	46614	51584	2	1	f	2022-06-20 20:39:17.192+09
1717	61043	47281	2	5	t	2022-04-29 04:39:13.657+09
1718	61043	58746	1	0	t	2022-10-06 15:04:44.97+09
1719	11219	47281	1	5	f	2022-05-27 04:07:20.698+09
1720	11219	58746	1	2	t	2022-04-26 17:52:01.886+09
1721	11219	69273	2	4	t	2022-08-01 20:05:45.47+09
1722	11219	39076	5	5	t	2022-06-21 07:06:35.359+09
1723	11219	20129	2	5	t	2022-06-17 07:13:14.818+09
1724	11219	78572	5	3	f	2022-03-21 06:23:28.621+09
1725	11219	59895	2	4	t	2022-05-18 07:19:02.596+09
1726	11219	66282	5	5	f	2022-08-27 14:01:58.078+09
1727	11219	70986	1	4	t	2022-02-12 13:34:08.565+09
1728	11219	36862	5	4	f	2022-12-11 09:24:36.647+09
1729	11219	99383	2	5	t	2022-12-24 02:10:27.98+09
1730	11219	52863	0	5	f	2022-02-13 13:13:05.338+09
1731	11219	35137	1	3	t	2022-06-20 09:47:46.566+09
1732	11219	49892	1	2	t	2022-10-05 00:54:47.92+09
1733	11219	57616	4	5	t	2023-02-03 00:47:24.84+09
1734	11219	97738	5	0	f	2022-09-15 09:29:19.184+09
1735	11219	24711	1	3	t	2022-06-04 06:06:59.158+09
1736	11219	15112	0	4	f	2022-08-30 19:11:58.1+09
1737	11219	96126	3	5	t	2022-03-07 09:16:48.802+09
1738	11219	93568	1	0	t	2023-01-23 06:19:46.74+09
1739	11219	46152	1	2	f	2023-01-03 22:24:31.446+09
1740	11219	33143	5	4	t	2022-12-29 17:49:02.391+09
1741	11219	72163	5	5	t	2022-06-06 08:31:39.597+09
1742	11219	24760	2	1	t	2022-05-31 21:04:44.04+09
1743	11219	88905	3	2	t	2022-08-31 12:10:23.708+09
1744	11219	23300	1	4	t	2022-07-14 10:40:03.968+09
1745	11219	15469	0	2	t	2022-11-24 13:37:37.394+09
1746	11219	79037	1	2	f	2022-02-12 03:27:45.357+09
1747	11219	20929	4	1	t	2022-10-15 19:22:49.657+09
1748	11219	51584	3	0	t	2022-04-08 09:28:31.969+09
1749	52608	47281	3	1	t	2022-12-06 04:38:51.033+09
1750	52608	58746	2	3	f	2022-03-11 19:45:28.455+09
1751	52608	69273	2	4	t	2022-04-19 09:14:29.128+09
1752	52608	39076	0	1	t	2022-08-22 07:11:45.702+09
1753	52608	20129	2	0	t	2022-10-31 05:29:21.876+09
1754	52608	78572	0	2	t	2022-02-22 01:03:11.698+09
1755	52608	59895	4	4	f	2022-06-29 18:25:44.319+09
1756	52608	66282	4	4	t	2022-06-13 22:55:50.113+09
1757	52608	70986	5	5	t	2022-10-29 12:21:37.324+09
1758	52608	36862	2	5	f	2023-01-27 18:02:44.2+09
1759	52608	99383	4	4	f	2023-01-24 06:31:27.843+09
1760	52608	52863	5	5	t	2022-03-27 20:46:16.431+09
1761	52608	35137	5	1	f	2022-06-28 04:04:20.197+09
1762	52608	49892	2	1	t	2022-10-03 12:49:56.298+09
1763	52608	57616	0	3	f	2022-03-11 03:20:15.835+09
1764	52608	97738	1	5	f	2023-01-13 10:34:12.854+09
1765	52608	24711	1	2	t	2022-05-10 08:35:06.485+09
1766	52608	15112	3	0	t	2022-04-24 13:12:47.165+09
1767	52608	96126	3	1	f	2022-03-01 20:09:54.495+09
1768	52608	93568	0	0	f	2022-12-01 13:27:21.652+09
1769	52608	46152	1	1	f	2022-03-22 14:38:49.151+09
1770	52608	33143	2	5	f	2023-02-02 20:03:38.766+09
1771	52608	72163	4	1	t	2023-01-31 01:37:26.431+09
1772	52608	24760	5	3	f	2022-03-03 08:45:13.671+09
1773	52608	88905	4	3	t	2022-03-04 19:04:12.405+09
1774	52608	23300	0	1	t	2022-12-07 15:41:06.348+09
1775	52608	15469	3	4	f	2022-12-25 16:44:48.694+09
1776	45423	47281	0	1	t	2022-09-30 07:25:18.196+09
1777	45423	58746	1	3	t	2023-01-05 19:21:42.752+09
1778	45423	69273	2	2	t	2022-09-14 23:12:46.507+09
1779	45423	39076	2	1	f	2022-03-12 15:32:38.951+09
1780	45423	20129	3	4	f	2022-05-28 09:38:28.485+09
1781	45423	78572	1	1	t	2022-09-01 20:19:01.257+09
1782	45423	59895	0	3	f	2022-09-02 09:50:45.171+09
1783	45423	66282	2	3	f	2022-08-18 10:29:18.352+09
1784	45423	70986	4	2	t	2022-04-06 00:26:08.289+09
1785	45423	36862	5	5	t	2022-04-15 20:25:53.801+09
1786	45423	99383	4	1	t	2022-06-03 09:15:40.323+09
1787	45423	52863	3	4	t	2022-11-24 05:20:07.613+09
1788	45423	35137	4	3	f	2022-12-15 19:26:23.181+09
1789	45423	49892	1	1	f	2022-08-15 21:06:19.988+09
1790	45423	57616	4	0	f	2023-01-11 02:47:46.811+09
1791	45423	97738	0	4	t	2022-10-02 14:16:20.43+09
1792	45423	24711	5	0	f	2022-07-15 22:45:35.608+09
1793	45423	15112	2	1	f	2022-06-11 08:27:20.866+09
1794	45423	96126	2	0	f	2022-12-16 13:06:00.085+09
1795	44082	47281	3	3	f	2023-02-03 04:15:32.259+09
1796	44082	58746	0	5	t	2022-09-30 15:22:16.882+09
1797	44082	69273	2	5	f	2022-08-06 12:55:14.072+09
1798	44082	39076	4	2	t	2022-03-10 10:59:59.53+09
1799	44082	20129	4	2	f	2022-11-15 03:44:43.125+09
1800	44082	78572	0	4	t	2022-04-15 04:31:53.427+09
1801	44082	59895	0	4	t	2022-08-06 02:11:34.934+09
1802	44082	66282	5	4	f	2023-01-28 20:31:29.925+09
1803	44082	70986	1	0	t	2022-07-08 08:10:07.845+09
1804	44082	36862	5	1	t	2022-06-16 17:57:24.275+09
1805	44082	99383	0	3	f	2022-11-13 00:16:03.679+09
1806	44082	52863	3	0	t	2022-12-10 23:23:35.587+09
1807	83410	47281	0	0	f	2022-03-30 14:57:05.228+09
1808	29751	47281	3	4	f	2022-10-29 14:47:16.453+09
1809	29751	58746	3	1	t	2022-06-10 14:55:34.656+09
1810	29751	69273	5	3	t	2022-09-25 21:40:04.391+09
1811	29751	39076	3	3	t	2022-07-06 10:16:35.759+09
1812	29751	20129	2	3	t	2022-04-23 07:23:53.953+09
1813	29751	78572	4	1	f	2022-05-16 21:44:31.425+09
1814	29751	59895	4	3	f	2022-03-09 10:20:06.359+09
1815	29751	66282	4	2	t	2022-09-28 01:50:00.228+09
1816	29751	70986	2	3	f	2022-04-15 14:38:57.386+09
1817	29751	36862	3	1	t	2022-03-10 09:26:41.712+09
1818	29751	99383	0	0	f	2022-04-07 00:17:48.849+09
1819	29751	52863	4	3	f	2022-06-09 03:10:48.701+09
1820	29751	35137	0	2	f	2022-05-07 14:05:54.184+09
1821	29751	49892	4	4	f	2022-12-14 04:40:08.941+09
1822	29751	57616	5	3	t	2022-04-07 09:08:31.485+09
1823	29751	97738	5	4	f	2022-05-29 11:49:27.029+09
1824	29751	24711	3	3	t	2022-10-03 15:33:11.762+09
1825	29751	15112	4	2	t	2022-09-11 23:46:31.29+09
1826	29751	96126	1	2	t	2022-03-25 15:03:59.908+09
1827	29751	93568	3	4	t	2022-11-17 02:00:58.796+09
1828	29751	46152	3	4	t	2022-04-24 07:02:48.545+09
1829	29751	33143	2	0	f	2022-03-19 01:50:16.1+09
1830	71151	47281	0	4	f	2022-08-21 19:30:12.444+09
1831	50897	47281	5	0	t	2022-10-04 02:39:15.351+09
1832	50897	58746	5	5	t	2023-01-15 04:31:31.431+09
1833	50897	69273	4	0	f	2022-09-10 14:37:43.844+09
1834	50897	39076	3	2	f	2022-07-04 08:51:24.099+09
1835	50897	20129	2	1	t	2022-12-05 03:39:34.729+09
1836	50897	78572	5	3	t	2022-02-28 13:47:57.819+09
1837	40318	47281	1	5	f	2022-05-14 23:45:02.124+09
1838	40318	58746	4	0	f	2023-01-12 16:04:31.769+09
1839	40318	69273	2	5	t	2022-06-26 05:54:06.265+09
1840	40318	39076	3	1	f	2022-04-17 12:59:23.989+09
1841	40318	20129	0	3	f	2022-11-11 00:58:15.721+09
1842	40318	78572	0	1	f	2022-06-17 11:26:00.188+09
1843	40318	59895	4	4	t	2022-04-25 21:31:03.563+09
1844	40318	66282	4	5	t	2022-10-30 21:15:11.944+09
1845	40318	70986	2	0	f	2022-04-15 21:02:08.575+09
1846	40318	36862	2	1	f	2022-08-21 11:46:23.582+09
1847	40318	99383	1	3	t	2022-05-31 13:35:29.829+09
1848	40318	52863	2	4	f	2022-09-20 15:15:40.521+09
1849	40318	35137	5	1	f	2023-01-07 15:15:52.786+09
1850	40318	49892	3	3	t	2022-09-07 01:17:52.878+09
1851	40318	57616	1	0	t	2022-11-24 03:46:19.301+09
1852	40318	97738	3	2	f	2023-02-10 04:45:58.464+09
1853	40318	24711	0	3	t	2022-08-02 20:24:12.579+09
1854	40318	15112	3	4	t	2023-01-26 16:33:41.977+09
1855	40318	96126	3	4	t	2022-08-27 07:35:45.228+09
1856	40318	93568	1	5	f	2023-01-01 04:22:22.773+09
1857	40318	46152	5	1	t	2022-12-17 03:33:45.27+09
1858	40318	33143	4	3	t	2022-07-26 20:31:42.6+09
1859	40318	72163	0	4	t	2022-05-17 22:28:12.126+09
1860	40318	24760	4	1	t	2022-09-19 15:39:02.162+09
1861	40318	88905	4	1	f	2023-02-09 09:04:11.415+09
1862	40318	23300	2	0	f	2022-12-03 17:53:13.099+09
1863	69733	47281	5	3	f	2022-03-31 14:46:01.88+09
1864	69733	58746	4	2	f	2022-07-25 09:04:22.708+09
1865	69733	69273	0	3	f	2022-12-31 04:50:24.532+09
1866	69733	39076	3	0	f	2022-06-22 13:52:52.689+09
1867	69733	20129	0	3	f	2022-03-21 04:40:46.712+09
1868	69733	78572	4	0	f	2022-08-16 02:17:59.524+09
1869	69733	59895	2	0	f	2022-12-12 05:18:02.422+09
1870	69733	66282	0	1	t	2022-10-13 23:27:33.9+09
1871	69733	70986	5	5	f	2022-12-11 00:33:32.036+09
1872	77796	47281	5	1	t	2022-07-27 08:27:31.925+09
1873	77796	58746	1	4	t	2022-07-29 04:38:28.108+09
1874	77796	69273	2	0	t	2022-09-28 11:11:50.522+09
1875	77796	39076	0	5	t	2022-08-06 15:35:39.586+09
1876	77796	20129	4	3	f	2022-03-11 16:23:23.671+09
1877	77796	78572	4	3	f	2022-05-27 03:39:29.19+09
1878	77796	59895	2	1	t	2022-02-24 11:02:44.956+09
1879	77796	66282	5	1	f	2022-11-21 20:39:18.108+09
1880	77796	70986	2	3	f	2022-12-30 13:23:02.477+09
1881	77796	36862	3	3	f	2022-12-17 16:56:01.135+09
1882	77796	99383	3	1	t	2022-07-27 20:11:41.506+09
1883	77796	52863	5	3	t	2022-05-01 21:29:46.765+09
1884	77796	35137	0	3	t	2022-04-11 22:27:45.07+09
1885	77796	49892	0	2	f	2022-04-08 18:40:47.569+09
1886	77796	57616	5	5	f	2022-11-15 07:22:37.279+09
1887	77796	97738	5	1	t	2022-07-15 03:15:18.053+09
1888	77796	24711	0	4	t	2022-03-30 16:39:25.845+09
1889	77796	15112	3	1	f	2022-08-22 05:20:07.192+09
1890	77796	96126	1	3	t	2022-11-12 07:20:54.301+09
1891	77796	93568	4	5	f	2022-12-21 05:49:20.443+09
1892	77796	46152	1	3	t	2022-07-04 06:33:20.414+09
1893	77796	33143	0	5	f	2022-03-23 05:57:20.15+09
1894	77796	72163	0	3	t	2022-08-17 10:56:14.248+09
1895	77796	24760	2	1	f	2022-06-05 14:28:04.861+09
1896	77796	88905	5	2	t	2022-07-06 00:59:06.61+09
1897	77796	23300	2	4	f	2022-03-08 17:29:40.396+09
1898	77796	15469	5	2	f	2022-05-09 16:40:12.217+09
1899	77796	79037	5	2	t	2022-07-16 15:22:02.943+09
1900	50385	47281	4	4	t	2022-02-17 07:13:04.387+09
1901	50385	58746	0	1	f	2022-10-15 13:56:58.041+09
1902	50385	69273	4	5	t	2022-03-25 14:00:06.232+09
1903	50385	39076	3	5	t	2022-07-17 14:29:13.495+09
1904	50385	20129	0	2	f	2022-10-11 22:46:48.569+09
1905	50385	78572	3	2	t	2022-03-08 15:36:07.643+09
1906	50385	59895	3	0	t	2022-09-10 19:54:05.297+09
1907	50385	66282	0	1	f	2022-05-15 04:56:56.22+09
1908	16009	47281	5	2	t	2023-01-27 13:23:56.19+09
1909	16009	58746	1	3	f	2022-07-18 02:35:50.749+09
1910	16009	69273	2	3	t	2022-09-30 19:02:38.951+09
1911	16009	39076	2	4	f	2022-11-18 07:10:26.048+09
1912	16009	20129	3	3	f	2023-01-19 11:23:31.744+09
1913	16009	78572	2	1	t	2022-05-16 06:28:11.586+09
1914	16009	59895	1	2	t	2022-10-12 20:20:58.675+09
1915	16009	66282	2	1	t	2022-08-08 05:34:30.616+09
1916	16009	70986	1	0	f	2022-12-10 01:43:57.43+09
1917	16009	36862	5	1	f	2022-12-12 14:28:59.457+09
1918	16009	99383	1	0	t	2022-09-19 11:26:34.047+09
1919	16009	52863	1	1	f	2022-05-23 16:36:23.586+09
1920	16009	35137	2	1	t	2022-07-06 01:59:11.918+09
1921	16009	49892	1	5	t	2022-07-16 16:07:25.273+09
1922	16009	57616	0	5	t	2022-04-14 23:51:38.326+09
1923	16009	97738	1	5	f	2022-10-16 22:53:38.941+09
1924	16009	24711	3	0	t	2022-11-25 07:51:10.878+09
1925	16009	15112	1	4	t	2022-03-25 05:44:50.027+09
1926	16009	96126	3	4	f	2022-05-29 08:56:55.866+09
1927	16009	93568	0	2	f	2022-11-04 20:22:33.472+09
1928	16009	46152	5	3	t	2022-12-10 14:24:47.101+09
1929	16009	33143	1	1	t	2022-12-19 00:13:23.926+09
1930	16009	72163	3	1	f	2022-08-30 02:45:18.58+09
1931	16009	24760	4	2	t	2022-07-11 09:53:23.478+09
1932	16009	88905	1	5	f	2022-08-28 05:43:32.34+09
1933	26464	47281	5	2	t	2022-05-13 05:39:08.812+09
1934	26464	58746	0	1	f	2022-07-13 14:30:47.481+09
1935	26464	69273	2	3	t	2023-01-03 12:17:44.484+09
1936	26464	39076	3	1	t	2022-07-11 09:27:36.866+09
1937	26464	20129	5	0	t	2022-06-27 03:44:44.326+09
1938	26464	78572	3	3	f	2022-06-09 10:57:02.336+09
1939	26464	59895	3	1	t	2022-07-31 18:10:33.807+09
1940	26464	66282	1	3	t	2023-01-20 06:33:32.653+09
1941	26464	70986	3	0	t	2022-02-15 19:36:15.22+09
1942	26464	36862	1	2	f	2022-11-21 17:38:22.476+09
1943	26464	99383	3	1	f	2022-03-10 17:25:21.945+09
1944	26464	52863	5	0	t	2022-09-21 08:42:17.646+09
1945	26464	35137	0	3	t	2022-10-28 01:02:55.177+09
1946	26464	49892	5	1	t	2023-02-10 08:16:49.225+09
1947	26464	57616	1	3	f	2022-05-20 20:20:00.873+09
1948	26464	97738	5	5	t	2022-10-01 22:13:29.08+09
1949	26464	24711	0	3	f	2022-06-12 02:23:29.197+09
1950	46898	47281	5	5	t	2022-11-05 13:32:58.253+09
1951	46898	58746	5	0	t	2022-07-19 02:46:24.072+09
1952	46898	69273	0	4	t	2022-03-24 11:54:54.602+09
1953	46898	39076	5	4	t	2022-07-20 15:45:19.905+09
1954	46898	20129	2	2	t	2022-10-02 07:36:18.694+09
1955	46898	78572	0	0	f	2022-05-13 10:55:08.685+09
1956	46898	59895	3	3	t	2022-10-20 02:56:43.037+09
1957	46898	66282	1	2	f	2022-12-21 17:37:56.029+09
1958	46898	70986	3	3	t	2022-10-20 17:17:49.831+09
1959	46898	36862	3	1	f	2023-01-21 06:38:25.011+09
1960	46898	99383	5	1	f	2022-03-03 14:03:58.215+09
1961	46898	52863	1	2	t	2022-09-30 04:52:45.256+09
1962	46898	35137	3	0	t	2023-02-06 02:36:04.389+09
1963	46898	49892	0	3	f	2023-01-31 08:00:49.837+09
1964	46898	57616	1	2	t	2022-11-10 01:27:21.926+09
1965	46898	97738	3	3	f	2022-07-19 10:52:13.617+09
1966	46898	24711	0	2	t	2022-06-04 02:59:02.974+09
1967	46898	15112	2	4	t	2022-03-07 18:47:27.996+09
1968	46898	96126	5	3	t	2022-11-14 20:44:00.096+09
1969	46898	93568	3	5	t	2022-03-20 17:35:41.138+09
1970	46898	46152	0	0	f	2022-07-19 00:54:42.215+09
1971	46898	33143	5	0	t	2023-01-17 20:21:23.223+09
1972	46898	72163	5	1	t	2022-08-24 18:44:05.765+09
1973	46898	24760	4	5	f	2022-10-07 11:02:15.612+09
1974	46898	88905	3	4	f	2022-08-21 23:48:43.627+09
1975	46898	23300	2	3	f	2022-07-23 10:38:46.611+09
1976	46898	15469	0	4	f	2022-02-27 22:42:48.128+09
1977	46898	79037	4	3	t	2022-12-04 12:46:04.489+09
1978	87363	47281	2	3	f	2023-01-04 03:59:56.245+09
1979	87363	58746	1	4	t	2022-10-20 12:53:47.391+09
1980	87363	69273	1	0	f	2022-08-20 23:56:59.72+09
1981	87363	39076	0	4	f	2022-12-10 13:36:16.385+09
1982	87363	20129	2	1	t	2022-04-24 04:44:34.31+09
1983	87363	78572	2	4	f	2022-06-29 14:42:22.395+09
1984	87363	59895	5	0	t	2022-10-30 16:04:54.749+09
1985	87363	66282	1	4	t	2022-05-11 09:00:34.529+09
1986	87363	70986	2	0	f	2022-02-15 02:30:40.441+09
1987	87363	36862	0	5	t	2022-03-22 07:41:14.253+09
1988	28232	47281	5	5	t	2022-11-11 00:12:40.726+09
1989	28232	58746	5	2	t	2022-04-08 07:34:16.807+09
1990	28232	69273	2	5	t	2022-10-19 02:01:18.554+09
1991	28232	39076	0	1	f	2022-04-02 03:08:46.309+09
1992	28232	20129	0	2	f	2022-06-01 00:05:53.977+09
1993	28232	78572	4	1	t	2022-03-17 12:42:02.118+09
1994	28232	59895	3	3	f	2022-05-25 23:45:15.189+09
1995	28232	66282	0	3	t	2023-01-19 20:17:44.084+09
1996	90713	47281	4	2	t	2022-08-08 23:46:24.888+09
1997	90713	58746	5	3	f	2023-01-30 20:50:15.185+09
1998	90713	69273	5	1	f	2022-05-28 11:58:00.759+09
1999	90713	39076	5	0	t	2023-01-24 03:01:37.975+09
2000	90684	47281	1	3	f	2022-12-13 17:57:13.55+09
2001	82633	47281	0	3	t	2022-10-03 07:16:53.256+09
2002	82633	58746	3	5	f	2022-06-01 16:17:34.006+09
2003	82633	69273	5	0	f	2022-05-12 16:54:07.784+09
2004	82633	39076	3	4	f	2022-12-09 02:47:06.039+09
2005	82633	20129	1	0	f	2022-04-14 03:32:43.189+09
2006	82633	78572	1	0	t	2022-02-28 19:04:19.28+09
2007	82633	59895	3	0	t	2022-08-23 08:45:14.953+09
2008	82633	66282	4	4	f	2022-09-28 13:56:50.251+09
2009	82633	70986	4	4	t	2022-12-18 03:29:26.049+09
2010	82633	36862	2	3	t	2022-12-02 11:43:22.184+09
2011	82633	99383	0	1	t	2022-03-05 09:00:29.72+09
2012	82633	52863	1	5	f	2022-11-08 08:55:23.279+09
2013	82633	35137	1	0	f	2022-06-16 09:46:41.662+09
2014	82633	49892	0	2	f	2022-08-04 11:57:22.841+09
2015	82633	57616	1	3	t	2022-09-17 14:46:54.202+09
2016	82633	97738	3	4	f	2022-10-11 17:13:21.076+09
2017	82633	24711	4	4	t	2023-01-08 11:42:47.261+09
2018	82633	15112	0	2	f	2022-08-16 10:53:50.468+09
2019	82633	96126	1	2	f	2023-01-08 22:37:48.544+09
2020	82633	93568	1	4	t	2023-01-14 22:05:27.855+09
2021	82633	46152	0	1	t	2022-12-16 14:13:02.333+09
2022	82633	33143	1	2	f	2022-05-22 16:05:04.431+09
2023	82633	72163	4	2	f	2022-04-07 15:37:15.329+09
2024	82633	24760	4	3	t	2022-03-07 05:56:34.201+09
2025	82633	88905	5	1	f	2022-03-10 22:06:51.265+09
2026	82633	23300	2	5	f	2022-02-27 16:32:02.59+09
2027	82633	15469	5	1	t	2022-09-26 05:04:15.304+09
2028	82633	79037	4	4	f	2022-09-06 13:51:46.096+09
2029	82633	20929	1	0	f	2022-12-08 09:56:16.344+09
2030	82633	51584	4	0	t	2022-10-15 21:05:18.211+09
2031	15402	47281	4	4	f	2022-07-12 11:46:19.408+09
2032	15402	58746	0	0	t	2022-04-15 10:13:46.33+09
2033	10810	47281	1	3	t	2022-10-01 18:08:38.355+09
2034	10810	58746	5	5	t	2023-01-16 04:14:20.443+09
2035	10810	69273	5	1	t	2022-04-05 11:09:54.677+09
2036	10810	39076	4	5	f	2023-01-30 03:16:27.155+09
2037	10810	20129	2	4	t	2022-12-25 00:31:41.907+09
2038	10810	78572	3	4	t	2022-04-26 07:49:07.017+09
2039	10810	59895	5	0	t	2022-08-29 05:25:00.084+09
2040	10810	66282	0	1	t	2023-01-01 14:32:56.885+09
2041	10810	70986	3	0	t	2022-09-25 05:02:26.15+09
2042	10810	36862	1	1	t	2022-10-31 06:52:44.009+09
2043	10810	99383	2	0	t	2022-03-30 00:48:00.363+09
2044	10810	52863	1	4	f	2022-04-19 17:35:47.043+09
2045	10810	35137	4	1	f	2022-09-04 15:46:20.358+09
2046	10810	49892	1	0	f	2022-12-14 03:06:16.929+09
2047	10810	57616	1	4	t	2022-06-15 16:55:05.723+09
2048	10810	97738	2	2	t	2022-07-27 05:57:01.562+09
2049	10810	24711	2	3	f	2022-05-22 20:34:23.997+09
2050	10810	15112	5	2	t	2022-03-09 01:10:00.613+09
2051	10810	96126	4	3	t	2022-10-09 20:04:37.559+09
2052	10810	93568	3	0	t	2022-03-21 14:30:00.886+09
2053	10810	46152	3	1	f	2022-10-09 16:20:01.474+09
2054	10810	33143	4	5	f	2022-02-27 08:30:16.524+09
2055	10810	72163	5	4	f	2022-12-24 12:51:47.818+09
2056	10810	24760	2	2	f	2022-02-26 12:23:20.604+09
2057	10810	88905	2	4	t	2022-10-03 01:51:42.229+09
2058	10810	23300	0	1	f	2022-08-29 00:37:08.769+09
2059	10810	15469	4	4	t	2022-11-30 19:26:35.773+09
2060	10810	79037	5	5	t	2022-10-25 00:55:19.626+09
2061	62778	47281	0	4	f	2022-04-17 03:23:57.05+09
2062	62778	58746	2	1	f	2023-02-09 14:40:12.258+09
2063	62778	69273	1	4	f	2022-08-07 15:36:54.084+09
2064	62778	39076	2	3	f	2023-01-23 23:33:19.873+09
2065	39675	47281	3	2	t	2022-04-25 22:14:12.583+09
2066	39675	58746	5	0	t	2022-07-06 22:17:44.251+09
2067	39675	69273	0	2	t	2022-05-24 12:13:49.513+09
2068	39675	39076	1	3	t	2022-07-21 08:48:13.083+09
2069	39675	20129	3	3	f	2023-01-05 23:51:03.743+09
2070	39675	78572	3	4	t	2022-11-09 20:56:52.159+09
2071	39675	59895	1	1	t	2022-03-24 16:29:15.125+09
2072	39675	66282	3	3	t	2022-11-20 11:45:20.602+09
2073	39675	70986	4	1	f	2022-09-02 21:57:21.779+09
2074	39675	36862	4	1	t	2022-04-27 21:47:59.302+09
2075	39675	99383	0	2	t	2022-10-18 11:42:57.386+09
2076	39675	52863	3	1	f	2022-07-28 21:01:19.239+09
2077	39675	35137	5	2	t	2022-10-18 00:12:01.087+09
2078	39675	49892	0	3	f	2022-12-05 21:20:24.164+09
2079	39675	57616	3	1	f	2023-01-28 06:51:50.383+09
2080	39675	97738	3	2	f	2023-01-06 12:55:15.511+09
2081	39675	24711	0	4	f	2022-10-27 10:57:23.678+09
2082	39675	15112	4	4	f	2022-08-15 00:41:04.148+09
2083	39675	96126	2	2	t	2022-06-04 16:56:16.43+09
2084	39675	93568	4	0	f	2022-08-28 11:16:15.581+09
2085	39675	46152	3	2	t	2022-11-17 04:18:19.756+09
2086	39675	33143	4	1	t	2022-09-28 09:31:37.924+09
2087	39675	72163	4	2	t	2022-06-22 15:22:05.598+09
2088	39675	24760	4	4	f	2022-02-18 05:08:20.254+09
2089	39675	88905	1	5	t	2022-10-09 15:49:18.128+09
2090	69196	47281	5	3	t	2022-07-25 23:50:59.763+09
2091	69196	58746	4	4	f	2022-06-28 23:15:12.388+09
2092	69196	69273	1	0	f	2022-07-18 19:41:04.427+09
2093	69196	39076	3	0	t	2022-03-07 10:00:51.592+09
2094	69196	20129	3	3	t	2022-11-27 10:00:28.477+09
2095	69196	78572	1	3	f	2022-12-02 00:51:29.031+09
2096	69196	59895	4	0	f	2022-09-22 07:19:51.927+09
2097	69196	66282	2	0	t	2022-06-04 02:06:19.35+09
2098	69196	70986	4	0	t	2023-01-19 10:41:44.955+09
2099	69196	36862	1	0	f	2022-04-21 01:24:23.006+09
2100	69196	99383	2	5	t	2022-03-10 18:17:53.682+09
2101	69196	52863	4	3	f	2022-08-24 16:06:32.243+09
2102	69196	35137	1	2	t	2022-08-26 13:43:16.917+09
2103	69196	49892	3	3	t	2022-02-27 19:44:56.522+09
2104	69196	57616	1	0	f	2022-09-12 02:32:22.593+09
2105	69196	97738	0	1	t	2022-11-04 01:37:09.737+09
2106	69196	24711	2	4	t	2022-02-28 18:01:10.798+09
2107	69196	15112	3	1	f	2022-04-27 05:43:04.949+09
2108	69196	96126	4	0	f	2022-09-04 14:16:33.374+09
2109	69196	93568	4	3	t	2022-05-23 01:35:38.241+09
2110	69196	46152	3	5	f	2022-06-10 08:51:00.989+09
2111	69196	33143	0	1	t	2022-09-30 06:42:12.696+09
2112	69196	72163	4	1	t	2022-03-23 19:58:30.888+09
2113	69196	24760	5	1	f	2022-03-23 06:23:52.507+09
2114	69196	88905	3	2	t	2022-05-08 06:20:57.749+09
2115	69196	23300	5	3	t	2022-07-03 15:17:16.686+09
2116	70965	47281	0	0	f	2022-09-08 16:21:43.08+09
2117	70965	58746	5	3	t	2022-05-18 08:41:23.508+09
2118	70965	69273	2	2	f	2022-09-14 17:42:23.666+09
2119	70965	39076	5	0	t	2022-09-10 01:50:33.139+09
2120	70965	20129	3	3	f	2022-11-13 16:06:57.488+09
2121	70965	78572	0	1	t	2023-01-01 15:54:40.715+09
2122	70965	59895	1	4	t	2022-02-25 13:07:31.748+09
2123	70965	66282	0	1	f	2022-04-18 19:37:46.476+09
2124	70965	70986	4	3	t	2022-10-29 08:57:12.878+09
2125	70965	36862	0	5	f	2022-03-27 17:42:08.227+09
2126	80786	47281	2	3	f	2022-12-27 20:28:44.902+09
2127	80786	58746	0	5	f	2022-05-08 01:01:14.728+09
2128	80786	69273	4	4	t	2022-10-25 11:58:39.094+09
2129	80786	39076	5	3	t	2022-11-27 02:47:06.132+09
2130	80786	20129	5	4	f	2022-03-03 12:41:31.99+09
2131	80786	78572	4	4	t	2023-02-03 07:48:47.323+09
2132	80786	59895	1	2	t	2022-06-17 03:37:15.863+09
2133	80786	66282	5	5	f	2023-01-18 16:29:10.248+09
2134	80786	70986	3	3	t	2022-03-20 20:12:52.507+09
2135	80786	36862	4	5	f	2022-10-15 14:05:50.237+09
2136	80786	99383	3	2	t	2022-08-17 09:24:28.969+09
2137	80786	52863	5	0	t	2022-04-24 00:34:12.736+09
2138	80786	35137	3	3	t	2022-07-05 19:51:53.683+09
2139	80786	49892	1	1	f	2022-10-17 20:48:34.47+09
2140	80786	57616	0	1	f	2023-01-14 17:16:22.292+09
2141	80786	97738	2	0	t	2022-07-13 02:33:30.583+09
2142	80786	24711	2	2	f	2022-11-26 23:28:11.321+09
2143	72264	47281	0	1	t	2022-09-28 03:38:19.896+09
2144	72264	58746	5	2	t	2022-06-13 00:44:59.541+09
2145	72264	69273	2	3	f	2023-01-04 15:50:17.836+09
2146	72264	39076	0	2	f	2022-09-18 22:34:35.397+09
2147	16880	47281	5	0	t	2022-02-19 10:47:41.716+09
2148	16880	58746	1	1	f	2022-03-12 17:03:45.207+09
2149	16880	69273	3	3	f	2022-04-18 15:40:31.634+09
2150	16880	39076	1	0	f	2022-06-29 09:28:53.609+09
2151	16880	20129	1	4	t	2022-04-03 14:05:59.142+09
2152	16880	78572	2	5	t	2022-04-07 12:28:43.871+09
2153	16880	59895	2	1	t	2022-06-14 23:10:54.186+09
2154	16880	66282	5	2	t	2022-04-21 12:11:15.077+09
2155	16880	70986	4	1	f	2023-02-03 18:32:09.229+09
2156	16880	36862	4	0	t	2022-03-23 03:30:38.552+09
2157	16880	99383	4	4	t	2022-02-27 13:06:11.706+09
2158	16880	52863	1	5	f	2022-06-04 18:07:24.395+09
2159	16880	35137	1	2	f	2022-09-23 18:43:18.759+09
2160	16880	49892	2	4	f	2023-01-08 14:54:59.113+09
2161	16880	57616	0	5	t	2022-08-11 22:15:39.265+09
2162	16880	97738	2	1	f	2022-10-30 11:22:34.325+09
2163	16880	24711	1	1	f	2022-05-09 13:05:51.497+09
2164	16880	15112	3	2	f	2022-11-25 09:54:51.558+09
2165	81003	47281	2	1	t	2022-10-26 19:40:11.032+09
2166	81003	58746	5	0	f	2022-07-16 22:09:03.491+09
2167	81003	69273	2	3	f	2022-12-30 06:19:43.514+09
2168	81003	39076	2	3	f	2022-10-08 08:31:53.795+09
2169	81003	20129	3	1	f	2022-12-22 22:31:34.802+09
2170	81003	78572	1	1	t	2022-09-09 01:44:42.092+09
2171	81003	59895	3	5	t	2022-10-20 05:49:09.685+09
2172	81003	66282	1	1	f	2022-10-02 16:37:02.605+09
2173	81003	70986	5	4	f	2022-03-12 23:22:45.64+09
2174	81003	36862	2	2	t	2022-02-25 17:48:38.357+09
2175	56243	47281	2	1	t	2022-08-27 19:08:36.491+09
2176	56243	58746	4	2	t	2022-04-11 07:33:30.533+09
2177	56243	69273	5	1	t	2022-10-31 21:47:02.615+09
2178	56243	39076	1	5	f	2022-06-26 06:13:57.91+09
2179	56243	20129	2	2	t	2022-06-26 10:36:13.45+09
2180	56243	78572	5	2	t	2023-01-10 12:45:26.556+09
2181	56243	59895	1	3	t	2022-11-28 16:57:42.758+09
2182	56243	66282	3	2	t	2022-07-13 10:04:17.567+09
2183	56243	70986	0	2	f	2022-03-08 20:33:31.942+09
2184	56243	36862	1	4	t	2022-02-20 21:04:46.913+09
2185	75171	47281	2	1	t	2022-11-30 21:13:44.467+09
2186	75171	58746	2	1	t	2022-08-29 14:45:15.923+09
2187	75171	69273	5	4	f	2022-11-18 03:58:00.041+09
2188	75171	39076	2	5	t	2023-02-04 14:01:01.295+09
2189	75171	20129	1	5	t	2022-06-25 05:03:15.254+09
2190	75171	78572	1	4	f	2022-08-09 20:27:39.204+09
2191	75171	59895	1	5	f	2022-12-18 10:29:40.59+09
2192	75171	66282	1	3	f	2022-05-02 12:16:36.258+09
2193	75171	70986	4	2	f	2022-04-07 08:16:45.295+09
2194	75171	36862	3	3	t	2022-07-04 08:50:43.922+09
2195	75171	99383	1	1	t	2022-10-26 09:33:50.122+09
2196	75171	52863	0	0	t	2022-12-17 13:50:53.574+09
2197	75171	35137	0	1	f	2023-01-10 21:22:59.714+09
2198	75171	49892	3	0	t	2022-08-09 20:30:29.485+09
2199	75171	57616	5	3	f	2022-11-20 15:08:17.717+09
2200	75171	97738	1	2	f	2022-06-22 01:56:46.389+09
2201	75171	24711	5	4	f	2022-11-08 08:28:12.646+09
2202	75171	15112	4	3	f	2022-11-21 08:26:40.072+09
2203	75171	96126	0	4	t	2022-08-09 20:22:03.613+09
2204	72132	47281	5	3	t	2022-05-07 07:22:53.621+09
2205	72132	58746	4	5	f	2023-01-15 21:38:22.046+09
2206	72132	69273	5	5	t	2022-03-22 16:00:35.604+09
2207	72132	39076	3	1	t	2022-09-30 07:00:22.638+09
2208	27438	47281	4	2	f	2022-04-19 07:08:20.733+09
2209	27438	58746	1	4	f	2022-12-24 22:28:12.396+09
2210	27438	69273	5	0	t	2022-11-02 17:41:52.644+09
2211	27438	39076	1	1	f	2022-07-07 21:48:35.197+09
2212	27438	20129	5	4	t	2022-06-04 21:56:14.253+09
2213	27438	78572	2	5	t	2022-04-23 13:29:14.327+09
2214	27438	59895	2	4	f	2023-01-18 03:36:23.9+09
2215	27438	66282	0	0	f	2022-10-09 07:45:37.489+09
2216	27438	70986	2	0	t	2022-08-13 05:00:51.686+09
2217	91364	47281	3	2	f	2023-01-23 14:36:11.438+09
2218	91364	58746	3	3	t	2023-02-10 21:37:30.35+09
2219	91364	69273	3	5	f	2022-05-17 14:42:10.879+09
2220	91364	39076	2	4	t	2022-09-06 04:29:06.079+09
2221	91364	20129	2	4	f	2022-10-15 11:58:53.159+09
2222	91364	78572	3	5	f	2022-10-24 19:12:32.397+09
2223	91364	59895	3	2	t	2022-03-27 08:20:41.731+09
2224	91364	66282	4	3	f	2022-07-20 08:07:13.97+09
2225	91364	70986	5	4	t	2022-11-16 22:53:41.397+09
2226	91364	36862	3	2	t	2022-07-14 14:31:42.17+09
2227	91364	99383	5	2	f	2022-02-20 12:25:26.025+09
2228	91364	52863	3	5	t	2022-11-28 09:10:11.763+09
2229	91364	35137	0	2	t	2022-09-19 03:06:56.912+09
2230	91364	49892	0	1	f	2022-12-09 20:15:44.831+09
2231	91364	57616	0	2	f	2022-04-05 05:20:01.58+09
2232	91364	97738	4	4	t	2023-01-04 08:06:48.087+09
2233	91364	24711	0	0	f	2022-11-21 00:14:27.417+09
2234	91364	15112	3	5	t	2022-05-27 13:21:34.817+09
2235	91364	96126	1	4	t	2022-04-18 06:40:16.802+09
2236	91364	93568	4	0	t	2022-07-01 16:40:03.267+09
2237	91364	46152	5	5	f	2022-10-12 16:15:07.097+09
2238	91364	33143	5	3	t	2022-06-01 02:27:35.297+09
2239	89928	47281	2	5	t	2022-08-15 07:02:27.351+09
2240	89928	58746	2	1	f	2022-07-16 13:21:43.121+09
2241	89928	69273	4	2	f	2022-10-21 14:08:07.467+09
2242	89928	39076	4	0	t	2022-02-25 11:52:51.033+09
2243	89928	20129	3	3	t	2022-08-27 00:43:10.009+09
2244	89928	78572	3	0	t	2022-08-11 13:15:32.612+09
2245	75605	47281	2	4	f	2022-06-08 17:49:06.339+09
2246	75605	58746	2	4	f	2022-06-01 20:29:21.914+09
2247	75605	69273	3	0	t	2022-11-07 06:07:09.914+09
2248	75605	39076	0	5	t	2022-07-13 01:35:23.623+09
2249	75605	20129	1	4	t	2022-04-07 10:43:41.316+09
2250	75605	78572	2	4	f	2022-12-11 07:03:40.393+09
2251	75605	59895	3	5	f	2022-04-29 00:57:17.07+09
2252	75605	66282	1	5	f	2022-02-27 14:26:41.708+09
2253	75605	70986	1	5	f	2022-12-24 14:41:02.577+09
2254	75605	36862	4	5	f	2022-05-24 23:21:10.376+09
2255	75605	99383	0	2	t	2022-08-28 08:30:59.633+09
2256	75605	52863	5	5	f	2022-12-10 01:59:14.435+09
2257	75605	35137	0	3	f	2022-02-21 13:14:19.901+09
2258	75605	49892	5	2	t	2022-08-28 16:00:50.748+09
2259	75605	57616	2	2	f	2022-02-12 16:25:10.482+09
2260	75605	97738	2	0	f	2022-12-05 21:25:20.693+09
2261	75605	24711	1	3	f	2023-01-06 11:54:04.187+09
2262	75605	15112	5	0	f	2022-07-11 10:05:00.398+09
2263	75605	96126	3	1	f	2022-09-23 19:02:09.917+09
2264	75605	93568	1	0	t	2022-05-20 13:43:49.489+09
2265	75605	46152	3	4	t	2022-07-25 19:39:43.628+09
2266	75605	33143	4	2	t	2022-03-30 08:14:21.026+09
2267	75605	72163	1	2	t	2022-06-23 15:46:22.536+09
2268	75605	24760	1	0	t	2022-09-19 00:15:37.904+09
2269	75605	88905	4	2	f	2022-09-24 13:29:31.317+09
2270	32750	47281	1	2	f	2022-11-24 19:50:28+09
2271	32750	58746	0	3	f	2022-06-20 05:29:05.622+09
2272	32750	69273	0	4	f	2022-11-04 00:10:54.315+09
2273	32750	39076	5	5	f	2023-01-01 03:48:24.91+09
2274	32750	20129	3	2	f	2022-05-21 13:10:57.655+09
2275	32750	78572	2	2	t	2023-01-05 14:58:45.185+09
2276	32750	59895	4	5	f	2022-04-18 12:58:50.442+09
2277	32750	66282	2	5	f	2022-09-20 11:23:23.965+09
2278	32750	70986	3	5	t	2022-07-21 23:10:45.984+09
2279	32750	36862	4	1	t	2022-06-19 06:55:46.568+09
2280	32750	99383	2	4	t	2022-08-23 11:59:37.746+09
2281	32750	52863	0	3	t	2022-12-08 16:08:56.464+09
2282	32750	35137	1	0	f	2022-12-04 22:50:41.019+09
2283	32750	49892	4	1	f	2022-05-09 08:03:34.306+09
2284	32750	57616	0	1	t	2022-03-06 04:50:20.416+09
2285	32750	97738	4	2	f	2022-04-25 16:26:23.957+09
2286	32750	24711	0	5	f	2022-09-21 13:03:40.873+09
2287	32750	15112	4	2	f	2022-12-08 21:06:28.949+09
2288	32750	96126	0	3	t	2022-11-24 16:47:47.082+09
2289	32750	93568	0	4	t	2022-07-28 17:17:38.482+09
2290	32750	46152	1	0	t	2022-10-02 16:18:29.594+09
2291	32750	33143	3	2	f	2022-04-17 17:52:30.323+09
2292	37485	47281	4	1	t	2022-08-12 04:23:56.749+09
2293	37485	58746	4	0	t	2022-08-22 17:03:55.422+09
2294	37485	69273	4	1	t	2022-08-08 22:59:12.465+09
2295	37485	39076	5	2	t	2023-01-05 15:56:19.669+09
2296	37485	20129	2	4	f	2023-01-02 01:58:22.719+09
2297	37485	78572	1	5	f	2022-07-11 14:06:07.014+09
2298	37485	59895	4	5	f	2022-08-06 21:25:01.891+09
2299	37485	66282	4	5	f	2022-09-01 02:08:47.433+09
2300	37485	70986	3	3	f	2023-01-24 06:23:03.324+09
2301	37485	36862	0	2	f	2022-07-29 19:22:37.145+09
2302	37485	99383	1	4	f	2023-01-29 15:20:22.984+09
2303	37485	52863	5	0	f	2022-07-08 12:06:01.634+09
2304	37485	35137	1	3	f	2022-02-14 00:28:45.533+09
2305	37485	49892	0	3	f	2022-09-04 16:31:06.182+09
2306	25731	47281	5	4	f	2022-12-06 08:57:38.803+09
2307	25731	58746	5	5	t	2022-08-31 06:59:48.634+09
2308	25731	69273	2	4	f	2022-11-28 20:30:39.187+09
2309	25731	39076	5	2	t	2022-10-01 03:42:23.954+09
2310	25731	20129	3	1	t	2022-09-22 07:31:30.77+09
2311	51165	47281	3	0	t	2022-09-19 06:42:59.143+09
2312	51165	58746	5	0	f	2022-11-15 03:41:50.966+09
2313	51165	69273	5	3	f	2022-04-02 11:00:31.623+09
2314	51165	39076	0	5	t	2022-09-07 11:04:56.017+09
2315	51165	20129	3	2	t	2022-04-19 20:10:58.803+09
2316	51165	78572	3	3	f	2022-03-29 00:31:00.367+09
2317	51165	59895	0	1	f	2023-01-20 02:29:55.083+09
2318	51165	66282	2	4	f	2022-07-20 05:11:05.659+09
2319	51165	70986	5	5	f	2022-05-01 13:02:02.319+09
2320	51165	36862	0	4	f	2022-03-11 09:34:05.798+09
2321	51165	99383	2	1	f	2022-11-01 18:29:58.104+09
2322	51165	52863	2	1	t	2022-09-10 21:34:48.531+09
2323	51165	35137	3	0	t	2022-04-15 09:02:34.863+09
2324	51165	49892	2	2	t	2022-08-16 15:07:51.717+09
2325	51165	57616	5	4	f	2022-12-13 18:07:34.517+09
2326	51165	97738	5	2	f	2022-06-10 05:14:42.091+09
2327	51165	24711	0	4	t	2022-07-31 00:51:11.245+09
2328	51165	15112	3	1	f	2022-06-24 04:21:15.822+09
2329	51165	96126	0	2	f	2022-10-02 11:26:42.568+09
2330	51165	93568	0	0	t	2022-07-01 01:47:26.091+09
2331	51165	46152	4	3	f	2022-06-17 03:19:23.118+09
2332	77322	47281	5	4	t	2022-11-15 12:57:42.276+09
2333	77322	58746	0	1	f	2022-04-28 06:11:41.747+09
2334	77322	69273	1	0	f	2022-02-17 02:50:13.751+09
2335	77322	39076	1	3	f	2022-02-23 14:34:35.877+09
2336	77322	20129	4	3	t	2022-11-06 09:33:16.915+09
2337	77322	78572	1	3	f	2022-03-05 03:58:30.892+09
2338	77322	59895	3	5	t	2022-04-06 12:06:43.191+09
2339	77322	66282	2	0	t	2022-08-04 20:28:58.543+09
2340	50537	47281	5	5	t	2022-11-21 22:24:39.977+09
2341	50537	58746	0	1	t	2022-08-23 00:06:31.653+09
2342	50537	69273	1	3	t	2022-04-26 23:02:39.945+09
2343	50537	39076	3	3	t	2022-12-10 23:09:48.01+09
2344	50537	20129	0	3	f	2022-04-04 05:50:33.516+09
2345	50537	78572	2	2	f	2022-10-03 14:14:39.185+09
2346	50537	59895	1	1	t	2022-12-27 15:24:48.813+09
2347	50537	66282	3	0	t	2022-09-12 10:29:30.377+09
2348	50537	70986	0	4	f	2022-09-05 04:04:33.393+09
2349	50537	36862	2	0	t	2022-10-12 14:02:13.45+09
2350	50537	99383	1	1	t	2022-09-29 06:10:04.133+09
2351	23323	47281	4	3	t	2022-11-17 23:53:05.101+09
2352	23323	58746	0	4	f	2022-05-18 06:17:08.797+09
2353	23323	69273	5	5	f	2022-06-14 19:13:23.699+09
2354	23323	39076	0	0	t	2022-10-15 05:12:40.104+09
2355	23323	20129	4	4	t	2022-09-26 09:14:34.067+09
2356	23323	78572	5	3	f	2022-04-30 14:21:22.331+09
2357	23323	59895	3	3	f	2022-03-19 10:17:59.603+09
2358	23323	66282	0	2	t	2022-03-18 20:57:40.3+09
2359	23323	70986	0	0	f	2022-12-25 19:41:56.974+09
2360	23323	36862	2	2	f	2022-08-15 17:42:49.203+09
2361	23323	99383	5	4	t	2022-05-12 16:03:05.407+09
2362	23323	52863	5	2	f	2022-04-07 17:57:12.193+09
2363	23323	35137	1	0	f	2022-05-07 17:31:18.122+09
2364	51985	47281	3	4	t	2022-05-05 17:24:30.964+09
2365	51985	58746	4	4	f	2022-09-22 19:07:48.151+09
2366	51985	69273	0	0	f	2022-08-27 04:48:25.736+09
2367	51985	39076	2	1	f	2022-05-16 01:58:22.102+09
2368	51985	20129	4	3	t	2022-04-16 20:10:50.39+09
2369	51985	78572	1	5	f	2022-12-31 12:52:04.939+09
2370	51985	59895	1	2	f	2022-10-07 03:12:25.74+09
2371	51985	66282	4	5	f	2022-10-07 21:07:39.692+09
2372	51985	70986	1	3	f	2022-05-23 06:18:52.766+09
2373	51985	36862	1	5	t	2022-06-19 11:41:54.765+09
2374	36846	47281	2	2	f	2023-01-23 08:30:47.636+09
2375	36846	58746	0	2	f	2022-07-20 14:16:11.551+09
2376	36846	69273	2	1	t	2022-08-01 16:28:23.604+09
2377	36846	39076	3	5	t	2022-10-20 03:37:08.481+09
2378	36846	20129	5	5	f	2022-11-23 08:10:39.579+09
2379	36846	78572	4	0	f	2022-03-27 15:12:33.234+09
2380	36846	59895	3	2	f	2022-10-16 12:20:22.247+09
2381	36846	66282	0	3	t	2022-04-11 01:58:03.056+09
2382	36846	70986	5	1	t	2022-05-07 21:17:24.278+09
2383	36846	36862	3	0	t	2022-10-01 18:30:37.856+09
2384	36846	99383	1	2	f	2022-06-02 11:23:23.375+09
2385	36846	52863	4	4	t	2022-08-21 08:12:19.7+09
2386	36846	35137	0	5	t	2022-05-19 05:37:28.505+09
2387	36846	49892	0	1	f	2022-06-08 04:28:45.861+09
2388	36846	57616	4	0	t	2022-02-28 04:05:24.992+09
2389	36846	97738	2	4	t	2022-08-29 19:32:13.338+09
2390	36846	24711	5	1	t	2022-05-21 18:25:03.125+09
2391	36846	15112	0	0	t	2022-09-11 03:50:24.754+09
2392	36846	96126	5	1	t	2022-09-07 09:58:18.302+09
2393	36846	93568	5	3	t	2022-10-16 15:35:35.762+09
2394	36846	46152	1	4	f	2023-01-05 04:06:14.432+09
2395	36846	33143	4	5	f	2022-05-05 10:24:12.746+09
2396	36846	72163	1	0	t	2022-12-04 14:53:48.877+09
2397	36846	24760	1	5	f	2022-04-13 23:47:19.549+09
2398	36846	88905	3	1	f	2022-10-07 06:25:07.352+09
2399	36846	23300	5	4	t	2022-07-18 16:28:01.965+09
2400	36846	15469	0	3	f	2022-04-16 17:18:13.611+09
2401	36846	79037	4	1	f	2022-12-06 11:35:49.354+09
2402	36846	20929	5	3	t	2022-04-21 22:19:57.334+09
2403	78258	47281	3	0	f	2022-03-07 05:58:58.33+09
2404	78258	58746	1	2	t	2023-01-09 03:55:50.629+09
2405	78258	69273	3	0	f	2022-11-26 09:09:49.972+09
2406	78258	39076	0	3	t	2022-10-22 21:43:33.197+09
2407	78258	20129	3	5	t	2022-02-25 07:05:52.468+09
2408	78258	78572	1	2	f	2022-10-08 08:40:29.001+09
2409	78258	59895	1	4	t	2022-11-26 15:31:54.358+09
2410	78258	66282	2	4	f	2022-04-21 13:05:18.121+09
2411	78258	70986	1	5	f	2022-12-01 01:03:26.18+09
2412	78258	36862	1	2	t	2022-12-05 01:42:15.528+09
2413	78258	99383	4	3	t	2023-01-11 07:26:28.459+09
2414	78258	52863	4	3	f	2022-03-21 15:06:40.943+09
2415	78258	35137	4	0	t	2022-02-17 04:15:53.505+09
2416	70494	47281	2	1	t	2022-09-02 21:47:15.309+09
2417	70494	58746	0	3	f	2022-07-08 10:56:17.889+09
2418	84577	47281	4	5	f	2022-02-23 15:41:10.877+09
2419	84577	58746	2	3	t	2022-05-27 04:44:53.16+09
2420	84577	69273	0	4	f	2022-07-13 16:43:34.449+09
2421	84577	39076	0	1	t	2022-02-20 00:01:19.464+09
2422	84577	20129	2	0	f	2022-02-19 16:29:32.925+09
2423	84577	78572	5	3	f	2022-06-17 16:52:33.712+09
2424	84577	59895	0	0	f	2022-04-21 23:45:43.446+09
2425	84577	66282	1	1	t	2022-12-03 15:03:21.596+09
2426	84577	70986	4	2	t	2022-03-01 07:55:23.518+09
2427	84577	36862	3	0	t	2022-07-31 02:06:10.12+09
2428	84577	99383	5	3	f	2022-07-04 11:57:15.265+09
2429	84577	52863	0	5	f	2022-09-10 01:59:25.219+09
2430	84577	35137	2	5	t	2022-11-29 20:52:28.394+09
2431	84577	49892	4	4	t	2023-01-12 20:45:40.136+09
2432	84577	57616	1	1	f	2022-06-13 07:54:08.012+09
2433	84577	97738	0	5	f	2022-09-05 17:27:25.399+09
2434	84577	24711	1	0	t	2022-09-04 20:46:34.631+09
2435	82809	47281	3	0	t	2022-08-03 21:06:43.089+09
2436	82809	58746	0	2	f	2022-09-01 00:11:25.564+09
2437	82809	69273	3	4	t	2022-06-04 14:58:47.168+09
2438	82809	39076	0	3	t	2022-09-02 13:03:03.597+09
2439	82809	20129	1	2	t	2022-03-17 19:14:56.667+09
2440	82809	78572	5	4	t	2022-11-29 17:00:48.431+09
2441	82809	59895	4	4	t	2023-01-22 23:46:31.703+09
2442	82809	66282	3	4	t	2023-02-10 13:03:04.95+09
2443	82809	70986	1	5	f	2022-05-02 02:44:41.145+09
2444	82809	36862	1	4	t	2022-06-01 11:31:12.918+09
2445	82809	99383	2	1	t	2022-03-25 08:00:34.06+09
2446	82809	52863	3	5	f	2022-02-13 02:07:01.937+09
2447	82809	35137	1	0	f	2022-12-09 06:05:53.979+09
2448	82809	49892	0	3	f	2022-07-06 10:12:26.306+09
2449	82809	57616	5	2	f	2022-02-13 00:09:26.227+09
2450	82809	97738	2	0	f	2022-04-13 20:52:00.932+09
2451	82809	24711	4	0	t	2022-02-21 15:27:49.248+09
2452	82809	15112	2	2	t	2022-08-23 05:55:06.297+09
2453	82809	96126	5	4	t	2022-12-18 14:19:06.796+09
2454	82809	93568	1	5	f	2022-02-15 14:35:15.245+09
2455	82809	46152	2	1	f	2022-08-12 20:13:23.93+09
2456	82809	33143	1	1	f	2022-10-04 00:27:13.069+09
2457	82809	72163	0	0	t	2022-11-18 00:46:11.804+09
2458	11308	47281	2	4	f	2022-04-26 13:23:04.161+09
2459	11308	58746	5	0	f	2022-07-01 11:24:08.314+09
2460	11308	69273	3	1	t	2022-03-29 12:11:33.328+09
2461	11308	39076	0	0	t	2022-04-07 03:04:33.065+09
2462	11308	20129	1	0	f	2022-06-08 12:25:51.905+09
2463	11308	78572	2	4	t	2022-08-21 21:52:42.028+09
2464	11308	59895	3	4	f	2023-02-04 18:03:01.058+09
2465	11308	66282	1	2	t	2023-02-01 07:20:12.078+09
2466	11308	70986	4	1	t	2022-08-21 04:19:46.417+09
2467	11308	36862	1	1	t	2022-04-17 08:28:17.541+09
2468	11308	99383	2	5	f	2023-02-09 19:43:54.854+09
2469	11308	52863	5	1	f	2023-01-29 11:05:29.789+09
2470	11308	35137	3	0	t	2022-11-15 10:33:21.295+09
2471	11308	49892	3	4	t	2022-08-10 13:06:16.327+09
2472	11308	57616	5	4	t	2022-07-17 19:36:49.034+09
2473	11308	97738	5	0	t	2022-04-19 22:03:39.645+09
2474	11308	24711	1	2	t	2022-03-06 20:07:12.034+09
2475	11308	15112	5	4	t	2022-03-06 09:02:38.106+09
2476	11308	96126	3	1	t	2022-09-06 18:15:07.612+09
2477	11308	93568	5	5	t	2022-07-29 05:01:37.732+09
2478	11308	46152	2	2	f	2022-12-12 16:28:57.865+09
2479	16375	47281	5	2	f	2022-09-30 23:22:53.504+09
2480	16375	58746	3	1	f	2022-09-21 19:57:46.328+09
2481	16375	69273	1	0	f	2022-02-12 01:02:21.482+09
2482	16375	39076	3	4	t	2022-10-31 14:16:14.847+09
2483	16375	20129	5	4	f	2022-12-13 06:46:25.219+09
2484	16375	78572	3	2	t	2022-05-23 23:57:56.225+09
2485	16375	59895	5	1	t	2022-06-22 03:36:16.432+09
2486	16375	66282	1	0	t	2022-06-29 08:21:41.451+09
2487	16375	70986	4	0	t	2022-09-16 20:12:34.888+09
2488	16375	36862	2	5	t	2022-12-15 18:21:38.506+09
2489	16375	99383	4	4	t	2022-03-28 19:44:08.828+09
2490	16375	52863	2	4	t	2022-05-24 05:46:26.8+09
2491	16375	35137	0	1	f	2022-04-13 14:32:02.382+09
2492	16375	49892	2	3	t	2022-09-07 21:01:17.175+09
2493	16375	57616	0	2	f	2022-12-14 13:17:29.737+09
2494	16375	97738	4	2	f	2022-07-04 21:02:58.244+09
2495	16375	24711	5	0	f	2022-10-26 02:30:52.761+09
2496	16375	15112	1	5	f	2022-08-14 00:30:12.103+09
2497	16375	96126	5	4	f	2022-05-27 03:26:03.466+09
2498	16375	93568	0	2	t	2022-03-03 04:27:09.88+09
2499	16375	46152	3	0	f	2022-02-18 02:46:24.319+09
2500	16375	33143	0	2	f	2022-11-04 19:43:36.291+09
2501	16375	72163	2	5	f	2022-04-08 18:36:57.479+09
2502	34794	47281	4	2	f	2022-04-14 03:06:51.043+09
2503	95823	47281	5	1	t	2022-03-31 02:31:01.261+09
2504	95823	58746	0	4	t	2022-07-16 07:54:56.591+09
2505	95823	69273	4	0	t	2022-05-01 00:12:29.668+09
2506	95823	39076	5	4	f	2022-02-17 00:00:00.606+09
2507	95823	20129	0	0	f	2022-05-19 07:54:43.899+09
2508	95823	78572	4	2	t	2023-01-26 15:41:48.196+09
2509	95823	59895	5	5	f	2022-10-12 06:06:19.035+09
2510	95823	66282	1	1	t	2022-05-11 12:42:32.119+09
2511	95823	70986	3	5	t	2022-06-15 06:00:38.658+09
2512	95823	36862	4	0	t	2022-04-22 23:35:42.208+09
2513	95823	99383	2	2	t	2022-04-08 11:53:08.829+09
2514	95823	52863	3	2	f	2022-09-04 03:14:57.974+09
2515	95823	35137	0	4	t	2022-09-27 22:34:49.14+09
2516	95823	49892	1	0	t	2022-03-30 06:52:32.153+09
2517	95823	57616	3	3	t	2022-05-09 21:47:48.806+09
2518	95823	97738	3	5	f	2022-10-04 03:44:10.414+09
2519	95823	24711	5	0	f	2022-11-12 11:48:15.823+09
2520	95823	15112	3	3	f	2022-09-17 11:25:25.053+09
2521	95823	96126	3	3	f	2022-04-23 18:21:04.689+09
2522	95823	93568	4	0	t	2022-08-21 11:27:40.352+09
2523	95823	46152	5	2	t	2022-09-21 07:10:31.238+09
2524	95823	33143	0	2	t	2022-06-02 01:24:02.364+09
2525	95823	72163	2	5	t	2022-03-15 01:41:20.826+09
2526	95823	24760	4	4	t	2022-06-03 22:34:30.556+09
2527	95823	88905	2	5	t	2022-06-22 06:23:38.283+09
2528	95823	23300	1	4	f	2022-10-25 01:48:12.342+09
2529	95823	15469	2	0	f	2022-06-11 16:26:27.806+09
2530	65760	47281	3	2	t	2022-10-04 19:28:10.945+09
2531	65760	58746	5	0	t	2022-11-04 14:16:57.3+09
2532	65760	69273	5	3	t	2022-12-27 03:50:39.465+09
2533	65760	39076	2	4	f	2022-11-07 09:04:51.366+09
2534	65760	20129	3	2	t	2022-03-31 02:11:07.473+09
2535	65760	78572	4	3	f	2022-05-09 07:17:59.12+09
2536	65760	59895	0	5	f	2022-12-11 21:50:23.204+09
2537	65760	66282	3	3	f	2022-09-05 11:17:38.88+09
2538	65760	70986	3	1	f	2022-03-26 12:42:33.608+09
2539	65760	36862	1	3	t	2022-03-16 20:28:30.096+09
2540	27344	47281	4	4	f	2023-02-06 17:26:09.526+09
2541	27344	58746	4	5	f	2022-03-18 22:22:50.611+09
2542	27344	69273	4	5	t	2022-05-13 15:58:51.333+09
2543	27344	39076	1	1	t	2022-06-24 23:00:01.343+09
2544	27344	20129	0	0	f	2022-02-15 05:14:47.628+09
2545	27344	78572	5	2	f	2022-09-21 15:26:04.148+09
2546	27344	59895	4	0	f	2023-02-04 04:30:28.602+09
2547	27344	66282	2	0	f	2022-04-14 02:27:04.524+09
2548	27344	70986	4	0	t	2023-01-07 06:26:33.637+09
2549	27344	36862	0	4	t	2022-03-06 04:42:38.05+09
2550	27344	99383	4	0	f	2022-09-27 22:13:04.73+09
2551	27344	52863	1	1	f	2022-05-29 02:05:03.015+09
2552	27344	35137	0	5	t	2022-08-05 00:34:29.948+09
2553	27344	49892	1	3	t	2022-10-26 07:21:06.647+09
2554	27344	57616	5	1	t	2022-11-15 07:54:41.279+09
2555	27344	97738	4	1	t	2022-08-11 18:31:13.814+09
2556	82201	47281	4	4	f	2023-01-12 02:44:28.396+09
2557	82201	58746	0	3	f	2023-01-08 22:58:24.672+09
2558	82201	69273	2	2	f	2022-08-24 19:49:34.411+09
2559	82201	39076	4	5	f	2022-09-13 16:44:32.435+09
2560	82201	20129	5	2	f	2022-07-07 23:04:15.933+09
2561	82201	78572	1	2	f	2022-05-23 19:38:21.413+09
2562	82201	59895	1	5	f	2022-09-09 08:31:48.817+09
2563	82201	66282	4	0	t	2022-07-14 10:23:02.219+09
2564	82201	70986	2	5	f	2022-05-24 07:19:37.548+09
2565	82201	36862	5	2	f	2022-06-21 01:58:14.81+09
2566	82201	99383	2	2	t	2022-09-27 11:20:22.462+09
2567	82201	52863	0	2	f	2022-08-28 22:45:45.24+09
2568	82201	35137	4	4	t	2022-03-05 13:10:02.952+09
2569	82201	49892	4	5	f	2022-12-22 09:59:59.656+09
2570	82201	57616	2	1	f	2022-09-26 13:43:29.138+09
2571	82201	97738	3	1	t	2022-10-17 20:54:38.288+09
2572	82201	24711	4	1	f	2022-07-04 20:10:40.201+09
2573	82201	15112	1	0	f	2022-06-14 23:13:01.861+09
2574	82201	96126	4	4	f	2022-12-05 06:50:36.683+09
2575	82201	93568	5	1	f	2023-01-30 17:12:00.246+09
2576	82201	46152	2	4	t	2022-10-25 18:29:21.792+09
2577	82201	33143	3	3	t	2022-07-19 12:00:43.441+09
2578	82201	72163	0	3	f	2022-09-12 05:35:15.378+09
2579	82201	24760	5	1	f	2023-01-28 12:23:22.953+09
2580	82201	88905	5	4	f	2023-01-19 13:26:00.395+09
2581	18478	47281	5	2	f	2023-01-29 09:43:58.867+09
2582	18478	58746	4	4	t	2022-12-14 05:40:26.374+09
2583	18478	69273	1	2	f	2022-04-02 07:03:14.022+09
2584	18478	39076	1	4	f	2022-03-08 01:52:15.718+09
2585	18478	20129	4	2	f	2023-01-27 02:38:46.799+09
2586	18478	78572	5	2	t	2022-10-24 21:32:40.076+09
2587	18478	59895	4	1	t	2022-09-14 14:11:52.93+09
2588	18478	66282	4	0	t	2022-06-17 04:11:05.932+09
2589	18478	70986	3	1	t	2023-02-07 19:32:56.874+09
2590	18478	36862	5	2	t	2022-05-06 14:18:27.371+09
2591	18478	99383	0	1	f	2022-10-23 17:24:35.875+09
2592	18478	52863	2	2	f	2023-01-28 00:00:36.285+09
2593	18478	35137	2	5	f	2022-08-01 17:34:33.845+09
2594	18478	49892	1	4	t	2022-12-24 17:22:10.406+09
2595	18478	57616	5	5	t	2022-09-12 07:26:41.259+09
2596	18478	97738	0	0	f	2022-07-30 22:56:41.808+09
2597	18478	24711	4	0	f	2022-02-23 16:16:02.526+09
2598	18478	15112	1	0	t	2022-07-06 09:42:45.702+09
2599	18478	96126	3	0	f	2023-02-08 20:37:15.823+09
2600	18478	93568	3	2	f	2022-10-01 13:08:32.648+09
2601	18478	46152	3	1	f	2022-08-09 05:20:34.831+09
2602	18478	33143	2	5	f	2022-10-16 21:34:16.678+09
2603	18478	72163	0	4	t	2022-12-28 14:02:51.51+09
2604	18478	24760	1	4	f	2022-06-24 14:57:51.18+09
2605	18478	88905	5	5	t	2022-06-14 01:08:22.637+09
2606	73970	47281	2	5	t	2023-01-28 15:52:57.579+09
2607	73970	58746	5	0	f	2022-11-14 13:17:43.114+09
2608	73970	69273	3	2	t	2022-07-11 19:19:35.191+09
2609	73970	39076	1	0	f	2022-12-19 23:37:02.671+09
2610	73970	20129	0	1	f	2022-09-24 08:45:00.55+09
2611	73970	78572	1	2	t	2022-09-05 04:31:18.386+09
2612	73970	59895	3	0	f	2023-01-04 04:37:53.648+09
2613	73970	66282	2	2	t	2022-03-03 15:14:41.829+09
2614	73970	70986	1	4	t	2022-04-04 01:21:49.666+09
2615	73970	36862	1	3	f	2022-08-22 08:16:18.671+09
2616	73970	99383	3	3	f	2022-02-18 09:08:40.482+09
2617	73970	52863	4	5	f	2022-11-26 23:09:35.889+09
2618	73970	35137	3	2	t	2022-08-29 09:49:04.239+09
2619	73970	49892	2	3	t	2022-06-15 23:14:51.603+09
2620	73970	57616	5	4	f	2022-04-11 23:50:30.17+09
2621	73970	97738	5	0	t	2022-07-28 22:07:26.024+09
2622	73970	24711	2	4	t	2022-05-17 04:55:36.343+09
2623	73970	15112	4	3	f	2022-04-27 23:44:51.643+09
2624	73970	96126	3	4	t	2022-07-25 13:41:18.653+09
2625	73970	93568	3	3	f	2022-06-11 16:37:29.525+09
2626	73970	46152	5	5	f	2023-02-08 03:44:02.693+09
2627	73970	33143	2	0	f	2022-08-11 05:13:31.048+09
2628	73970	72163	5	4	f	2022-11-19 07:07:41.542+09
2629	73970	24760	0	4	t	2022-12-21 11:23:39.184+09
2630	73970	88905	0	5	f	2022-08-19 11:18:06.093+09
2631	44825	47281	2	4	f	2023-01-13 09:37:44.53+09
2632	44825	58746	4	4	t	2022-05-11 20:58:36.507+09
2633	44825	69273	4	2	t	2022-08-12 11:52:39.551+09
2634	44825	39076	1	0	f	2022-03-27 07:18:50.134+09
2635	44825	20129	0	0	t	2022-06-18 18:43:05.31+09
2636	22329	47281	1	5	t	2022-12-24 06:56:34.786+09
2637	22329	58746	3	2	f	2022-04-21 21:59:14.124+09
2638	22329	69273	2	2	f	2023-01-21 07:08:50.71+09
2639	22329	39076	2	1	t	2022-06-14 11:57:27.632+09
2640	22329	20129	3	5	t	2023-01-24 23:17:47.806+09
2641	99615	47281	2	4	t	2022-08-30 16:56:58.063+09
2642	99615	58746	5	2	f	2022-06-24 17:04:07.507+09
2643	99615	69273	0	0	t	2022-08-05 22:14:32.035+09
2644	99615	39076	5	4	f	2022-09-22 18:47:07.417+09
2645	99615	20129	0	5	f	2022-05-25 07:35:43.6+09
2646	99615	78572	5	4	t	2022-03-03 07:52:56.667+09
2647	99615	59895	2	4	t	2022-12-30 16:22:05.523+09
2648	99615	66282	2	3	f	2022-05-25 22:51:27.188+09
2649	99615	70986	1	4	t	2022-08-16 10:42:08.714+09
2650	99615	36862	2	1	f	2023-01-17 22:02:18.852+09
2651	99615	99383	3	2	f	2022-06-18 09:02:33.963+09
2652	99615	52863	4	0	t	2022-05-29 15:59:55.802+09
2653	99615	35137	3	5	f	2023-01-08 01:41:41.297+09
2654	99615	49892	1	3	t	2023-01-18 19:35:39+09
2655	99615	57616	5	0	f	2022-06-12 10:43:44.659+09
2656	99615	97738	1	5	f	2022-07-25 04:24:22.062+09
2657	99615	24711	1	5	f	2023-02-06 16:39:47.517+09
2658	99615	15112	0	1	t	2022-10-30 01:02:10.178+09
2659	99615	96126	1	2	t	2022-05-15 16:38:39.034+09
2660	99615	93568	0	5	t	2022-11-05 00:23:42.031+09
2661	99615	46152	3	1	f	2022-02-20 21:45:36.925+09
2662	99615	33143	0	1	f	2022-07-30 14:58:11.335+09
2663	99615	72163	2	3	f	2023-01-20 19:20:57.064+09
2664	53360	47281	5	2	f	2022-07-16 01:49:52.687+09
2665	53360	58746	2	1	t	2022-11-15 19:13:21.643+09
2666	53360	69273	4	3	t	2022-10-05 21:08:22.01+09
2667	53834	47281	4	0	f	2022-05-22 02:05:56.193+09
2668	53834	58746	0	3	t	2022-05-30 16:14:05.202+09
2669	53834	69273	1	0	f	2022-07-20 16:45:02.33+09
2670	53834	39076	5	0	f	2022-06-14 23:24:20.981+09
2671	53834	20129	3	3	t	2022-07-01 03:15:17.865+09
2672	53834	78572	1	5	f	2022-05-16 14:59:11.481+09
2673	40504	47281	0	0	f	2022-04-16 07:05:49.312+09
2674	40504	58746	0	0	f	2022-05-09 11:24:43.238+09
2675	40504	69273	4	5	f	2022-12-15 18:59:44.426+09
2676	40504	39076	5	1	f	2022-05-09 18:32:33.993+09
2677	40504	20129	1	4	f	2022-04-09 04:54:56.622+09
2678	40504	78572	3	0	f	2022-08-11 03:41:44.623+09
2679	40504	59895	5	3	f	2022-04-21 17:02:07.301+09
2680	40504	66282	5	3	t	2022-12-08 14:41:31.758+09
2681	40504	70986	3	2	t	2022-04-21 20:37:43.276+09
2682	40504	36862	3	3	t	2022-08-14 21:11:24.899+09
2683	40504	99383	2	0	f	2022-08-22 00:52:58.056+09
2684	40504	52863	4	5	f	2022-09-22 12:11:30.835+09
2685	40504	35137	4	3	f	2022-11-15 18:59:06.405+09
2686	40504	49892	1	5	f	2022-04-25 11:27:33.378+09
2687	40504	57616	3	4	t	2022-11-28 04:11:11.47+09
2688	25700	47281	0	4	t	2023-01-10 05:56:09.594+09
2689	25700	58746	0	1	f	2022-07-13 18:25:52.092+09
2690	25700	69273	5	5	f	2022-06-06 00:47:37.287+09
2691	25700	39076	2	4	t	2022-10-28 18:31:26.248+09
2692	25700	20129	3	5	f	2022-07-19 20:08:42.671+09
2693	25700	78572	5	4	t	2022-11-08 19:47:44.71+09
2694	25700	59895	3	2	f	2022-11-11 10:21:25.634+09
2695	59399	47281	1	4	t	2022-06-24 14:27:17.152+09
2696	51910	47281	2	0	f	2022-11-12 23:49:14.08+09
2697	51910	58746	4	4	t	2023-01-05 03:05:03.38+09
2698	51910	69273	1	1	f	2022-05-06 17:50:42.91+09
2699	51910	39076	2	4	f	2022-12-02 06:56:29.098+09
2700	60813	47281	3	1	f	2022-08-19 08:14:58.074+09
2701	60813	58746	0	3	f	2022-06-18 19:46:21.796+09
2702	60813	69273	1	3	t	2022-02-21 06:25:49.652+09
2703	60813	39076	2	0	t	2022-02-20 14:07:20.071+09
2704	60813	20129	3	1	f	2022-12-27 08:55:02.62+09
2705	60813	78572	4	1	t	2022-11-08 23:56:43.475+09
2706	60813	59895	3	4	t	2022-12-29 01:15:43.023+09
2707	60813	66282	1	4	f	2022-07-15 08:54:50.475+09
2708	60813	70986	5	5	t	2022-02-22 20:37:10.275+09
2709	60813	36862	1	1	f	2023-01-18 04:55:07.664+09
2710	60813	99383	4	4	t	2022-03-31 22:55:31.764+09
2711	60813	52863	3	2	f	2022-08-18 18:48:33.583+09
2712	60813	35137	5	1	t	2022-06-15 21:49:50.552+09
2713	60813	49892	2	4	t	2022-11-23 13:07:59.929+09
2714	60813	57616	2	2	f	2022-12-12 14:44:35.907+09
2715	60813	97738	3	2	t	2022-09-24 01:23:39.949+09
2716	60813	24711	1	1	t	2022-10-08 14:55:31.097+09
2717	60813	15112	2	4	t	2022-05-12 04:39:04.389+09
2718	60813	96126	5	4	t	2022-07-13 05:47:58.583+09
2719	60813	93568	4	0	f	2022-04-14 20:01:20.406+09
2720	60813	46152	0	5	t	2022-02-20 20:33:32.209+09
2721	60813	33143	5	5	f	2022-12-09 13:06:53.288+09
2722	60813	72163	1	3	f	2022-05-12 11:36:01.813+09
2723	60813	24760	5	4	t	2022-07-17 05:43:16.275+09
2724	60813	88905	5	4	t	2022-02-13 17:40:30.901+09
2725	60813	23300	2	2	f	2022-06-29 05:02:39.093+09
2726	60813	15469	4	1	f	2022-03-31 18:27:45.493+09
2727	60813	79037	2	0	f	2022-03-30 02:07:07.66+09
2728	60813	20929	1	4	f	2022-11-21 07:58:33.742+09
2729	60813	51584	2	0	t	2022-11-24 09:00:43.02+09
2730	29047	47281	3	3	f	2022-06-16 11:32:30.324+09
2731	29047	58746	3	1	f	2022-07-15 10:18:35.465+09
2732	44609	47281	1	2	t	2022-02-18 08:28:33.736+09
2733	44609	58746	2	4	f	2022-03-14 06:08:32.478+09
2734	44609	69273	0	4	f	2022-11-10 00:15:17.992+09
2735	44609	39076	3	5	t	2022-11-24 18:45:26.671+09
2736	83745	47281	1	2	f	2022-07-21 16:13:37.887+09
2737	83745	58746	2	0	f	2022-03-30 14:23:39.535+09
2738	83745	69273	4	0	f	2022-02-27 21:32:49.685+09
2739	83745	39076	2	0	f	2023-01-02 12:59:19.795+09
2740	83745	20129	0	5	t	2023-01-31 08:55:50.302+09
2741	83745	78572	2	5	f	2022-09-29 04:41:43.198+09
2742	83745	59895	5	2	t	2023-01-25 22:16:57.884+09
2743	83745	66282	3	1	f	2022-10-31 19:07:14.111+09
2744	83745	70986	3	3	f	2022-10-13 02:19:01.716+09
2745	83745	36862	5	1	f	2022-11-27 10:06:29.858+09
2746	83745	99383	1	1	t	2022-04-13 07:57:54.029+09
2747	83745	52863	4	2	t	2022-03-26 00:51:14.805+09
2748	83745	35137	5	2	f	2022-06-07 22:23:23.529+09
2749	83745	49892	4	0	f	2022-05-24 20:23:15.467+09
2750	83745	57616	3	4	f	2022-05-06 04:41:19.634+09
2751	83745	97738	2	4	t	2022-09-29 12:36:58.31+09
2752	83745	24711	1	1	f	2022-04-28 22:22:08.117+09
2753	83745	15112	3	0	f	2022-05-31 21:44:14.292+09
2754	83745	96126	4	4	t	2022-08-06 20:14:34.246+09
2755	83745	93568	4	5	t	2022-03-16 12:55:09.345+09
2756	83745	46152	0	3	f	2022-03-29 08:22:55.719+09
2757	83745	33143	5	0	t	2022-03-16 09:24:04.017+09
2758	83745	72163	3	2	t	2022-06-19 11:49:43.118+09
2759	83745	24760	2	3	t	2022-04-18 17:11:55.58+09
2760	83745	88905	0	2	f	2022-03-06 09:47:29.561+09
2761	83745	23300	2	5	f	2022-08-20 18:10:55.492+09
2762	83745	15469	5	4	t	2022-05-07 00:00:01.637+09
2763	83745	79037	5	5	f	2022-05-25 13:45:09.596+09
2764	83745	20929	0	0	f	2022-07-06 18:52:33.644+09
2765	39431	47281	4	5	f	2022-04-29 20:54:06.329+09
2766	39431	58746	2	3	t	2022-06-18 15:40:32.594+09
2767	23170	47281	2	2	f	2022-03-02 15:36:27.555+09
2768	23170	58746	0	4	t	2022-12-04 22:07:21.385+09
2769	45921	47281	2	2	t	2022-09-17 13:33:35.183+09
2770	45921	58746	5	4	t	2022-09-16 03:16:39.098+09
2771	45921	69273	5	0	f	2022-09-21 11:17:47.01+09
2772	45921	39076	2	0	t	2022-02-18 03:46:26.948+09
2773	45921	20129	4	2	f	2022-07-15 17:09:58.868+09
2774	45921	78572	0	5	t	2022-09-17 05:17:54.585+09
2775	45921	59895	3	4	f	2022-03-07 10:23:16.837+09
2776	45921	66282	3	4	t	2022-04-23 02:32:44.826+09
2777	45921	70986	3	2	t	2023-01-26 22:29:35.297+09
2778	45921	36862	5	3	f	2022-08-15 08:31:05.985+09
2779	45921	99383	5	3	f	2023-01-26 19:24:10.435+09
2780	45921	52863	3	1	f	2023-02-09 17:04:29.579+09
2781	45921	35137	4	5	f	2022-06-17 18:35:57.526+09
2782	45921	49892	0	0	t	2022-12-25 23:41:40.923+09
2783	45921	57616	2	0	f	2022-09-18 19:19:36.645+09
2784	45921	97738	4	3	t	2022-08-10 22:35:11.154+09
2785	45921	24711	4	2	t	2022-03-02 05:51:11.274+09
2786	45921	15112	0	0	t	2022-09-02 22:59:55.483+09
2787	45921	96126	0	5	f	2023-02-02 18:03:59.734+09
2788	45921	93568	5	4	t	2022-10-14 07:50:46.788+09
2789	45921	46152	1	3	t	2022-10-04 04:44:03.358+09
2790	45921	33143	2	5	t	2022-10-02 07:53:37.213+09
2791	45921	72163	5	0	t	2022-08-24 04:48:49.779+09
2792	45921	24760	0	0	f	2022-10-08 03:06:22.777+09
2793	45921	88905	2	2	f	2022-06-20 18:43:58.212+09
2794	45921	23300	1	0	f	2022-06-23 15:30:17.771+09
2795	46646	47281	2	1	f	2022-09-02 21:42:49.179+09
2796	46646	58746	5	4	f	2022-09-28 23:03:09.557+09
2797	46646	69273	4	0	f	2022-08-05 13:41:03.215+09
2798	46646	39076	2	4	f	2022-11-12 23:29:33.978+09
2799	46646	20129	0	5	t	2022-02-25 02:15:34.898+09
2800	46646	78572	0	5	t	2022-08-10 09:30:54.364+09
2801	46646	59895	3	1	f	2022-12-28 14:14:53.049+09
2802	46646	66282	2	1	t	2022-05-05 07:52:11.255+09
2803	46646	70986	4	3	f	2022-09-08 05:51:51.096+09
2804	46646	36862	5	1	t	2022-05-03 13:50:37.524+09
2805	46646	99383	1	3	f	2023-01-27 15:30:49.475+09
2806	46646	52863	5	0	t	2022-06-21 15:45:44.137+09
2807	46646	35137	4	2	f	2022-10-30 07:52:24.848+09
2808	46646	49892	2	1	f	2022-12-03 21:21:30.434+09
2809	46646	57616	1	0	t	2023-01-03 05:10:47.348+09
2810	29034	47281	5	1	f	2023-01-08 13:52:38.426+09
2811	29034	58746	4	5	t	2022-05-07 17:23:18.502+09
2812	29034	69273	2	4	t	2022-02-22 09:15:03.234+09
2813	29034	39076	5	2	t	2022-07-26 22:20:51.26+09
2814	29034	20129	3	1	t	2022-02-21 06:04:18.905+09
2815	29034	78572	0	1	t	2022-07-03 12:53:26.648+09
2816	29034	59895	0	0	t	2022-07-30 20:04:21.631+09
2817	29034	66282	1	5	f	2022-12-24 04:28:32.522+09
2818	29034	70986	5	3	t	2022-08-23 21:11:55.139+09
2819	29034	36862	0	0	f	2022-05-23 07:29:45.982+09
2820	29034	99383	2	2	f	2022-03-26 16:43:14.328+09
2821	29034	52863	4	0	f	2022-08-09 09:08:08.782+09
2822	29034	35137	3	5	t	2022-06-06 22:27:15.606+09
2823	29034	49892	4	1	f	2022-06-24 23:45:40.107+09
2824	87630	47281	3	3	t	2022-06-11 07:28:42.549+09
2825	87630	58746	5	0	f	2022-07-05 00:41:18.311+09
2826	87630	69273	3	0	f	2022-06-29 21:47:02.556+09
2827	87630	39076	4	5	t	2022-04-08 01:29:22.326+09
2828	87630	20129	0	4	t	2022-04-02 01:44:00.967+09
2829	87630	78572	2	4	t	2022-09-06 17:07:20.018+09
2830	87630	59895	1	0	f	2022-11-28 02:03:15.968+09
2831	89439	47281	2	1	t	2022-02-13 06:28:51.743+09
2832	89439	58746	0	1	f	2022-12-10 20:30:51.564+09
2833	89439	69273	0	0	t	2022-12-14 21:42:56.843+09
2834	89439	39076	3	0	f	2022-10-15 04:20:09.074+09
2835	89439	20129	5	3	f	2023-02-10 07:13:35.496+09
2836	89439	78572	2	1	t	2022-12-18 10:38:22.942+09
2837	89439	59895	0	4	f	2022-09-09 10:25:25.169+09
2838	89439	66282	2	3	t	2022-08-28 17:53:59.412+09
2839	89439	70986	2	0	t	2022-09-14 08:39:43.746+09
2840	89439	36862	4	5	t	2022-07-10 08:32:52.424+09
2841	89439	99383	0	4	t	2022-12-24 05:26:01.235+09
2842	89439	52863	4	0	t	2022-04-11 11:53:19.549+09
2843	89439	35137	0	1	t	2022-05-19 22:22:23.777+09
2844	89439	49892	4	1	t	2022-02-27 06:08:07.263+09
2845	89439	57616	2	2	t	2022-11-14 09:33:15.863+09
2846	89439	97738	4	1	f	2022-04-12 14:40:08.012+09
2847	89439	24711	4	1	t	2023-01-01 00:28:04.685+09
2848	89439	15112	2	1	f	2023-02-03 21:53:28.897+09
2849	89439	96126	0	0	t	2022-04-21 18:47:04.813+09
2850	89439	93568	3	0	t	2023-01-26 23:29:55.929+09
2851	89439	46152	5	2	t	2022-03-26 04:33:04.244+09
2852	89439	33143	2	1	t	2022-12-25 01:36:59.247+09
2853	89439	72163	0	3	t	2022-11-09 07:33:06.564+09
2854	89439	24760	1	4	f	2022-04-01 00:14:20.643+09
2855	51146	47281	0	3	t	2023-02-04 09:41:45.803+09
2856	51146	58746	1	5	t	2022-10-04 07:03:51.858+09
2857	51146	69273	3	5	t	2022-11-02 21:22:03.658+09
2858	51146	39076	5	2	t	2022-07-04 14:59:57.329+09
2859	51146	20129	5	5	t	2022-05-08 19:47:47.002+09
2860	51146	78572	3	2	f	2022-10-30 17:49:54.077+09
2861	51146	59895	4	5	f	2022-06-13 20:34:45.349+09
2862	51146	66282	5	3	t	2022-04-27 22:12:02.401+09
2863	51146	70986	3	0	t	2022-12-08 00:29:30.148+09
2864	51146	36862	2	1	f	2023-01-29 16:48:33.922+09
2865	51146	99383	2	1	t	2023-01-06 20:34:48.657+09
2866	51146	52863	4	0	f	2022-10-06 23:24:34.382+09
2867	88710	47281	2	0	f	2022-07-09 14:06:19.94+09
2868	88710	58746	2	1	t	2022-02-23 14:49:28.791+09
2869	88710	69273	1	0	f	2023-01-02 14:13:08.753+09
2870	88710	39076	1	1	f	2022-11-15 00:41:05.292+09
2871	88710	20129	0	2	f	2022-09-28 10:21:22.217+09
2872	88710	78572	5	1	t	2022-09-20 18:24:48.798+09
2873	88710	59895	1	5	f	2022-06-08 04:19:43.367+09
2874	88710	66282	0	4	t	2022-03-01 02:17:06.017+09
2875	88710	70986	5	3	t	2022-10-16 01:20:11.44+09
2876	25834	47281	0	5	f	2023-01-31 10:26:16.701+09
2877	25834	58746	2	4	f	2022-06-16 16:50:19.044+09
2878	25834	69273	1	1	f	2023-01-10 16:48:43.484+09
2879	25834	39076	2	1	f	2022-06-07 06:13:01.163+09
2880	25834	20129	2	4	t	2022-04-17 12:07:42.236+09
2881	25834	78572	2	3	f	2022-03-26 12:24:18.901+09
2882	25834	59895	3	1	t	2022-04-09 00:36:59.165+09
2883	25834	66282	3	0	f	2022-07-23 04:15:48.936+09
2884	25834	70986	1	0	f	2022-11-04 16:48:19.797+09
2885	25834	36862	0	0	t	2022-07-09 12:42:48.681+09
2886	25834	99383	5	5	f	2022-10-11 04:42:28.371+09
2887	25834	52863	3	2	t	2022-04-16 22:29:28+09
2888	25834	35137	5	0	t	2022-07-08 09:06:40.216+09
2889	64090	47281	5	5	t	2022-03-09 05:40:42.969+09
2890	64090	58746	0	2	t	2022-05-26 03:13:42.832+09
2891	64090	69273	3	5	t	2022-05-01 19:28:23.087+09
2892	64090	39076	3	5	t	2022-03-28 21:13:53.56+09
2893	64090	20129	4	1	f	2022-08-03 14:47:51.894+09
2894	64090	78572	3	0	f	2022-10-24 09:08:02.06+09
2895	64090	59895	5	4	t	2022-05-13 20:35:42.584+09
2896	64090	66282	5	5	t	2022-10-26 02:25:14.146+09
2897	64090	70986	2	4	f	2022-12-11 00:08:56.621+09
2898	57159	47281	2	0	t	2022-07-28 01:33:48.518+09
2899	57159	58746	0	4	t	2022-08-22 09:07:27.159+09
2900	57159	69273	3	0	t	2022-11-11 12:44:44.579+09
2901	57159	39076	4	0	t	2022-09-20 13:59:28.108+09
2902	57159	20129	5	5	t	2022-03-04 05:02:22.882+09
2903	57159	78572	3	4	f	2022-04-15 10:56:48.59+09
2904	57159	59895	5	1	f	2023-01-20 20:29:23.097+09
2905	57159	66282	5	4	f	2022-03-12 02:02:06.66+09
2906	57159	70986	1	2	t	2022-11-27 03:57:41.801+09
2907	57159	36862	1	1	t	2022-02-22 03:04:55.664+09
2908	57159	99383	3	5	f	2022-07-26 08:51:12.14+09
2909	57159	52863	3	1	t	2022-09-05 02:44:52.347+09
2910	57159	35137	5	5	f	2022-04-03 11:36:39.989+09
2911	57159	49892	0	0	f	2022-11-29 16:49:28.916+09
2912	57159	57616	0	1	f	2022-12-24 12:19:49.184+09
2913	57159	97738	4	2	t	2022-08-07 11:40:54.727+09
2914	57159	24711	1	0	f	2023-01-01 09:24:16.018+09
2915	57159	15112	4	2	f	2022-08-31 10:56:01.786+09
2916	57159	96126	2	0	t	2022-03-19 22:49:41.419+09
2917	57159	93568	2	2	t	2023-01-25 14:52:32.022+09
2918	46006	47281	1	5	t	2022-11-11 08:53:26.123+09
2919	46006	58746	3	4	f	2022-08-04 20:46:05.672+09
2920	46006	69273	1	1	t	2022-06-02 13:09:25.268+09
2921	46006	39076	0	4	f	2022-02-28 22:40:41.009+09
2922	46006	20129	4	3	t	2022-11-21 06:16:41.292+09
2923	46006	78572	0	3	t	2022-10-11 06:08:36.856+09
2924	46006	59895	5	4	t	2022-04-26 20:06:21.981+09
2925	46006	66282	1	4	f	2022-06-25 05:46:27.624+09
2926	46006	70986	2	2	f	2022-06-11 05:30:45.339+09
2927	46006	36862	3	3	t	2022-08-02 14:07:42.1+09
2928	46006	99383	3	0	f	2022-02-24 03:49:19.039+09
2929	46006	52863	0	3	f	2022-04-04 17:53:07.961+09
2930	46006	35137	3	4	t	2022-10-06 08:10:12.274+09
2931	46006	49892	1	5	f	2022-03-04 02:21:24.892+09
2932	46006	57616	2	1	f	2022-06-05 07:28:06.206+09
2933	46006	97738	1	3	f	2022-05-05 21:03:48.076+09
2934	46006	24711	1	1	t	2022-12-28 16:23:52.291+09
2935	46006	15112	3	1	t	2022-06-09 04:01:15.42+09
2936	46006	96126	5	5	f	2022-02-24 06:34:55.517+09
2937	46006	93568	0	1	f	2022-06-28 13:22:34.705+09
2938	46006	46152	4	3	t	2022-11-06 04:24:42.765+09
2939	46006	33143	2	3	f	2022-06-14 00:08:45.173+09
2940	46006	72163	5	4	t	2022-03-01 09:38:50.02+09
2941	95988	47281	4	2	f	2022-09-29 23:48:09.448+09
2942	95988	58746	4	2	t	2022-06-11 23:11:15.734+09
2943	95988	69273	5	4	f	2022-09-16 01:49:58.945+09
2944	95988	39076	0	1	t	2022-07-31 13:26:58.714+09
2945	95988	20129	0	3	t	2022-10-03 08:09:04.892+09
2946	95988	78572	5	3	f	2023-01-22 07:21:45.297+09
2947	95988	59895	2	2	t	2022-07-14 10:10:56.512+09
2948	95988	66282	1	2	f	2022-04-17 17:12:26.926+09
2949	95988	70986	2	1	f	2022-07-21 10:02:29.91+09
2950	95988	36862	2	0	t	2022-02-26 08:32:12.063+09
2951	95988	99383	5	2	f	2023-02-05 00:25:29.977+09
2952	95988	52863	1	3	f	2022-09-27 05:06:11.275+09
2953	95988	35137	5	1	t	2022-03-11 14:16:46.79+09
2954	95988	49892	3	4	f	2022-12-01 16:16:35.165+09
2955	95988	57616	2	3	t	2022-10-05 15:51:41.79+09
2956	95988	97738	4	5	t	2022-07-31 13:19:08.673+09
2957	95988	24711	4	0	t	2023-01-31 01:45:34.23+09
2958	47726	47281	1	0	t	2022-09-27 17:45:28.475+09
2959	47726	58746	4	4	t	2022-10-22 22:54:55.577+09
2960	47726	69273	1	2	t	2022-04-07 08:43:58.427+09
2961	47726	39076	0	0	t	2022-09-28 14:49:46.111+09
2962	47726	20129	3	2	f	2022-04-01 11:09:38.932+09
2963	47726	78572	5	4	f	2022-02-12 20:13:13.064+09
2964	47726	59895	3	3	t	2022-05-12 12:48:17.609+09
2965	47726	66282	0	5	t	2022-06-27 02:06:12.096+09
2966	47726	70986	2	3	t	2023-01-20 04:41:46.9+09
2967	47726	36862	3	4	f	2022-12-11 03:01:05.242+09
2968	47726	99383	3	1	t	2022-11-22 19:50:33.612+09
2969	47726	52863	1	2	t	2022-12-21 15:28:36.224+09
2970	47726	35137	0	0	t	2022-04-20 01:06:22.553+09
2971	47726	49892	0	0	f	2023-01-09 00:28:09.968+09
2972	47726	57616	2	3	f	2022-09-19 13:03:40.575+09
2973	47726	97738	2	3	t	2022-07-17 19:51:02.114+09
2974	47726	24711	3	3	t	2022-09-10 17:27:46.53+09
2975	47726	15112	5	5	t	2022-04-14 13:04:12.159+09
2976	47726	96126	0	3	f	2022-04-07 14:54:05.168+09
2977	61086	47281	3	1	f	2022-10-02 11:54:15.994+09
2978	61086	58746	0	0	f	2022-04-23 06:20:46.003+09
2979	61086	69273	0	2	f	2022-12-09 03:53:08.814+09
2980	61086	39076	4	3	t	2022-07-16 06:42:39.268+09
2981	61086	20129	5	1	t	2023-01-17 01:19:50.987+09
2982	61086	78572	2	1	f	2022-12-19 18:13:58.179+09
2983	61086	59895	0	4	f	2022-12-14 22:27:03.42+09
2984	61086	66282	2	0	f	2022-11-17 17:11:48.554+09
2985	61086	70986	5	1	t	2022-05-14 06:27:40.796+09
2986	61086	36862	1	3	t	2023-01-20 15:47:21.353+09
2987	61086	99383	5	5	f	2022-09-30 09:56:53.296+09
2988	61086	52863	0	4	f	2022-07-18 04:40:39.079+09
2989	61086	35137	5	1	f	2022-12-02 19:06:27.515+09
2990	61086	49892	2	5	f	2022-10-30 02:56:39.608+09
2991	61086	57616	5	4	f	2022-12-11 22:46:14.212+09
2992	61086	97738	1	3	t	2022-02-21 12:17:04.333+09
2993	41863	47281	2	0	t	2022-05-29 02:37:31.148+09
2994	41863	58746	5	3	t	2023-01-09 21:52:01.656+09
2995	41863	69273	0	0	f	2022-09-03 13:50:50.583+09
2996	41863	39076	1	1	f	2022-02-28 15:31:33.443+09
2997	41863	20129	3	0	t	2022-10-13 16:28:47.393+09
2998	41863	78572	0	0	t	2022-08-15 17:05:15.072+09
2999	41863	59895	2	5	f	2022-11-30 06:42:51.44+09
3000	41863	66282	5	1	t	2022-02-16 09:00:30.046+09
3001	41863	70986	2	0	f	2022-09-28 07:52:52.161+09
3002	41863	36862	1	2	t	2022-07-21 13:04:38.564+09
3003	41863	99383	1	2	f	2023-01-15 09:34:23.314+09
3004	41863	52863	5	2	t	2022-10-28 22:22:09.277+09
3005	41863	35137	5	1	f	2022-03-30 22:17:34.29+09
3006	41863	49892	5	0	f	2022-11-11 14:09:00.958+09
3007	41863	57616	3	5	t	2022-10-04 23:05:10.905+09
3008	41863	97738	4	3	t	2022-07-18 07:53:46.205+09
3009	41863	24711	2	3	t	2022-09-04 12:17:03.725+09
3010	41863	15112	3	5	f	2022-05-05 08:23:21.585+09
3011	41863	96126	3	0	t	2022-06-03 23:29:40.556+09
3012	41863	93568	0	0	t	2023-02-09 08:29:36.819+09
3013	88052	47281	1	5	f	2022-12-17 22:03:09.42+09
3014	88052	58746	3	1	f	2022-12-15 09:27:29.362+09
3015	88052	69273	2	1	t	2022-03-06 16:29:15.393+09
3016	88052	39076	0	5	f	2022-07-09 14:08:33.09+09
3017	19024	47281	5	4	t	2022-11-03 21:06:05.389+09
3018	19024	58746	0	5	t	2023-01-25 16:12:57.287+09
3019	19024	69273	3	5	f	2023-01-19 17:57:26.386+09
3020	19024	39076	4	5	f	2022-12-02 06:32:18.203+09
3021	19024	20129	4	0	f	2022-11-17 05:46:31.929+09
3022	19024	78572	4	2	t	2022-03-05 12:21:16.603+09
3023	19024	59895	3	1	f	2022-06-01 00:45:38.538+09
3024	19024	66282	2	1	f	2022-05-15 12:31:33+09
3025	19024	70986	3	0	f	2022-04-28 15:19:29.956+09
3026	19024	36862	3	4	t	2022-05-25 03:15:31.517+09
3027	19024	99383	3	3	t	2022-03-05 18:48:01.364+09
3028	19024	52863	5	0	f	2023-01-08 20:30:58.203+09
3029	19024	35137	4	3	t	2022-09-04 00:56:54.29+09
3030	19024	49892	3	5	f	2022-10-27 00:26:20.436+09
3031	19024	57616	1	0	t	2023-01-31 20:29:16.051+09
3032	19024	97738	2	2	t	2022-08-30 05:43:05.594+09
3033	19024	24711	0	0	t	2022-11-07 01:37:26.157+09
3034	19024	15112	3	3	f	2022-10-27 13:15:38.894+09
3035	19024	96126	5	3	f	2022-03-31 16:04:56.248+09
3036	19024	93568	5	4	t	2022-02-22 02:23:00.386+09
3037	19024	46152	3	2	t	2023-01-31 04:53:44.416+09
3038	19024	33143	0	5	t	2022-02-19 05:51:03.385+09
3039	19024	72163	2	2	f	2023-02-03 19:17:37.186+09
3040	32327	47281	3	1	t	2022-05-21 18:33:07.059+09
3041	32327	58746	2	3	t	2022-06-10 07:55:00.896+09
3042	32327	69273	2	2	f	2022-10-26 10:33:25.005+09
3043	32327	39076	4	0	t	2023-02-06 16:31:39.311+09
3044	32327	20129	0	4	f	2022-05-21 17:47:07.421+09
3045	32327	78572	4	4	f	2022-12-02 19:54:54.723+09
3046	32327	59895	4	5	f	2022-10-30 13:30:16.709+09
3047	32327	66282	2	5	f	2022-04-15 14:45:33.947+09
3048	32327	70986	4	4	t	2023-02-06 20:48:30.451+09
3049	32327	36862	2	5	f	2022-12-27 05:07:37.825+09
3050	32327	99383	3	0	f	2022-08-02 14:13:55.938+09
3051	32327	52863	1	5	t	2022-09-06 06:32:41.129+09
3052	32327	35137	5	3	f	2022-06-16 19:02:58.445+09
3053	32327	49892	4	0	t	2022-03-11 11:16:57.13+09
3054	32327	57616	5	5	f	2022-08-16 23:26:08.162+09
3055	32327	97738	0	0	f	2022-10-25 22:01:29.482+09
3056	32327	24711	2	1	f	2022-07-05 19:21:55.827+09
3057	32327	15112	5	0	f	2022-09-04 07:17:22.217+09
3058	32327	96126	2	3	f	2022-09-12 00:31:30.884+09
3059	32327	93568	4	2	t	2022-11-04 01:36:51.435+09
3060	32327	46152	1	5	t	2022-07-15 03:58:44.324+09
3061	32327	33143	1	2	f	2022-05-30 02:20:10.811+09
3062	32327	72163	4	4	f	2022-04-21 02:37:26.26+09
3063	56705	47281	5	4	t	2022-07-19 17:29:22.058+09
3064	56705	58746	5	3	t	2022-03-15 20:03:41.631+09
3065	56705	69273	3	4	t	2022-11-28 20:55:16.921+09
3066	56705	39076	2	1	f	2022-02-21 20:53:31.085+09
3067	56705	20129	5	3	t	2022-04-15 07:06:10.951+09
3068	56705	78572	3	1	t	2022-04-24 04:34:30.616+09
3069	56705	59895	0	2	t	2022-09-08 08:44:30.152+09
3070	56705	66282	4	5	t	2022-04-27 12:31:39.146+09
3071	56705	70986	4	0	t	2022-07-24 13:47:50.577+09
3072	56705	36862	0	4	t	2022-03-02 07:47:50.755+09
3073	56705	99383	3	5	f	2022-04-16 10:51:27.771+09
3074	56705	52863	5	3	t	2022-09-02 19:31:22.675+09
3075	56705	35137	0	5	t	2022-02-21 08:17:44.169+09
3076	56705	49892	4	5	t	2022-09-14 13:38:27.682+09
3077	56705	57616	0	1	f	2022-06-11 10:57:07.339+09
3078	56705	97738	3	3	t	2022-09-23 03:22:14.371+09
3079	56705	24711	0	4	t	2022-07-14 00:40:24.17+09
3080	56705	15112	3	2	f	2022-03-12 14:58:03.313+09
3081	56705	96126	1	3	f	2022-12-07 08:13:46.105+09
3082	56705	93568	0	1	f	2022-05-02 22:51:41.531+09
3083	56705	46152	3	0	t	2022-03-06 08:11:38.636+09
3084	30558	47281	5	2	t	2022-10-21 12:13:05.438+09
3085	30558	58746	5	1	t	2022-10-03 06:30:36.896+09
3086	30558	69273	1	0	f	2022-05-22 11:46:43.613+09
3087	30558	39076	5	0	t	2022-03-02 14:02:25.858+09
3088	30558	20129	2	2	t	2022-12-02 08:34:06.6+09
3089	30558	78572	0	3	f	2022-09-14 12:40:17.285+09
3090	30558	59895	5	3	f	2022-07-28 15:22:43.333+09
3091	30558	66282	0	1	f	2022-08-13 17:21:49.658+09
3092	30558	70986	0	3	t	2022-10-17 23:51:45.649+09
3093	30558	36862	5	5	f	2022-03-29 02:25:26.774+09
3094	30558	99383	3	0	t	2022-03-06 19:41:38.478+09
3095	30558	52863	3	4	t	2022-08-27 05:10:05.369+09
3096	30558	35137	1	4	f	2022-12-04 09:47:40.035+09
3097	30558	49892	5	0	t	2022-04-05 06:40:11.868+09
3098	30558	57616	1	5	f	2022-11-03 20:28:38.834+09
3099	30558	97738	4	2	t	2022-05-09 16:35:07.226+09
3100	30558	24711	1	0	f	2022-06-09 20:12:36.556+09
3101	30558	15112	5	3	t	2022-03-10 15:20:38.88+09
3102	30558	96126	0	5	f	2022-07-15 01:39:05.046+09
3103	30558	93568	1	0	t	2022-12-28 07:13:59.643+09
3104	30558	46152	2	4	f	2023-01-11 18:34:28.582+09
3105	27479	47281	5	5	t	2022-04-06 06:05:02.266+09
3106	27479	58746	4	2	t	2022-10-03 15:24:35.262+09
3107	27479	69273	0	4	f	2022-04-14 09:33:17.236+09
3108	27479	39076	3	2	t	2022-05-27 20:28:59.083+09
3109	27479	20129	0	3	f	2022-08-22 22:46:38.278+09
3110	27479	78572	0	3	f	2022-06-19 10:36:32.907+09
3111	27479	59895	5	4	t	2022-06-13 07:28:54.288+09
3112	27479	66282	0	3	f	2022-07-08 06:12:34.041+09
3113	27479	70986	5	1	t	2022-12-05 19:45:36.968+09
3114	27479	36862	1	1	f	2023-01-24 03:15:36.842+09
3115	27479	99383	2	4	f	2022-12-29 22:02:48.929+09
3116	27479	52863	1	1	t	2022-03-27 08:27:31.932+09
3117	27479	35137	2	3	t	2022-10-05 19:59:24.243+09
3118	27479	49892	2	3	f	2022-02-15 09:48:18.376+09
3119	27479	57616	0	2	t	2022-05-15 15:16:27.067+09
3120	27479	97738	1	1	t	2022-10-24 23:01:54.512+09
3121	27479	24711	0	4	f	2022-09-03 00:30:03.306+09
3122	27479	15112	0	4	f	2022-10-25 07:43:36.487+09
3123	27479	96126	5	4	f	2022-12-11 10:13:40.705+09
3124	27479	93568	5	1	f	2022-02-16 11:25:02.974+09
3125	27479	46152	1	5	f	2022-10-30 20:50:22.285+09
3126	27479	33143	0	3	t	2022-07-15 04:32:48.885+09
3127	27479	72163	1	5	t	2022-10-26 16:17:01.122+09
3128	27479	24760	2	4	f	2022-10-14 19:25:47.535+09
3129	27479	88905	1	0	t	2022-03-14 05:27:49.356+09
3130	27479	23300	4	2	f	2022-10-31 11:04:28.461+09
3131	69390	47281	2	0	t	2022-06-21 21:31:32.17+09
3132	69390	58746	2	5	t	2022-03-09 01:52:00.461+09
3133	69390	69273	3	2	t	2022-06-10 00:35:57.1+09
3134	69390	39076	3	5	t	2022-06-19 00:48:21.006+09
3135	69390	20129	4	0	t	2022-12-31 14:51:18.652+09
3136	69390	78572	2	2	f	2022-06-23 19:15:31.648+09
3137	69390	59895	2	1	t	2022-02-23 08:37:13.968+09
3138	69390	66282	5	1	t	2022-03-11 08:44:55.014+09
3139	69390	70986	2	0	f	2022-11-26 14:03:08.164+09
3140	69390	36862	5	2	t	2022-10-21 20:51:51.963+09
3141	69390	99383	2	4	f	2022-07-30 05:44:02.579+09
3142	69390	52863	4	5	t	2022-05-18 13:09:34.813+09
3143	69390	35137	5	0	t	2022-09-18 03:27:07.737+09
3144	69390	49892	3	5	f	2023-02-05 06:53:42.217+09
3145	69390	57616	4	5	t	2022-04-06 13:22:25.74+09
3146	69390	97738	5	2	f	2022-08-29 13:22:00.359+09
3147	69390	24711	5	1	t	2022-09-18 13:27:43.996+09
3148	69390	15112	4	4	t	2022-03-04 03:20:55.448+09
3149	69390	96126	4	3	f	2022-12-21 12:01:05.071+09
3150	69390	93568	0	3	f	2022-03-29 01:28:49.597+09
3151	69390	46152	4	4	f	2022-09-07 01:34:09.807+09
3152	69390	33143	5	4	f	2022-08-26 11:10:46.991+09
3153	69390	72163	0	2	t	2022-12-24 09:31:21.603+09
3154	69390	24760	0	5	t	2022-02-27 07:31:37.803+09
3155	69390	88905	0	5	t	2023-01-19 00:18:55.609+09
3156	69390	23300	4	5	f	2022-12-28 03:09:57.401+09
3157	69390	15469	3	3	f	2023-02-07 08:25:45.809+09
3158	69390	79037	1	1	f	2022-05-04 05:08:56.371+09
3159	69390	20929	1	1	t	2022-04-03 02:38:30.845+09
3160	91853	47281	0	3	t	2023-01-23 15:35:33.545+09
3161	91853	58746	2	3	f	2022-07-03 14:52:19.418+09
3162	71077	47281	2	2	f	2022-08-02 14:29:24.197+09
3163	71077	58746	5	5	t	2022-09-18 05:29:35.828+09
3164	71077	69273	0	3	f	2022-02-24 22:17:25.105+09
3165	71077	39076	3	3	f	2022-04-20 11:27:46.92+09
3166	71077	20129	4	5	f	2022-09-25 23:28:18.437+09
3167	71077	78572	0	3	f	2022-12-06 06:44:40.753+09
3168	52005	47281	3	0	t	2022-12-13 21:13:56.469+09
3169	52005	58746	5	5	f	2022-04-20 11:45:48.653+09
3170	52005	69273	3	4	t	2022-12-23 17:43:37.556+09
3171	52005	39076	5	4	t	2022-07-31 20:04:41.764+09
3172	52005	20129	0	5	f	2022-05-30 00:38:05.688+09
3173	52005	78572	0	4	t	2022-10-18 20:57:13.414+09
3174	52005	59895	2	4	f	2022-05-27 03:25:48.473+09
3175	52005	66282	1	3	t	2022-06-08 16:26:19.144+09
3176	52005	70986	2	4	f	2022-03-03 02:02:34.111+09
3177	52005	36862	2	3	t	2023-02-09 01:05:11.552+09
3178	52005	99383	0	4	f	2022-03-11 02:42:22.08+09
3179	52005	52863	4	3	f	2022-11-16 23:15:46.449+09
3180	52005	35137	2	4	t	2022-03-10 08:38:25.536+09
3181	52005	49892	1	4	t	2022-05-21 14:17:57.261+09
3182	52005	57616	2	5	f	2022-09-30 04:27:21.227+09
3183	52005	97738	5	5	t	2023-01-25 21:03:08.515+09
3184	52005	24711	5	0	t	2022-11-08 09:30:59.897+09
3185	52005	15112	2	5	f	2022-12-06 06:38:50.529+09
3186	52005	96126	5	3	t	2022-06-30 22:45:42.528+09
3187	52005	93568	3	4	t	2022-06-04 20:55:04.517+09
3188	52005	46152	0	5	t	2022-03-08 19:26:18.023+09
3189	45271	47281	4	5	t	2022-10-20 20:49:22.558+09
3190	45271	58746	5	4	t	2022-06-24 15:50:57.773+09
3191	45271	69273	1	2	f	2022-07-22 20:17:39.321+09
3192	45271	39076	5	0	f	2023-01-09 00:02:35.559+09
3193	45271	20129	4	0	f	2022-08-15 17:46:32.881+09
3194	45271	78572	1	3	t	2022-10-21 05:49:12.383+09
3195	45271	59895	3	5	t	2022-11-20 23:16:15.803+09
3196	45271	66282	5	1	t	2023-02-01 06:08:19.948+09
3197	45271	70986	1	2	f	2022-08-11 20:43:09.374+09
3198	45271	36862	1	1	f	2022-10-07 01:16:09.045+09
3199	45271	99383	1	0	t	2023-01-24 20:15:50.011+09
3200	45271	52863	2	4	t	2022-04-11 06:18:55.98+09
3201	45271	35137	2	5	t	2022-06-17 07:57:27.017+09
3202	45271	49892	4	2	t	2022-10-12 08:40:17.7+09
3203	45271	57616	5	3	t	2022-06-05 21:23:20.491+09
3204	45271	97738	4	0	f	2022-07-18 12:06:30.775+09
3205	45271	24711	2	2	f	2022-07-09 19:56:45.455+09
3206	45271	15112	0	5	f	2022-06-07 23:45:57.171+09
3207	45271	96126	5	5	f	2023-02-02 16:20:39.578+09
3208	45271	93568	4	3	t	2022-08-19 16:38:34.894+09
3209	45271	46152	0	3	t	2023-01-27 04:21:13.878+09
3210	45271	33143	3	3	t	2022-10-15 10:31:33.837+09
3211	45271	72163	2	1	f	2022-12-04 21:14:59.854+09
3212	45271	24760	2	1	f	2022-11-30 17:20:35.229+09
3213	37035	47281	2	4	f	2022-09-25 13:53:07.586+09
3214	37035	58746	4	5	f	2023-02-08 06:38:49.274+09
3215	37035	69273	0	1	t	2022-03-10 05:33:51.162+09
3216	37035	39076	1	1	t	2022-05-03 11:49:57.501+09
3217	37035	20129	1	5	t	2022-02-17 19:13:40.45+09
3218	37035	78572	1	1	f	2022-06-09 11:26:28.311+09
3219	37035	59895	0	4	t	2022-07-26 09:24:03.995+09
3220	37035	66282	5	2	t	2022-09-24 04:17:50.831+09
3221	37035	70986	4	2	t	2022-08-27 01:29:06.33+09
3222	37035	36862	5	5	f	2022-06-07 23:38:56.59+09
3223	37035	99383	4	0	t	2022-06-30 09:47:02.754+09
3224	70059	47281	5	2	t	2022-07-13 03:40:30.292+09
3225	70059	58746	0	0	f	2022-07-26 04:05:55.884+09
3226	70059	69273	1	0	f	2022-07-16 18:17:20.94+09
3227	70059	39076	1	3	f	2022-05-23 04:39:13.372+09
3228	70059	20129	1	4	t	2022-06-22 20:01:26.792+09
3229	70059	78572	3	0	f	2023-02-02 23:13:22.508+09
3230	70059	59895	4	5	f	2022-05-03 22:54:37.502+09
3231	57816	47281	5	5	f	2023-01-10 09:55:26.476+09
3232	57816	58746	5	0	t	2022-05-26 06:56:10.378+09
3233	57816	69273	0	1	f	2022-07-29 20:52:14.006+09
3234	57816	39076	5	3	t	2022-08-07 23:59:00.631+09
3235	57816	20129	0	2	f	2022-06-23 11:11:52.104+09
3236	57816	78572	3	5	t	2022-05-12 04:48:36.998+09
3237	62916	47281	2	1	f	2022-09-12 01:09:09.422+09
3238	62916	58746	3	5	f	2022-12-22 07:50:07.408+09
3239	62916	69273	1	1	f	2022-09-26 07:34:35.523+09
3240	62916	39076	5	4	f	2022-10-20 05:36:03.353+09
3241	62916	20129	2	2	t	2022-07-13 08:00:12.88+09
3242	62916	78572	2	0	t	2022-09-03 03:48:41.912+09
3243	62916	59895	5	2	f	2022-10-30 09:35:05.149+09
3244	62916	66282	3	1	t	2022-02-14 20:10:32.54+09
3245	62916	70986	2	1	f	2022-07-28 20:32:59.288+09
3246	62916	36862	2	0	t	2022-06-07 05:52:04.758+09
3247	62916	99383	4	5	f	2022-11-13 13:13:16.779+09
3248	62916	52863	5	5	f	2022-02-27 14:19:51.166+09
3249	62916	35137	3	4	f	2023-02-01 08:17:59.009+09
3250	62916	49892	2	0	f	2022-06-07 15:42:58.877+09
3251	62916	57616	5	2	f	2023-01-23 10:53:06.558+09
3252	62916	97738	3	3	t	2022-12-07 09:05:23.463+09
3253	62916	24711	5	2	t	2022-09-21 09:09:57.668+09
3254	62916	15112	1	5	t	2022-09-05 00:47:48.723+09
3255	62916	96126	2	4	f	2022-10-25 15:00:52.399+09
3256	62916	93568	0	2	f	2022-08-25 01:40:09.62+09
3257	62916	46152	1	0	f	2022-08-19 08:05:23.446+09
3258	62916	33143	5	1	t	2022-09-12 22:38:25.342+09
3259	62916	72163	1	4	t	2023-01-26 21:50:58.738+09
3260	62916	24760	0	5	f	2022-08-30 12:46:51.395+09
3261	62916	88905	4	5	t	2022-09-13 14:40:51.221+09
3262	62916	23300	0	2	f	2022-04-05 23:11:57.704+09
3263	62916	15469	4	5	f	2022-09-10 14:04:13.106+09
3264	62916	79037	3	2	t	2022-03-31 16:43:32.337+09
3265	62916	20929	3	2	t	2022-11-08 09:23:39.637+09
3266	52409	47281	5	0	f	2022-12-03 05:46:55.073+09
3267	52409	58746	4	4	f	2023-01-16 13:28:01.329+09
3268	52409	69273	4	5	f	2022-11-02 21:38:08.953+09
3269	52409	39076	1	3	f	2022-04-28 15:46:30.236+09
3270	52409	20129	4	3	f	2022-04-15 07:14:11.785+09
3271	52409	78572	3	3	t	2022-07-23 04:36:33.909+09
3272	52409	59895	1	0	t	2022-03-09 16:43:23.419+09
3273	52409	66282	4	3	f	2022-06-27 23:30:47.942+09
3274	52409	70986	1	0	f	2022-03-27 16:22:46.221+09
3275	52409	36862	4	1	t	2022-10-14 14:23:55.748+09
3276	52409	99383	1	4	f	2022-12-10 13:00:56.323+09
3277	52409	52863	4	2	t	2022-07-01 09:44:38.252+09
3278	52409	35137	0	5	f	2022-09-03 02:01:24.069+09
3279	52409	49892	2	0	t	2022-09-12 10:49:34.997+09
3280	52409	57616	0	2	t	2022-02-12 17:57:52.978+09
3281	52409	97738	0	3	t	2022-07-25 21:29:00.319+09
3282	52409	24711	3	5	f	2022-06-27 09:09:11.712+09
3283	52409	15112	4	2	t	2022-03-25 15:05:25.46+09
3284	52409	96126	0	0	t	2022-04-07 03:52:50.126+09
3285	52409	93568	2	1	t	2022-12-25 07:28:09.104+09
3286	52409	46152	1	4	t	2023-01-20 17:40:04.236+09
3287	52409	33143	1	5	t	2022-06-20 18:45:27.857+09
3288	52409	72163	3	4	t	2022-07-04 18:02:49.318+09
3289	52409	24760	5	1	t	2022-07-25 07:10:41.111+09
3290	52409	88905	4	2	f	2022-03-05 21:02:16.674+09
3291	52409	23300	1	4	f	2022-12-31 09:39:42.501+09
3292	70761	47281	0	2	t	2022-06-18 11:07:30.072+09
3293	70761	58746	2	0	f	2022-12-09 10:28:13.618+09
3294	70761	69273	2	2	f	2022-09-11 20:31:53.274+09
3295	70761	39076	4	1	f	2022-12-06 18:14:03.31+09
3296	70761	20129	5	3	t	2022-09-02 09:24:49.767+09
3297	52847	47281	4	1	t	2022-05-02 19:02:25.366+09
3298	52847	58746	2	5	f	2023-01-08 16:35:13.089+09
3299	52847	69273	4	5	f	2022-10-11 11:36:05.821+09
3300	52847	39076	5	2	t	2022-11-21 01:51:12.739+09
3301	52847	20129	0	3	t	2022-04-05 01:02:18.759+09
3302	52847	78572	3	4	t	2022-11-07 23:16:55.893+09
3303	52847	59895	4	1	t	2022-06-25 20:34:08.919+09
3304	52847	66282	4	0	t	2023-02-07 00:14:16.122+09
3305	52847	70986	5	4	f	2022-05-29 16:31:36.01+09
3306	52847	36862	5	3	t	2022-12-23 12:43:38.42+09
3307	52847	99383	4	3	t	2022-07-08 04:44:54.715+09
3308	52847	52863	2	3	t	2022-05-17 23:10:37.498+09
3309	52847	35137	5	5	f	2022-03-28 14:13:44.475+09
3310	52847	49892	1	5	t	2022-12-22 04:43:32.955+09
3311	52847	57616	3	1	f	2022-07-08 01:21:14.771+09
3312	52847	97738	0	2	t	2022-06-23 08:07:14.58+09
3313	52847	24711	5	0	t	2022-03-18 02:47:15.603+09
3314	52847	15112	5	0	f	2022-08-21 08:09:05.5+09
3315	22051	47281	4	1	f	2023-01-12 17:06:24.562+09
3316	22051	58746	3	5	t	2022-05-23 07:15:14.562+09
3317	22051	69273	5	5	t	2022-08-30 21:11:55.196+09
3318	22051	39076	2	3	f	2022-07-20 01:52:59.944+09
3319	22051	20129	5	0	t	2023-01-19 23:28:24.995+09
3320	22051	78572	0	1	f	2022-03-23 14:53:29.402+09
3321	22051	59895	1	3	t	2022-05-09 02:11:08.574+09
3322	22051	66282	1	4	f	2022-11-23 02:20:32.563+09
3323	22051	70986	4	5	f	2022-10-23 21:40:32.542+09
3324	22051	36862	2	1	f	2022-05-24 09:20:00.457+09
3325	22051	99383	4	4	f	2022-09-22 04:04:35.319+09
3326	22051	52863	4	1	f	2022-08-12 01:43:41.643+09
3327	22051	35137	3	4	t	2022-03-20 16:06:41.356+09
3328	22051	49892	1	2	t	2022-11-26 23:42:41.241+09
3329	22051	57616	5	2	f	2022-03-06 07:10:35.969+09
3330	22051	97738	5	1	t	2023-01-30 18:04:02.711+09
3331	22051	24711	5	3	f	2022-03-13 15:06:32.196+09
3332	22051	15112	1	2	t	2022-08-11 09:10:48.16+09
3333	22051	96126	3	3	t	2022-12-14 21:22:39.098+09
3334	22051	93568	1	0	f	2022-04-22 23:26:45.698+09
3335	22051	46152	4	2	f	2022-02-27 23:27:35.996+09
3336	22051	33143	0	2	f	2022-08-13 09:53:22.668+09
3337	22051	72163	5	1	f	2022-04-28 18:05:25.995+09
3338	22051	24760	2	5	t	2022-05-04 13:19:56.036+09
3339	22051	88905	1	0	t	2022-09-30 16:52:57.597+09
3340	22051	23300	2	0	t	2022-07-05 09:15:22.788+09
3341	22051	15469	5	3	f	2022-09-20 03:58:26.085+09
3342	22051	79037	5	4	t	2022-08-22 11:24:34.748+09
3343	35812	47281	2	4	t	2022-04-27 21:35:56.175+09
3344	99365	47281	4	2	f	2022-12-03 19:20:42.034+09
3345	84211	47281	2	5	t	2023-01-07 10:11:11.582+09
3346	84211	58746	3	3	t	2022-12-02 12:15:01.528+09
3347	84211	69273	3	1	f	2022-11-02 23:42:10.589+09
3348	84211	39076	2	4	f	2022-04-07 03:01:34.107+09
3349	84211	20129	5	1	t	2022-06-01 18:24:31.542+09
3350	84211	78572	0	4	f	2023-01-16 22:11:22.496+09
3351	84211	59895	1	1	f	2022-08-13 19:24:54.271+09
3352	84211	66282	3	2	t	2023-01-27 21:59:42.702+09
3353	84211	70986	2	4	f	2022-11-14 10:09:05.571+09
3354	84211	36862	1	3	f	2022-05-28 17:20:52.017+09
3355	84211	99383	1	2	f	2022-10-30 22:29:27.788+09
3356	84211	52863	1	1	f	2022-06-09 11:21:57.9+09
3357	84211	35137	5	3	t	2022-05-06 11:44:16.888+09
3358	84211	49892	2	2	t	2022-12-04 18:09:26.851+09
3359	84211	57616	0	2	t	2022-03-02 02:26:55.624+09
3360	42650	47281	3	3	f	2022-10-31 17:13:26.182+09
3361	42650	58746	5	2	f	2022-12-12 13:29:27.768+09
3362	42650	69273	4	5	f	2022-08-15 21:35:38.666+09
3363	42650	39076	3	1	t	2022-04-12 07:45:08.673+09
3364	42650	20129	5	5	f	2022-02-11 18:51:46.402+09
3365	42650	78572	2	5	t	2022-06-06 21:59:21.902+09
3366	42650	59895	4	4	f	2022-03-15 20:26:15.355+09
3367	42650	66282	5	2	f	2022-06-11 03:52:50.289+09
3368	42650	70986	2	0	t	2022-10-02 14:01:11.362+09
3369	42650	36862	0	4	t	2022-04-20 22:59:18.876+09
3370	42650	99383	1	1	f	2022-12-01 02:42:05.53+09
3371	42650	52863	2	3	t	2022-07-10 17:53:11.223+09
3372	42650	35137	0	0	f	2022-12-07 01:12:33.14+09
3373	42650	49892	0	3	f	2022-11-12 02:23:39.002+09
3374	42650	57616	5	0	t	2022-03-31 00:21:01.929+09
3375	42650	97738	4	5	f	2022-10-04 15:16:00.785+09
3376	42650	24711	0	3	t	2022-03-28 12:56:50.705+09
3377	42650	15112	2	4	t	2023-01-10 01:24:33.708+09
3378	42650	96126	3	0	f	2022-02-12 22:30:45.889+09
3379	42650	93568	2	2	f	2022-10-27 16:50:40.514+09
3380	42650	46152	2	4	f	2023-02-10 00:40:34.989+09
3381	42650	33143	2	1	f	2022-06-12 16:13:04.129+09
3382	43248	47281	1	3	f	2023-01-28 15:35:50.322+09
3383	43248	58746	2	5	t	2022-09-09 08:56:03.157+09
3384	43248	69273	1	2	t	2022-05-18 11:07:17.891+09
3385	43248	39076	4	1	f	2022-11-16 17:39:45.733+09
3386	43248	20129	5	4	t	2023-01-21 21:10:12.733+09
3387	43248	78572	2	2	t	2022-09-01 02:19:25.768+09
3388	43248	59895	2	5	t	2023-02-09 01:08:56.206+09
3389	43248	66282	4	2	t	2022-10-09 14:58:52.613+09
3390	43248	70986	5	4	t	2022-05-04 20:13:15.532+09
3391	43248	36862	2	5	t	2022-03-14 04:33:22.474+09
3392	43248	99383	2	2	t	2022-04-20 18:30:38.96+09
3393	43248	52863	1	4	f	2023-01-05 18:57:23.25+09
3394	43248	35137	5	4	f	2022-07-27 04:51:24.897+09
3395	43248	49892	3	3	t	2023-01-22 15:23:36.863+09
3396	74786	47281	2	5	t	2022-06-04 17:26:35.241+09
3397	74786	58746	4	0	f	2022-11-20 16:48:47.502+09
3398	74786	69273	1	5	f	2022-05-18 07:49:26.101+09
3399	74786	39076	0	0	t	2022-04-17 03:24:23.965+09
3400	74786	20129	5	1	t	2022-06-22 17:30:42.787+09
3401	74786	78572	3	2	t	2022-04-10 11:38:51.499+09
3402	74786	59895	4	3	f	2022-12-20 21:32:09.031+09
3403	74786	66282	1	2	f	2022-02-15 14:37:41.209+09
3404	74786	70986	1	0	t	2022-06-14 07:48:42.174+09
3405	74786	36862	5	4	t	2022-12-23 14:32:10.906+09
3406	74786	99383	4	3	t	2022-04-21 04:48:50.489+09
3407	97112	47281	2	5	f	2022-10-27 17:33:38.592+09
3408	97112	58746	4	5	f	2022-07-27 12:58:32.69+09
3409	97112	69273	3	2	f	2023-02-06 04:04:22.952+09
3410	97112	39076	3	4	f	2023-01-10 14:14:37.456+09
3411	97112	20129	4	2	t	2022-09-18 20:40:19.313+09
3412	97112	78572	4	1	t	2022-02-14 23:31:21.763+09
3413	97112	59895	2	4	t	2022-02-28 03:51:40.5+09
3414	97112	66282	5	4	t	2022-11-02 19:28:23.388+09
3415	97112	70986	2	2	t	2022-10-05 15:46:29.086+09
3416	97112	36862	1	5	t	2022-12-10 03:34:47.462+09
3417	97112	99383	5	1	f	2022-11-13 09:19:02.037+09
3418	69302	47281	4	4	t	2022-07-15 23:08:09.3+09
3419	82670	47281	0	0	t	2023-02-01 04:03:45.948+09
3420	82670	58746	1	3	f	2022-04-02 10:16:06.686+09
3421	82670	69273	2	5	t	2022-03-05 16:35:47.985+09
3422	82670	39076	0	3	t	2022-05-03 20:46:59.792+09
3423	82670	20129	0	4	f	2022-09-25 13:41:59.936+09
3424	82670	78572	1	0	f	2022-05-31 15:29:54.984+09
3425	82670	59895	3	5	f	2022-06-11 00:54:02.175+09
3426	82670	66282	2	4	f	2023-01-14 03:31:57.173+09
3427	82670	70986	0	4	t	2023-01-21 14:39:36.894+09
3428	82670	36862	2	1	f	2022-11-09 04:04:24.078+09
3429	82670	99383	1	2	f	2023-01-16 13:55:31.164+09
3430	59521	47281	2	5	f	2023-01-27 06:22:53.332+09
3431	59521	58746	2	2	f	2022-10-13 21:11:26.922+09
3432	59521	69273	0	1	f	2022-02-15 22:34:44.322+09
3433	59521	39076	5	0	t	2022-09-29 10:10:51.119+09
3434	59521	20129	0	2	t	2022-02-24 00:25:38.215+09
3435	59521	78572	2	1	t	2022-12-19 23:16:24.338+09
3436	48054	47281	4	1	f	2022-09-03 02:32:24.429+09
3437	48054	58746	4	1	t	2022-06-17 13:50:15.646+09
3438	48054	69273	1	2	f	2022-08-26 12:07:59.889+09
3439	48054	39076	5	4	t	2022-02-14 02:39:06.207+09
3440	48054	20129	1	3	f	2022-05-17 12:23:34.736+09
3441	48054	78572	0	4	t	2022-02-28 16:42:48.936+09
3442	48054	59895	1	1	t	2022-09-27 06:52:22.096+09
3443	48054	66282	0	2	t	2022-05-19 19:41:53.176+09
3444	48054	70986	0	5	f	2022-04-12 01:57:40.113+09
3445	48054	36862	5	1	t	2023-01-28 10:18:12.866+09
3446	48054	99383	0	5	f	2022-07-10 16:34:23.159+09
3447	48054	52863	4	5	t	2022-09-23 06:50:20.975+09
3448	48054	35137	3	5	f	2022-09-05 22:56:15.618+09
3449	48054	49892	0	1	t	2022-11-23 06:08:08.195+09
3450	48054	57616	5	5	f	2022-05-10 02:51:59.927+09
3451	59322	47281	2	5	t	2022-07-20 01:33:16.912+09
3452	59322	58746	0	2	f	2022-05-14 08:45:22.734+09
3453	59322	69273	4	4	t	2022-09-17 20:06:00.206+09
3454	59322	39076	5	5	t	2023-01-17 05:49:40.349+09
3455	59322	20129	4	0	t	2022-06-23 02:16:41.407+09
3456	59322	78572	0	5	t	2022-09-18 06:24:45.863+09
3457	59322	59895	1	4	t	2022-08-22 02:17:41.934+09
3458	59322	66282	3	2	t	2022-03-09 08:56:16.845+09
3459	59322	70986	5	5	t	2022-09-10 22:51:37.561+09
3460	59322	36862	4	0	f	2022-04-05 21:07:15.466+09
3461	59322	99383	2	3	t	2022-03-28 04:39:38.061+09
3462	59322	52863	2	5	f	2022-12-26 05:10:48.572+09
3463	59322	35137	0	5	f	2022-06-22 12:03:19.308+09
3464	59322	49892	5	5	t	2022-12-15 12:30:46.061+09
3465	59322	57616	5	2	f	2022-05-17 15:52:29+09
3466	59322	97738	0	2	t	2022-12-05 01:38:50.401+09
3467	59322	24711	5	0	f	2022-05-17 13:00:41.819+09
3468	59322	15112	5	5	f	2022-10-25 03:36:38.818+09
3469	59322	96126	3	1	f	2023-01-09 15:40:15.837+09
3470	59322	93568	3	5	f	2023-01-08 03:24:18.81+09
3471	59322	46152	1	2	f	2022-10-11 16:46:26.858+09
3472	68042	47281	0	2	f	2022-08-20 08:14:21.076+09
3473	29550	47281	1	2	t	2022-12-16 20:16:24.4+09
3474	29550	58746	0	1	f	2022-04-28 11:16:09.904+09
3475	29550	69273	3	0	f	2022-08-27 20:39:58.903+09
3476	29550	39076	1	5	f	2022-05-16 18:42:30.515+09
3477	29550	20129	5	5	t	2022-10-18 19:56:43.231+09
3478	29550	78572	5	1	f	2022-10-28 04:41:25.153+09
3479	29550	59895	0	1	t	2022-12-23 01:20:05.948+09
3480	29550	66282	2	1	f	2022-03-03 15:26:25.386+09
3481	29550	70986	2	2	t	2022-10-13 12:47:36.298+09
3482	29550	36862	4	3	f	2022-02-28 08:19:10.698+09
3483	39284	47281	1	1	f	2022-11-06 17:37:24.937+09
3484	39284	58746	1	0	t	2022-09-27 05:02:02.936+09
3485	39284	69273	5	0	t	2022-10-19 12:55:07.943+09
3486	39284	39076	2	1	f	2022-04-02 23:14:16.686+09
3487	39284	20129	0	5	t	2022-09-08 15:16:19.843+09
3488	39284	78572	3	1	t	2022-04-18 02:06:27.239+09
3489	39284	59895	3	2	f	2022-02-23 21:35:04.732+09
3490	39284	66282	5	5	f	2022-07-18 14:25:50.882+09
3491	39284	70986	2	3	t	2022-06-10 09:06:24.436+09
3492	39284	36862	4	4	f	2022-10-13 11:28:13.607+09
3493	39284	99383	3	0	t	2022-08-06 06:27:46.766+09
3494	39284	52863	1	4	t	2022-07-07 20:53:46.533+09
3495	39284	35137	4	5	f	2022-07-14 10:55:35.764+09
3496	25977	47281	2	5	t	2022-12-23 04:38:13.289+09
3497	25977	58746	5	3	t	2023-01-24 08:46:22.257+09
3498	25977	69273	4	0	f	2022-06-27 17:38:31.768+09
3499	25977	39076	4	2	f	2023-01-08 01:46:42.659+09
3500	25977	20129	3	0	f	2022-05-05 06:43:38.357+09
3501	25977	78572	3	3	f	2022-03-31 14:51:04.156+09
3502	25977	59895	4	3	f	2022-05-21 16:08:04.02+09
3503	25977	66282	1	1	f	2022-10-05 20:15:46.361+09
3504	25977	70986	3	3	f	2022-12-31 20:24:46.499+09
3505	25977	36862	0	1	f	2022-02-26 09:38:06.561+09
3506	25977	99383	3	4	t	2022-05-07 19:17:02.71+09
3507	25977	52863	1	0	t	2022-11-03 12:38:11.045+09
3508	25977	35137	5	2	f	2022-10-15 10:24:32.772+09
3509	17124	47281	1	2	t	2023-01-20 09:58:23.399+09
3510	17124	58746	4	0	f	2022-03-03 23:38:40.458+09
3511	17124	69273	2	1	t	2022-03-08 22:57:19.674+09
3512	17124	39076	3	3	f	2022-03-30 17:08:20.952+09
3513	17124	20129	3	2	t	2022-06-21 15:10:03.631+09
3514	17124	78572	2	1	f	2022-03-25 08:34:51.128+09
3515	17124	59895	3	5	t	2022-10-27 19:57:29.896+09
3516	17124	66282	0	1	t	2022-05-19 16:54:38.014+09
3517	17124	70986	5	5	f	2023-01-11 20:10:01.643+09
3518	17124	36862	0	5	t	2022-03-17 17:39:36.465+09
3519	17124	99383	2	5	t	2022-07-24 04:36:29.335+09
3520	17124	52863	2	5	f	2022-06-16 00:31:22.663+09
3521	17124	35137	4	3	t	2022-12-13 22:03:20.392+09
3522	17124	49892	5	5	f	2022-09-13 18:10:37.875+09
3523	17124	57616	4	5	f	2022-10-08 00:05:31.463+09
3524	17124	97738	5	4	t	2022-08-29 23:24:16.528+09
3525	17124	24711	1	0	t	2022-12-16 04:11:02.212+09
3526	17124	15112	2	1	f	2022-12-28 07:50:06.783+09
3527	17124	96126	2	3	t	2022-04-02 21:46:42.132+09
3528	17124	93568	1	1	f	2022-09-17 18:52:29.721+09
3529	17124	46152	2	3	t	2022-04-28 17:39:36.497+09
3530	17124	33143	0	3	f	2022-10-20 21:10:17.224+09
3531	17124	72163	5	2	f	2022-07-04 14:35:32.374+09
3532	17124	24760	0	4	f	2022-12-21 16:20:46.279+09
3533	17124	88905	0	5	f	2022-09-17 18:12:38.357+09
3534	66127	47281	0	0	f	2022-04-23 16:44:00.281+09
3535	66127	58746	4	2	f	2022-10-20 17:26:03.13+09
3536	66127	69273	0	5	f	2022-08-16 09:16:34.674+09
3537	66127	39076	4	0	t	2022-12-07 20:28:32.696+09
3538	66127	20129	5	0	f	2022-03-20 16:48:50.687+09
3539	66127	78572	5	3	f	2023-02-02 05:07:46.988+09
3540	66127	59895	3	4	f	2022-03-01 18:01:03.716+09
3541	66127	66282	4	3	t	2022-06-08 09:28:53.138+09
3542	66127	70986	3	3	t	2022-10-03 02:26:41.167+09
3543	66127	36862	4	3	t	2022-03-13 04:08:09.888+09
3544	66127	99383	4	1	t	2023-01-25 15:19:37.502+09
3545	66127	52863	2	4	t	2022-11-04 11:34:15.973+09
3546	66127	35137	0	3	f	2023-01-17 23:21:01.19+09
3547	66127	49892	0	5	t	2022-12-15 09:51:47.857+09
3548	66127	57616	4	5	f	2022-04-06 01:35:18.273+09
3549	66127	97738	1	4	f	2022-11-23 11:27:19.151+09
3550	66127	24711	4	4	f	2022-03-04 02:14:06.256+09
3551	66127	15112	4	0	t	2022-07-07 22:33:33.418+09
3552	66127	96126	4	0	t	2022-11-29 12:22:53.435+09
3553	66127	93568	3	2	t	2022-03-25 04:48:35.273+09
3554	66127	46152	5	5	f	2022-08-18 00:35:45.198+09
3555	66127	33143	1	1	f	2022-06-15 03:31:12.544+09
3556	66127	72163	4	4	f	2022-08-24 08:24:29+09
3557	66127	24760	0	5	t	2022-05-19 11:10:24.178+09
3558	42294	47281	3	5	f	2022-07-12 11:11:26.236+09
3559	42294	58746	4	4	f	2022-08-26 16:48:44.265+09
3560	42294	69273	1	4	f	2022-03-09 20:37:37.943+09
3561	42294	39076	0	5	t	2023-01-09 14:21:33.735+09
3562	42294	20129	1	3	f	2022-02-20 07:31:16.895+09
3563	42294	78572	4	0	t	2022-03-10 10:13:33.846+09
3564	42294	59895	1	1	t	2023-01-06 19:22:51.615+09
3565	42294	66282	1	3	t	2022-08-09 01:40:03.6+09
3566	42294	70986	1	4	f	2022-08-24 16:42:51.552+09
3567	42294	36862	5	5	t	2022-04-07 17:54:47.621+09
3568	31292	47281	0	4	f	2022-08-30 11:02:26.522+09
3569	31292	58746	0	5	f	2023-02-10 16:41:48.448+09
3570	31292	69273	3	5	t	2022-10-03 19:08:22.41+09
3571	31292	39076	5	2	t	2022-03-13 03:23:47.084+09
3572	31292	20129	3	0	t	2022-10-16 10:16:36.211+09
3573	31292	78572	1	0	f	2022-09-07 08:05:52.214+09
3574	31292	59895	5	4	t	2022-08-30 17:42:19.352+09
3575	31292	66282	5	4	t	2022-05-05 08:46:19.775+09
3576	31292	70986	0	1	t	2022-09-17 13:03:19.981+09
3577	31292	36862	3	0	t	2022-06-18 18:15:52.563+09
3578	31292	99383	4	0	f	2022-03-04 19:44:53.799+09
3579	35188	47281	4	0	f	2022-04-19 05:04:43.435+09
3580	35188	58746	1	0	t	2022-06-07 15:34:41.971+09
3581	35188	69273	2	0	f	2022-07-20 17:28:39.472+09
3582	35188	39076	3	3	f	2022-06-24 11:59:37.327+09
3583	19784	47281	1	4	f	2022-09-21 12:46:45.916+09
3584	19784	58746	4	0	f	2023-01-30 23:13:31.138+09
3585	19784	69273	1	2	f	2023-01-03 12:10:32.975+09
3586	19784	39076	1	3	t	2022-07-05 09:28:40.386+09
3587	19784	20129	2	2	t	2022-03-30 05:29:48.196+09
3588	19784	78572	1	0	f	2022-08-13 01:56:59.432+09
3589	12371	47281	2	1	t	2023-02-10 02:54:57.01+09
3590	12371	58746	1	5	f	2022-03-03 10:08:20.969+09
3591	12371	69273	2	1	f	2022-11-07 00:32:52.979+09
3592	67620	47281	3	2	t	2022-12-24 06:12:14.105+09
3593	67620	58746	0	3	t	2022-07-07 11:59:11.924+09
3594	67620	69273	3	1	f	2022-05-06 01:44:50.104+09
3595	67620	39076	2	2	t	2022-08-24 07:20:25.353+09
3596	67620	20129	1	4	t	2022-02-20 20:57:54.324+09
3597	67620	78572	5	1	t	2023-02-09 04:41:59.653+09
3598	67620	59895	0	3	t	2022-08-08 09:55:57.436+09
3599	67620	66282	2	4	f	2022-05-03 03:43:23.616+09
3600	67620	70986	3	4	t	2022-11-17 00:25:23.647+09
3601	67620	36862	3	0	t	2022-11-23 09:11:07.931+09
3602	67620	99383	2	3	t	2022-03-29 19:46:53.061+09
3603	67620	52863	3	1	t	2022-06-21 04:08:18.5+09
3604	67620	35137	4	1	f	2022-05-24 06:34:19.089+09
3605	67620	49892	2	1	f	2023-01-25 13:17:49.589+09
3606	67620	57616	4	4	t	2022-10-05 23:56:05.185+09
3607	67620	97738	0	2	f	2022-09-19 20:03:43.582+09
3608	67620	24711	2	1	f	2022-09-26 01:03:07.304+09
3609	67620	15112	0	0	t	2022-03-14 17:25:09.032+09
3610	67620	96126	0	3	t	2022-11-14 19:12:08.615+09
3611	67620	93568	3	5	t	2022-03-24 22:09:41.338+09
3612	67620	46152	5	1	f	2022-03-10 10:25:26.55+09
3613	67620	33143	1	0	f	2022-03-08 05:00:22.426+09
3614	67620	72163	5	2	t	2022-07-05 03:28:48.819+09
3615	67620	24760	3	4	t	2022-07-05 07:25:49.336+09
3616	42704	47281	2	0	f	2022-11-09 16:43:03.449+09
3617	42704	58746	5	1	f	2022-11-26 16:07:40.124+09
3618	42704	69273	0	3	f	2023-01-04 04:11:01.631+09
3619	42704	39076	5	2	f	2022-11-21 11:25:45.622+09
3620	42704	20129	2	3	f	2022-10-21 22:11:42.881+09
3621	42704	78572	2	0	t	2023-01-02 07:11:40.861+09
3622	42704	59895	2	1	f	2022-11-02 02:24:36.682+09
3623	42704	66282	1	1	f	2022-08-27 18:41:58.22+09
3624	42704	70986	2	4	f	2022-06-22 14:00:07.241+09
3625	42704	36862	5	0	t	2022-03-20 05:42:38.794+09
3626	42704	99383	4	2	f	2022-12-30 18:32:11.855+09
3627	42704	52863	4	2	f	2022-03-29 13:57:31.117+09
3628	42704	35137	3	0	t	2022-10-25 20:04:59.011+09
3629	42704	49892	2	3	t	2022-04-03 05:00:55.03+09
3630	42704	57616	4	0	t	2022-06-27 06:26:57.67+09
3631	42704	97738	5	0	f	2022-06-07 01:32:14.3+09
3632	42704	24711	0	0	f	2023-01-23 05:33:32.716+09
3633	42704	15112	0	3	t	2022-09-09 06:40:39.216+09
3634	42704	96126	3	4	t	2022-08-14 15:01:59.234+09
3635	42704	93568	3	1	f	2022-10-18 17:58:05.615+09
3636	42704	46152	4	3	f	2022-10-14 13:33:54.343+09
3637	42704	33143	5	2	f	2022-10-26 21:09:20.522+09
3638	42704	72163	3	3	f	2022-09-14 14:47:38.872+09
3639	42704	24760	4	2	f	2022-11-01 00:21:32.144+09
3640	42704	88905	4	0	t	2022-11-27 11:02:22.855+09
3641	62481	47281	3	5	t	2022-11-04 02:26:52.276+09
3642	62481	58746	4	4	t	2022-10-10 04:02:31.252+09
3643	62481	69273	1	4	f	2022-03-09 16:15:35.92+09
3644	62481	39076	2	4	f	2022-05-27 23:52:20.906+09
3645	62481	20129	3	2	t	2022-06-21 23:48:39.473+09
3646	62481	78572	4	4	f	2022-10-29 22:16:02.679+09
3647	62481	59895	0	2	f	2023-01-28 05:42:36.518+09
3648	62481	66282	5	3	f	2022-11-21 14:22:52.366+09
3649	62481	70986	1	3	f	2022-05-31 04:02:20.105+09
3650	62481	36862	1	4	f	2022-04-21 04:29:38.26+09
3651	62481	99383	2	0	f	2022-02-20 10:40:54.216+09
3652	62481	52863	1	4	t	2023-01-25 22:54:26.665+09
3653	62481	35137	5	2	f	2022-04-07 01:54:01.395+09
3654	62481	49892	4	3	f	2022-04-03 10:40:52.141+09
3655	62481	57616	1	3	f	2023-01-15 11:38:29.7+09
3656	62481	97738	3	5	f	2022-07-06 02:36:55.212+09
3657	62481	24711	5	3	t	2022-03-27 04:04:53.792+09
3658	62481	15112	2	3	t	2022-06-18 05:08:58.54+09
3659	62481	96126	5	1	f	2022-05-03 14:55:59.312+09
3660	62481	93568	5	0	f	2022-10-01 00:43:34.639+09
3661	62481	46152	1	0	f	2022-04-25 22:03:20.906+09
3662	62481	33143	2	3	f	2022-02-20 01:42:07.17+09
3663	21282	47281	2	5	t	2022-10-28 08:28:18.301+09
3664	21282	58746	3	3	f	2022-07-13 07:18:42.936+09
3665	21282	69273	2	2	t	2022-03-05 12:09:41.235+09
3666	21282	39076	2	0	t	2023-01-13 21:54:22.471+09
3667	53996	47281	0	5	f	2023-01-02 09:19:08.88+09
3668	53996	58746	0	1	t	2022-06-27 22:52:43.853+09
3669	53996	69273	3	4	t	2022-11-03 21:16:51.131+09
3670	53996	39076	2	5	t	2023-01-27 09:05:09.917+09
3671	53996	20129	5	5	t	2023-01-11 21:22:17.271+09
3672	53996	78572	4	4	t	2023-01-26 06:16:43.848+09
3673	53996	59895	4	3	t	2022-06-28 01:48:10.554+09
3674	53996	66282	2	3	t	2022-06-18 21:39:48.294+09
3675	53996	70986	2	1	f	2023-01-26 04:52:07.674+09
3676	53996	36862	3	2	f	2022-04-14 13:46:37.146+09
3677	53996	99383	0	4	f	2022-06-08 04:41:05.898+09
3678	53996	52863	5	2	f	2022-09-29 23:27:48.839+09
3679	53996	35137	3	4	f	2022-11-23 19:57:46.772+09
3680	53996	49892	0	4	f	2023-01-17 10:51:33.069+09
3681	53996	57616	4	0	t	2022-11-12 07:43:49.939+09
3682	25160	47281	5	1	t	2022-09-14 10:11:53.045+09
3683	25160	58746	1	0	t	2022-05-12 19:03:20.519+09
3684	77286	47281	5	1	t	2022-10-22 09:58:19.746+09
3685	77286	58746	3	0	f	2023-01-13 12:22:23.252+09
3686	77286	69273	5	5	t	2022-05-22 10:55:07.401+09
3687	77286	39076	1	3	t	2022-05-04 16:37:59.581+09
3688	77286	20129	2	2	f	2022-04-24 21:12:43.956+09
3689	77286	78572	0	5	t	2022-12-15 08:07:21.72+09
3690	77286	59895	0	3	f	2022-05-23 00:22:48.476+09
3691	77286	66282	5	0	f	2022-05-17 10:27:48.951+09
3692	77286	70986	1	0	f	2022-08-25 15:23:40.733+09
3693	77286	36862	0	3	t	2022-10-31 19:33:14.52+09
3694	77286	99383	1	5	f	2022-10-22 16:04:33.778+09
3695	77286	52863	4	3	t	2022-10-31 16:24:10.366+09
3696	77286	35137	2	4	f	2022-04-10 07:52:43.332+09
3697	77286	49892	1	4	t	2022-02-28 02:10:41.768+09
3698	77286	57616	3	2	t	2022-08-11 15:54:17.191+09
3699	77286	97738	5	2	t	2022-03-09 19:37:32.708+09
3700	77286	24711	3	2	t	2023-02-07 23:32:16.079+09
3701	77286	15112	0	4	f	2023-01-16 19:49:19.914+09
3702	77286	96126	0	3	t	2022-06-04 21:15:34.233+09
3703	77286	93568	0	0	t	2022-08-03 06:13:46.024+09
3704	77286	46152	1	3	t	2022-11-11 06:13:57.661+09
3705	77286	33143	2	5	t	2022-10-21 14:44:58.987+09
3706	77286	72163	3	2	f	2022-10-17 19:10:18.196+09
3707	77286	24760	1	4	f	2022-09-22 11:23:11.8+09
3708	77286	88905	0	2	t	2022-11-10 15:13:45.658+09
3709	77286	23300	5	5	t	2022-11-30 12:20:02.214+09
3710	77286	15469	4	5	t	2022-05-15 07:53:18.34+09
3711	73538	47281	5	2	f	2022-03-13 12:55:20.846+09
3712	73538	58746	1	0	f	2022-04-03 18:45:53.482+09
3713	73538	69273	1	0	t	2022-10-06 03:09:06.922+09
3714	73538	39076	2	2	t	2023-01-04 13:27:19.212+09
3715	73538	20129	5	4	t	2022-12-04 00:32:30.264+09
3716	73538	78572	2	4	t	2022-09-08 17:50:17.23+09
3717	73538	59895	0	1	t	2022-12-09 01:45:18.108+09
3718	73538	66282	0	0	t	2022-07-29 13:03:22.632+09
3719	73538	70986	2	2	t	2022-11-30 20:07:23.893+09
3720	73538	36862	5	1	f	2022-12-28 16:53:12.389+09
3721	73538	99383	0	5	t	2022-09-30 10:47:08.727+09
3722	73538	52863	5	5	f	2022-05-01 13:07:23.14+09
3723	73538	35137	2	2	t	2022-06-09 09:13:56.943+09
3724	73538	49892	4	0	f	2023-02-05 22:07:54.091+09
3725	73538	57616	0	5	t	2022-09-19 04:42:17.221+09
3726	73538	97738	4	3	t	2022-03-30 03:12:55.763+09
3727	73538	24711	0	0	f	2022-02-12 10:41:10.784+09
3728	71404	47281	4	3	f	2023-01-13 05:59:26.903+09
3729	71404	58746	5	1	f	2022-11-29 19:39:11.957+09
3730	71404	69273	1	3	f	2022-11-17 01:02:20.069+09
3731	71404	39076	2	3	f	2022-05-15 06:24:39.37+09
3732	71404	20129	4	5	t	2022-12-16 19:46:00.423+09
3733	71404	78572	3	1	t	2022-11-10 20:20:26.977+09
3734	71404	59895	1	1	t	2022-05-25 20:15:31.551+09
3735	71404	66282	5	0	f	2022-12-23 15:03:01.162+09
3736	71404	70986	1	2	t	2022-11-19 18:34:59.849+09
3737	71404	36862	0	1	f	2022-07-20 06:59:09.821+09
3738	71404	99383	1	3	f	2022-11-09 01:54:04.222+09
3739	66913	47281	4	4	f	2022-11-11 19:13:13.495+09
3740	66913	58746	4	4	t	2022-11-14 03:05:48.149+09
3741	66913	69273	4	2	t	2022-06-19 01:19:01.16+09
3742	66913	39076	4	2	f	2022-12-15 21:07:38.659+09
3743	66913	20129	0	2	t	2022-03-21 10:30:25.093+09
3744	66913	78572	5	5	t	2022-05-25 13:22:22.136+09
3745	66913	59895	4	0	f	2022-05-25 07:01:48.599+09
3746	66913	66282	3	0	t	2022-08-18 08:59:56.183+09
3747	66913	70986	0	3	t	2022-06-03 22:42:06.626+09
3748	66913	36862	3	5	f	2022-05-23 20:02:05.01+09
3749	66913	99383	2	3	t	2022-11-17 19:37:48.632+09
3750	66913	52863	1	4	t	2022-02-23 14:02:15.046+09
3751	66913	35137	1	0	t	2022-04-11 12:39:48.836+09
3752	66913	49892	5	3	f	2022-04-14 06:29:59.834+09
3753	66913	57616	2	3	t	2022-10-30 23:14:46.176+09
3754	66913	97738	5	3	f	2022-06-18 02:02:06.963+09
3755	66913	24711	2	1	t	2022-08-15 16:17:57.678+09
3756	66913	15112	4	5	t	2023-02-06 12:07:48.509+09
3757	66913	96126	1	4	t	2022-12-03 03:32:16.539+09
3758	66913	93568	5	1	t	2022-11-10 18:41:35.359+09
3759	66913	46152	2	4	t	2022-04-15 09:23:18.687+09
3760	35488	47281	5	4	t	2022-08-21 20:01:45.556+09
3761	35488	58746	4	5	t	2022-04-15 19:19:25.503+09
3762	35488	69273	5	3	f	2023-01-24 23:07:42.693+09
3763	35488	39076	1	0	t	2022-10-25 17:55:28.827+09
3764	35488	20129	3	5	t	2023-02-07 19:18:56.595+09
3765	35488	78572	1	4	f	2022-03-09 02:46:05.39+09
3766	35488	59895	3	5	f	2022-03-10 01:53:27.86+09
3767	35488	66282	0	3	t	2022-05-14 01:26:22.169+09
3768	35488	70986	5	4	t	2022-03-07 14:18:00.137+09
3769	35488	36862	2	5	t	2022-09-11 06:50:33.925+09
3770	35488	99383	1	2	t	2022-06-26 04:07:13.113+09
3771	35488	52863	5	0	t	2022-06-08 18:10:00.206+09
3772	35488	35137	4	1	f	2022-09-14 13:32:49.573+09
3773	35488	49892	5	3	t	2022-03-02 11:36:55.446+09
3774	35488	57616	2	2	t	2022-10-19 08:58:36.804+09
3775	35488	97738	4	4	t	2023-01-24 16:34:36.501+09
3776	35488	24711	2	0	t	2022-04-13 11:21:00.008+09
3777	35488	15112	4	3	t	2023-01-28 19:18:04.6+09
3778	35488	96126	1	0	f	2022-03-01 19:13:03.483+09
3779	35488	93568	2	4	t	2022-07-16 11:05:49.989+09
3780	35488	46152	0	0	f	2022-06-07 02:57:11.305+09
3781	35488	33143	1	5	f	2022-12-06 22:22:26.64+09
3782	35488	72163	2	0	t	2022-09-04 16:00:26.356+09
3783	35488	24760	4	1	t	2022-09-29 20:07:10.263+09
3784	35488	88905	5	3	t	2023-01-18 15:20:38.764+09
3785	35488	23300	2	3	t	2023-02-07 03:48:07.054+09
3786	35488	15469	2	0	t	2022-12-13 05:58:15.65+09
3787	35488	79037	0	5	f	2022-04-08 01:50:24.489+09
3788	35676	47281	4	1	t	2022-04-24 17:42:25.62+09
3789	35676	58746	5	2	t	2022-09-10 10:39:32.301+09
3790	35676	69273	2	1	t	2022-11-06 00:32:58.024+09
3791	77808	47281	3	4	t	2022-09-13 20:18:01.708+09
3792	77808	58746	5	2	f	2023-01-22 07:15:49.169+09
3793	77808	69273	1	4	f	2022-04-03 21:22:47.405+09
3794	77808	39076	4	2	t	2022-02-21 08:00:41.213+09
3795	77808	20129	5	2	t	2022-05-22 16:36:53.174+09
3796	77808	78572	0	1	f	2022-05-15 06:05:01.603+09
3797	77808	59895	1	5	f	2022-06-13 02:09:51.704+09
3798	77808	66282	3	4	t	2022-12-23 05:31:37.959+09
3799	77808	70986	3	0	f	2022-12-08 17:03:09.193+09
3800	77808	36862	5	3	t	2022-06-27 17:06:51.304+09
3801	77808	99383	3	1	t	2022-05-25 09:26:38.092+09
3802	77808	52863	1	1	f	2022-04-17 12:09:32.904+09
3803	77808	35137	3	4	t	2023-01-17 04:03:56.594+09
3804	77808	49892	1	4	t	2022-12-16 01:23:55.509+09
3805	77808	57616	4	1	t	2022-06-24 11:15:28.173+09
3806	77808	97738	1	5	f	2022-05-15 07:14:26.582+09
3807	77808	24711	5	0	t	2022-04-29 06:31:11.454+09
3808	77808	15112	3	0	t	2022-08-06 18:11:18.481+09
3809	77808	96126	2	2	f	2023-01-29 11:48:43.318+09
3810	77808	93568	3	0	f	2023-01-23 22:30:34.193+09
3811	77808	46152	5	2	t	2022-04-02 07:44:33.051+09
3812	77808	33143	4	2	t	2023-02-02 20:48:44.94+09
3813	77808	72163	2	4	f	2022-08-07 22:28:29.607+09
3814	77808	24760	0	3	t	2022-02-12 16:29:06.166+09
3815	82863	47281	4	2	t	2022-02-25 00:47:42.722+09
3816	82863	58746	5	3	t	2022-03-31 02:01:21.335+09
3817	82863	69273	0	5	t	2022-07-29 07:59:00.374+09
3818	82863	39076	1	5	f	2022-08-12 02:13:17.166+09
3819	82863	20129	5	4	f	2022-04-21 11:59:51.968+09
3820	82863	78572	4	4	f	2022-10-29 23:02:40.843+09
3821	82863	59895	4	3	f	2022-07-01 22:41:40.21+09
3822	82863	66282	0	3	f	2022-03-05 07:11:33.08+09
3823	82863	70986	4	0	t	2023-01-20 17:15:10.975+09
3824	82863	36862	4	0	f	2022-11-21 21:39:09.573+09
3825	82863	99383	3	3	t	2022-04-17 04:54:52.993+09
3826	82863	52863	5	5	t	2022-07-27 12:56:07.279+09
3827	82863	35137	2	5	t	2022-10-14 13:13:34.115+09
3828	82863	49892	3	5	f	2022-04-17 09:18:27.767+09
3829	82863	57616	3	2	f	2022-03-24 15:42:43.47+09
3830	73132	47281	5	5	t	2022-11-07 08:26:30.706+09
3831	73132	58746	4	0	f	2022-04-06 05:04:00.568+09
3832	73132	69273	5	3	t	2022-06-05 00:46:51.721+09
3833	73132	39076	5	0	f	2022-03-15 06:53:44.786+09
3834	73132	20129	2	4	f	2022-02-17 09:17:41.109+09
3835	73132	78572	5	0	t	2022-04-10 17:09:59.227+09
3836	73132	59895	5	0	f	2023-02-04 11:55:23.513+09
3837	73132	66282	5	0	t	2022-03-22 22:12:59.316+09
3838	73132	70986	3	5	f	2022-06-01 04:43:32.164+09
3839	73132	36862	2	2	t	2022-05-03 06:37:39.242+09
3840	73132	99383	2	1	f	2022-07-12 09:40:08.989+09
3841	73132	52863	1	4	f	2022-12-16 10:57:33.793+09
3842	73132	35137	4	3	t	2022-05-05 01:03:43.258+09
3843	73132	49892	3	0	t	2022-11-10 20:59:07.809+09
3844	73132	57616	5	5	f	2022-12-09 07:08:29.113+09
3845	73132	97738	4	2	t	2022-03-25 07:42:15.228+09
3846	66541	47281	0	1	t	2022-03-11 21:38:22.87+09
3847	66541	58746	3	1	f	2022-09-19 02:36:47.682+09
3848	66541	69273	5	3	f	2022-11-05 22:22:41.009+09
3849	66541	39076	3	2	t	2022-11-13 02:22:32.361+09
3850	66541	20129	2	5	f	2022-07-16 13:22:01.216+09
3851	66541	78572	2	3	f	2022-08-12 00:24:05.617+09
3852	66541	59895	1	1	t	2022-07-29 23:09:50.929+09
3853	66541	66282	0	4	f	2022-06-10 11:39:24.646+09
3854	66541	70986	3	4	f	2022-10-22 04:06:56.04+09
3855	66541	36862	4	1	t	2022-08-24 01:24:49.879+09
3856	66541	99383	5	0	t	2022-02-14 07:18:07.949+09
3857	66541	52863	3	1	f	2023-01-22 18:19:02.257+09
3858	66541	35137	1	2	t	2022-08-31 01:30:38.295+09
3859	66541	49892	0	0	f	2022-11-12 18:13:29.664+09
3860	66541	57616	5	5	f	2022-06-07 10:21:15.836+09
3861	66541	97738	0	4	f	2022-09-05 23:07:33.107+09
3862	66541	24711	4	5	f	2022-03-13 15:47:24.401+09
3863	66541	15112	2	1	f	2022-03-30 03:56:01.111+09
3864	66541	96126	1	1	f	2022-03-10 06:06:30.176+09
3865	55574	47281	0	4	f	2022-03-22 11:00:00.682+09
3866	55574	58746	1	4	t	2022-12-07 08:59:15.977+09
3867	55574	69273	4	1	f	2022-08-25 10:34:33.334+09
3868	55574	39076	3	4	t	2022-11-08 07:36:05.899+09
3869	55574	20129	5	5	t	2022-12-17 06:04:08.619+09
3870	55574	78572	3	3	f	2022-09-24 05:28:05.344+09
3871	55574	59895	5	1	f	2022-07-08 16:14:01.654+09
3872	55574	66282	0	3	f	2022-11-28 12:04:14.175+09
3873	55574	70986	3	5	f	2023-01-08 01:22:30.156+09
3874	55574	36862	1	4	t	2022-04-22 15:16:20.646+09
3875	55574	99383	4	5	t	2022-08-20 06:16:34.153+09
3876	55574	52863	2	3	f	2022-12-25 16:53:10.327+09
3877	55574	35137	5	0	f	2023-01-04 00:11:34.05+09
3878	55574	49892	0	0	f	2022-06-06 20:07:53.004+09
3879	55574	57616	1	1	t	2022-05-01 16:16:41.34+09
3880	55574	97738	2	1	t	2022-10-13 11:22:54.176+09
3881	55574	24711	1	2	f	2022-08-04 15:55:28.123+09
3882	55574	15112	0	3	t	2023-01-19 03:22:32.529+09
3883	55574	96126	5	0	t	2022-02-13 14:58:20.081+09
3884	55574	93568	0	2	f	2023-01-07 15:46:45.125+09
3885	55574	46152	1	0	t	2022-12-08 12:13:00.109+09
3886	55574	33143	4	0	t	2022-03-01 06:30:14.399+09
3887	55574	72163	2	2	f	2023-01-18 20:05:23.886+09
3888	55574	24760	0	2	f	2022-10-19 02:48:46.35+09
3889	55574	88905	1	5	f	2022-04-13 12:22:26.252+09
3890	31255	47281	5	1	t	2022-05-30 19:24:38.591+09
3891	31255	58746	4	2	f	2022-12-18 00:36:13.317+09
3892	31255	69273	2	2	t	2022-11-18 19:35:09.034+09
3893	31255	39076	1	4	f	2022-03-27 13:38:20.732+09
3894	31255	20129	0	2	f	2023-01-23 12:43:29.132+09
3895	31255	78572	4	0	f	2022-11-09 00:56:50.098+09
3896	31255	59895	3	1	t	2022-05-09 20:41:45.881+09
3897	31255	66282	4	5	f	2022-03-01 04:24:40.99+09
3898	31255	70986	1	2	f	2022-06-30 02:08:24.739+09
3899	31255	36862	0	4	f	2022-06-12 01:17:36.29+09
3900	31255	99383	1	5	f	2022-02-19 01:42:39.72+09
3901	31255	52863	5	0	f	2022-03-31 08:24:02.03+09
3902	31255	35137	3	1	f	2022-04-20 11:58:25.128+09
3903	31255	49892	3	5	f	2023-01-14 00:39:28.719+09
3904	31255	57616	5	1	t	2023-01-17 09:06:59.31+09
3905	31255	97738	0	4	f	2022-09-06 04:52:02.061+09
3906	31255	24711	4	2	f	2022-08-10 19:21:36.119+09
3907	31255	15112	3	2	f	2022-03-23 00:21:28.425+09
3908	31255	96126	5	5	t	2022-09-09 10:56:18.406+09
3909	31255	93568	0	4	t	2022-07-28 09:24:21.067+09
3910	31255	46152	4	1	t	2022-08-26 18:48:55.623+09
3911	31255	33143	2	2	f	2022-08-23 23:34:58.005+09
3912	31255	72163	4	5	t	2022-07-28 21:25:10.012+09
3913	31255	24760	5	5	f	2022-05-24 12:10:34.918+09
3914	31255	88905	3	1	t	2022-05-11 10:47:48.939+09
3915	31255	23300	5	2	t	2022-09-22 10:49:36.66+09
3916	31255	15469	2	3	t	2022-03-24 05:26:35.663+09
3917	31255	79037	1	4	f	2022-12-23 14:56:16.316+09
3918	31255	20929	2	3	f	2022-10-14 12:38:55.366+09
3919	31255	51584	3	3	t	2022-07-23 01:18:26.781+09
3920	47896	47281	2	2	t	2022-05-31 20:11:08.825+09
3921	47896	58746	2	1	f	2022-07-08 03:19:38.311+09
3922	47896	69273	3	2	f	2022-07-27 00:39:36.725+09
3923	47896	39076	4	2	f	2022-10-31 21:13:09.879+09
3924	47896	20129	3	4	f	2022-09-04 13:18:01.107+09
3925	47896	78572	2	1	t	2022-02-21 04:48:26.814+09
3926	47896	59895	0	2	t	2022-12-01 08:47:20.595+09
3927	47896	66282	2	2	t	2022-12-28 14:21:20.075+09
3928	47896	70986	4	3	t	2022-03-04 12:45:42.103+09
3929	47896	36862	4	2	t	2022-10-22 00:01:50.63+09
3930	47896	99383	4	1	f	2022-03-01 05:21:50.922+09
3931	47896	52863	4	3	f	2022-03-04 17:29:45.792+09
3932	47896	35137	2	4	t	2022-06-01 23:09:01.694+09
3933	47896	49892	4	3	f	2022-08-11 03:43:21.061+09
3934	47896	57616	0	3	t	2022-06-28 17:44:10.45+09
3935	47896	97738	1	0	f	2022-07-11 11:33:01.219+09
3936	85343	47281	1	1	f	2022-11-05 00:30:15.827+09
3937	85343	58746	0	3	t	2022-03-01 05:05:34.091+09
3938	85343	69273	0	3	t	2022-09-27 19:58:12.327+09
3939	85343	39076	4	1	t	2022-11-08 20:22:13.129+09
3940	85343	20129	5	3	f	2023-02-01 22:54:18.732+09
3941	85343	78572	1	4	f	2022-06-06 15:03:41.884+09
3942	85343	59895	5	2	t	2022-11-18 14:14:40.482+09
3943	66417	47281	5	4	f	2022-04-14 12:09:28.199+09
3944	66417	58746	5	5	f	2022-12-30 00:25:47.293+09
3945	66417	69273	0	0	t	2022-08-30 09:18:38.662+09
3946	66417	39076	1	1	t	2022-09-25 08:48:01.193+09
3947	66417	20129	0	5	f	2022-06-29 06:46:37.814+09
3948	66417	78572	5	2	t	2022-11-22 04:54:05.705+09
3949	66417	59895	3	0	f	2023-02-02 06:41:43.186+09
3950	66417	66282	2	3	f	2022-03-09 23:04:53.611+09
3951	66417	70986	4	5	t	2022-10-20 01:05:57.171+09
3952	66417	36862	0	5	f	2022-07-09 08:14:20.595+09
3953	66417	99383	0	2	f	2022-06-02 22:19:36.626+09
3954	66417	52863	0	5	f	2022-03-22 16:42:33.418+09
3955	66417	35137	5	5	f	2022-08-23 10:41:02.402+09
3956	66417	49892	1	1	f	2022-06-04 02:08:20.411+09
3957	66417	57616	4	5	t	2022-06-11 14:56:18.157+09
3958	66417	97738	5	5	f	2023-01-27 21:53:25.435+09
3959	66417	24711	0	5	t	2022-02-28 16:30:50.541+09
3960	66417	15112	4	1	f	2022-04-15 22:33:20.033+09
3961	66417	96126	5	0	f	2022-11-13 19:56:09.59+09
3962	66417	93568	1	1	f	2022-05-19 02:44:35.325+09
3963	66417	46152	0	2	t	2022-07-04 05:34:57.179+09
3964	66417	33143	5	1	t	2022-06-24 11:09:02.918+09
3965	66417	72163	3	2	f	2022-12-22 17:45:51.971+09
3966	66417	24760	1	4	t	2022-08-22 04:24:37.375+09
3967	64534	47281	2	4	t	2022-03-16 05:37:23.61+09
3968	64534	58746	5	5	t	2022-08-11 01:59:42.607+09
3969	64534	69273	0	2	f	2022-02-26 00:16:54.868+09
3970	64534	39076	3	5	f	2022-09-23 19:39:26.563+09
3971	64534	20129	3	2	t	2022-11-25 20:23:11.731+09
3972	64534	78572	4	3	t	2022-12-31 05:48:04.222+09
3973	64534	59895	2	3	t	2023-01-12 08:40:51.004+09
3974	64534	66282	2	5	t	2022-03-29 06:25:25.995+09
3975	64534	70986	3	5	t	2022-06-28 06:31:24.484+09
3976	42951	47281	1	2	f	2023-01-04 10:31:06.363+09
3977	91112	47281	1	1	t	2022-04-11 22:29:04.31+09
3978	91112	58746	5	4	t	2022-03-26 18:15:17.409+09
3979	91112	69273	2	2	f	2022-09-04 12:03:04.679+09
3980	91112	39076	0	5	t	2022-05-03 04:04:04.265+09
3981	91112	20129	0	5	f	2022-09-30 12:40:24.372+09
3982	91112	78572	1	2	f	2022-07-08 05:56:11.36+09
3983	91112	59895	1	3	t	2022-12-06 02:54:17.941+09
3984	91112	66282	0	3	f	2022-12-27 14:11:42.351+09
3985	91112	70986	3	2	f	2022-08-14 08:47:56.88+09
3986	91112	36862	3	2	f	2022-07-09 22:11:47.965+09
3987	91112	99383	4	0	t	2022-04-20 14:09:22.329+09
3988	91112	52863	1	4	t	2023-02-01 09:43:49.631+09
3989	91112	35137	1	3	t	2023-02-05 21:57:56.526+09
3990	91112	49892	5	2	f	2022-05-17 22:14:21.852+09
3991	91112	57616	3	5	f	2022-06-06 23:01:16.373+09
3992	91112	97738	5	3	f	2022-10-15 19:29:31.08+09
3993	91112	24711	1	5	f	2022-03-29 18:09:17.087+09
3994	91112	15112	4	2	f	2022-11-27 22:23:05.81+09
3995	91112	96126	1	0	t	2022-03-15 13:07:23.969+09
3996	91112	93568	3	4	t	2022-10-26 23:12:29.996+09
3997	37212	47281	5	1	f	2022-05-06 13:08:52.057+09
3998	37212	58746	2	3	t	2022-04-20 10:18:11.781+09
3999	37212	69273	5	0	t	2022-08-01 18:09:40.043+09
4000	37212	39076	0	4	f	2022-10-12 02:06:05.655+09
4001	37212	20129	3	2	f	2022-07-02 21:31:02.063+09
4002	37212	78572	4	5	t	2022-08-29 16:02:15.602+09
4003	37212	59895	5	4	f	2022-04-09 10:59:03.859+09
4004	34849	47281	4	2	t	2022-02-14 02:36:05.706+09
4005	34849	58746	0	3	t	2023-01-25 01:48:38.319+09
4006	34849	69273	1	3	t	2022-05-05 14:26:43.4+09
4007	34849	39076	0	5	f	2022-12-29 14:36:03.994+09
4008	34849	20129	3	4	f	2022-12-05 13:32:43.238+09
4009	34849	78572	1	4	f	2022-10-17 18:49:14.676+09
4010	34849	59895	5	1	f	2022-10-11 13:11:39.279+09
4011	34849	66282	1	1	f	2022-06-22 03:45:55.013+09
4012	34849	70986	4	0	f	2023-01-25 12:57:40.515+09
4013	34849	36862	1	4	f	2023-02-09 02:49:52.295+09
4014	34849	99383	2	4	t	2022-06-13 11:32:51.665+09
4015	34849	52863	1	0	t	2022-02-27 15:53:47.41+09
4016	34849	35137	2	2	t	2022-12-27 22:08:46.44+09
4017	34849	49892	2	2	f	2022-09-11 22:10:38.586+09
4018	34849	57616	1	0	t	2022-06-04 05:30:33.978+09
4019	34849	97738	3	2	t	2022-06-10 06:42:58.296+09
4020	34849	24711	5	5	f	2022-12-19 07:10:06.355+09
4021	34849	15112	2	0	f	2022-08-11 06:52:26.34+09
4022	34849	96126	4	3	t	2022-09-29 11:57:18.284+09
4023	34849	93568	1	3	f	2022-12-28 07:01:12.393+09
4024	34849	46152	0	4	t	2022-05-16 11:37:45.938+09
4025	34849	33143	1	1	f	2023-01-13 23:28:33.707+09
4026	15929	47281	0	4	t	2022-11-21 21:01:22.783+09
4027	15929	58746	1	0	t	2022-10-29 07:28:37.136+09
4028	15929	69273	0	3	f	2022-04-15 12:25:05.799+09
4029	15929	39076	1	0	t	2022-06-11 17:41:51.663+09
4030	15929	20129	5	3	f	2022-05-07 00:39:30.396+09
4031	15929	78572	5	5	f	2022-03-24 19:08:55.824+09
4032	15929	59895	4	3	f	2022-05-08 10:27:40.167+09
4033	15929	66282	3	4	f	2022-09-25 02:47:04.359+09
4034	24153	47281	2	3	f	2022-10-03 22:06:19.047+09
4035	24153	58746	1	0	t	2022-03-24 17:52:53.32+09
4036	24153	69273	4	1	f	2022-05-06 01:21:31.137+09
4037	24153	39076	5	5	t	2022-06-19 19:42:29.854+09
4038	24153	20129	1	1	f	2022-04-08 02:44:03.308+09
4039	24153	78572	4	5	t	2022-04-05 07:13:46.547+09
4040	24153	59895	2	0	f	2022-07-26 13:24:46.581+09
4041	24153	66282	0	2	t	2022-09-10 06:32:29.139+09
4042	24153	70986	4	3	t	2022-12-28 10:44:23.033+09
4043	24153	36862	5	1	f	2022-06-13 18:35:39.967+09
4044	24153	99383	3	2	t	2022-08-01 03:34:30.707+09
4045	24153	52863	2	1	t	2022-05-15 23:06:13.602+09
4046	24153	35137	5	1	t	2022-06-04 01:59:24.832+09
4047	24153	49892	3	0	t	2022-11-19 19:24:48.193+09
4048	24153	57616	1	5	t	2022-12-12 02:57:14.791+09
4049	24153	97738	2	0	t	2022-11-22 12:42:51.692+09
4050	23673	47281	5	3	t	2022-11-15 20:03:03.534+09
4051	23673	58746	5	4	f	2022-04-12 01:42:40.366+09
4052	23673	69273	2	4	f	2022-06-13 01:00:40.295+09
4053	23673	39076	1	0	f	2022-04-03 23:11:12.602+09
4054	23673	20129	4	5	t	2022-03-24 23:49:33.966+09
4055	23673	78572	0	4	t	2023-01-11 16:45:05.301+09
4056	23673	59895	4	0	f	2022-06-14 16:18:56.895+09
4057	23673	66282	1	0	f	2022-08-16 00:44:57.557+09
4058	23673	70986	5	3	f	2022-07-08 13:26:41.001+09
4059	23673	36862	0	5	f	2022-10-15 13:34:06.473+09
4060	23673	99383	4	5	t	2022-11-06 10:32:07.362+09
4061	23673	52863	0	5	t	2022-03-06 17:50:16.821+09
4062	23673	35137	5	3	f	2022-07-06 16:53:04.156+09
4063	23673	49892	5	0	t	2022-09-25 01:45:21.512+09
4064	23673	57616	1	4	f	2022-06-02 01:38:37.062+09
4065	23673	97738	0	5	f	2022-07-10 00:19:00.058+09
4066	23673	24711	4	0	t	2022-05-20 05:31:19.692+09
4067	23673	15112	5	4	t	2022-03-16 17:06:34.448+09
4068	23673	96126	2	4	t	2022-11-30 11:39:47.751+09
4069	23673	93568	3	5	t	2022-11-19 23:34:41.277+09
4070	23673	46152	4	0	t	2022-04-07 17:23:32.527+09
4071	23673	33143	0	1	f	2022-07-03 00:12:31.795+09
4072	23673	72163	1	2	t	2023-01-12 09:36:10.232+09
4073	23673	24760	4	3	f	2023-01-25 05:33:55.082+09
4074	23673	88905	0	2	t	2022-07-31 15:24:07.486+09
4075	23673	23300	0	3	f	2022-11-29 03:25:35.676+09
4076	23673	15469	1	0	f	2022-07-04 07:25:26.583+09
4077	23673	79037	4	0	t	2022-06-01 23:51:53.245+09
4078	23673	20929	5	4	f	2022-10-13 23:02:31.724+09
4079	23673	51584	3	2	t	2023-01-03 15:38:49.235+09
4080	99141	47281	3	4	f	2022-04-03 05:52:27.477+09
4081	99141	58746	2	5	f	2022-11-21 11:15:35.81+09
4082	99141	69273	5	3	t	2022-06-13 17:44:49.865+09
4083	99141	39076	2	3	f	2022-06-09 11:32:33.546+09
4084	99141	20129	4	0	f	2022-12-31 23:39:37.09+09
4085	99141	78572	4	5	f	2022-05-19 06:36:05.721+09
4086	99141	59895	0	3	t	2023-01-26 14:34:20.238+09
4087	99141	66282	5	1	t	2022-05-31 20:57:31.086+09
4088	99141	70986	0	3	t	2022-06-09 22:09:59.265+09
4089	99141	36862	5	2	f	2022-05-15 16:51:44.123+09
4090	99141	99383	0	4	t	2023-01-27 00:08:18.304+09
4091	99141	52863	1	5	f	2023-02-05 20:05:19.672+09
4092	99141	35137	4	1	f	2022-04-10 20:40:05.001+09
4093	99141	49892	0	3	f	2022-07-09 10:38:16.32+09
4094	99141	57616	5	0	f	2022-09-18 16:30:46.311+09
4095	99141	97738	5	0	t	2022-08-20 03:18:28.839+09
4096	99141	24711	0	3	t	2022-10-21 02:14:27.287+09
4097	99141	15112	2	0	f	2022-09-07 17:58:17.192+09
4098	99141	96126	5	3	f	2022-07-03 13:52:49.797+09
4099	99141	93568	1	4	f	2023-01-05 14:30:23.737+09
4100	99141	46152	2	3	t	2022-08-27 20:28:12.367+09
4101	99141	33143	3	3	t	2022-08-12 10:14:59.077+09
4102	99141	72163	4	3	f	2022-09-04 10:10:52.629+09
4103	99141	24760	3	0	t	2022-03-12 06:09:05.677+09
4104	99141	88905	1	3	t	2022-07-19 21:00:59.24+09
4105	99141	23300	2	4	t	2022-03-04 07:20:07.06+09
4106	99141	15469	0	3	f	2022-03-12 12:59:05.39+09
4107	37077	47281	5	5	t	2023-02-07 07:33:06.151+09
4108	37077	58746	4	4	t	2022-10-17 03:38:24.973+09
4109	37077	69273	4	0	t	2022-10-14 03:06:24.355+09
4110	37077	39076	0	5	t	2023-01-24 18:40:00.028+09
4111	37077	20129	5	0	f	2022-04-03 06:15:59.684+09
4112	37077	78572	4	2	f	2022-12-03 12:33:49.352+09
4113	37077	59895	0	5	t	2023-02-03 21:56:56.751+09
4114	37077	66282	3	4	t	2023-01-06 07:32:55.952+09
4115	37077	70986	0	5	f	2022-11-19 11:43:55.177+09
4116	37077	36862	0	1	f	2022-11-22 09:48:32.755+09
4117	37077	99383	1	4	t	2022-07-26 16:07:05.295+09
4118	37077	52863	5	1	t	2022-02-18 17:30:43.313+09
4119	37077	35137	3	4	t	2022-10-18 00:17:50.289+09
4120	37077	49892	2	0	f	2022-09-20 03:29:53.114+09
4121	37077	57616	2	0	f	2022-04-29 17:37:53.974+09
4122	37077	97738	1	3	t	2022-11-06 14:51:31.822+09
4123	37077	24711	5	3	f	2022-12-15 20:58:56.157+09
4124	37077	15112	3	5	t	2022-11-17 06:03:32.031+09
4125	37077	96126	5	5	f	2022-10-31 21:40:26.666+09
4126	50248	47281	3	3	f	2022-07-04 20:55:11.959+09
4127	50248	58746	3	1	t	2022-04-06 15:15:45.498+09
4128	50248	69273	0	1	f	2022-08-31 01:52:55.726+09
4129	50248	39076	0	3	t	2022-06-17 00:29:58.9+09
4130	50248	20129	2	2	f	2022-05-21 22:03:58.835+09
4131	50248	78572	2	4	t	2022-05-13 19:20:36.957+09
4132	50248	59895	2	1	t	2022-05-23 10:06:11.764+09
4133	50248	66282	2	1	t	2022-07-29 18:15:57.077+09
4134	22253	47281	5	3	f	2022-02-27 10:46:28.527+09
4135	22253	58746	4	4	t	2022-06-20 00:08:37.037+09
4136	22253	69273	3	2	f	2022-08-23 03:45:50.543+09
4137	22253	39076	3	2	f	2022-04-02 20:00:52.629+09
4138	22253	20129	2	2	t	2022-10-15 04:46:34.347+09
4139	22253	78572	0	3	f	2022-08-20 04:25:38.356+09
4140	22253	59895	5	0	t	2023-01-03 22:16:43.402+09
4141	22253	66282	0	1	t	2022-02-24 17:52:56.783+09
4142	22253	70986	3	3	f	2022-07-29 09:07:14.902+09
4143	22253	36862	4	0	f	2022-10-10 14:52:14.868+09
4144	22253	99383	0	5	f	2022-07-11 16:29:38.122+09
4145	22253	52863	5	2	t	2022-10-05 19:42:37.838+09
4146	22253	35137	0	3	f	2022-04-15 03:11:32.214+09
4147	22253	49892	5	5	t	2022-12-01 05:43:12.846+09
4148	22253	57616	4	5	t	2022-12-31 03:43:10.426+09
4149	22253	97738	3	1	f	2022-04-29 08:53:58.599+09
4150	28956	47281	0	1	t	2023-01-05 13:50:32.71+09
4151	28956	58746	3	2	t	2022-11-26 22:25:43.14+09
4152	28956	69273	0	4	t	2022-03-16 13:30:58.077+09
4153	28956	39076	3	4	f	2023-02-09 07:24:27.723+09
4154	28956	20129	2	2	t	2022-04-10 16:05:28.296+09
4155	28956	78572	2	0	f	2022-05-04 21:49:40.689+09
4156	28956	59895	5	4	f	2023-02-02 07:57:07.936+09
4157	28956	66282	2	4	t	2022-12-14 13:15:23.294+09
4158	28956	70986	1	4	t	2023-02-05 16:57:26.858+09
4159	28956	36862	2	1	f	2022-11-11 07:31:39.776+09
4160	17967	47281	5	1	t	2022-07-19 03:38:13.177+09
4161	17967	58746	0	0	f	2023-01-21 21:10:20.121+09
4162	17967	69273	2	5	t	2022-07-11 05:37:38.515+09
4163	17967	39076	4	4	f	2022-03-16 03:33:25.875+09
4164	17967	20129	0	3	t	2022-02-22 23:54:28.246+09
4165	17967	78572	0	0	t	2022-04-22 02:04:04.749+09
4166	17967	59895	3	3	f	2022-04-03 09:19:37.998+09
4167	17967	66282	1	2	f	2022-12-16 00:36:45.993+09
4168	17967	70986	1	4	f	2022-03-16 09:42:49.646+09
4169	17967	36862	3	1	f	2022-04-07 13:18:05.962+09
4170	17967	99383	1	5	f	2022-12-18 08:37:51.718+09
4171	17967	52863	4	3	f	2022-07-13 14:57:59.163+09
4172	17967	35137	2	5	t	2022-04-07 10:42:33.475+09
4173	17967	49892	4	4	t	2022-12-27 00:35:20.242+09
4174	17967	57616	1	1	f	2022-06-14 18:17:39.268+09
4175	17967	97738	5	1	f	2022-11-28 22:16:20.237+09
4176	17967	24711	5	0	f	2022-06-15 19:25:41.026+09
4177	17967	15112	3	4	f	2022-10-27 03:08:53.087+09
4178	17967	96126	0	2	f	2022-02-27 09:24:45.101+09
4179	17967	93568	4	0	t	2022-07-30 02:55:57.438+09
4180	17967	46152	0	1	t	2023-02-05 07:51:22.101+09
4181	17967	33143	1	3	t	2022-08-26 00:04:23.763+09
4182	17967	72163	0	0	t	2022-08-18 18:21:13.304+09
4183	17967	24760	0	0	t	2022-08-09 11:08:33.696+09
4184	17967	88905	1	1	f	2022-07-20 16:17:33.387+09
4185	17967	23300	2	4	f	2022-05-03 01:41:29.303+09
4186	17967	15469	5	5	f	2022-12-11 13:02:58.849+09
4187	17967	79037	0	5	t	2022-11-06 21:53:30.502+09
4188	19151	47281	3	4	t	2023-01-27 06:48:05.222+09
4189	19151	58746	1	2	t	2022-06-02 09:57:40.534+09
4190	19151	69273	4	0	f	2022-05-13 16:48:57.022+09
4191	55181	47281	4	5	t	2022-05-04 00:21:29.707+09
4192	55181	58746	3	5	f	2022-12-20 03:01:07.495+09
4193	55181	69273	4	5	f	2022-11-14 21:56:11.007+09
4194	55181	39076	3	4	t	2022-06-09 17:16:16.792+09
4195	55181	20129	2	5	t	2022-08-01 16:57:21.86+09
4196	55181	78572	0	0	t	2023-01-03 17:00:09.011+09
4197	55181	59895	3	0	t	2022-03-12 08:10:25.225+09
4198	55181	66282	4	2	t	2023-01-25 11:46:08.797+09
4199	55181	70986	0	4	t	2022-09-13 21:42:35.541+09
4200	55181	36862	0	3	t	2022-07-10 19:02:32.789+09
4201	43688	47281	4	5	t	2022-12-03 08:16:56.017+09
4202	43688	58746	0	4	f	2022-08-04 07:02:22.19+09
4203	43688	69273	4	0	f	2022-05-30 06:25:04.99+09
4204	43688	39076	2	3	t	2022-08-13 08:00:13.801+09
4205	43688	20129	5	0	t	2022-10-09 07:23:19.345+09
4206	43688	78572	1	3	f	2022-02-13 08:12:36.309+09
4207	43688	59895	0	1	f	2022-12-28 12:01:59.625+09
4208	43688	66282	3	4	f	2022-12-28 04:43:38.064+09
4209	43688	70986	0	2	f	2022-03-28 15:56:14.307+09
4210	43688	36862	3	3	t	2022-06-23 23:16:21.841+09
4211	43688	99383	4	5	t	2022-10-16 14:00:55.673+09
4212	43688	52863	3	3	f	2022-04-20 06:27:29.097+09
4213	43688	35137	3	5	t	2022-05-02 08:47:58.872+09
4214	43688	49892	1	3	f	2022-06-06 10:45:31.109+09
4215	43688	57616	5	5	f	2022-11-10 19:43:08.705+09
4216	43688	97738	0	5	f	2022-06-21 18:05:28.924+09
4217	43688	24711	0	2	f	2022-07-19 01:27:29.949+09
4218	74261	47281	3	4	t	2022-06-24 17:23:13.137+09
4219	74261	58746	0	1	f	2022-06-29 14:02:14.698+09
4220	74261	69273	3	4	f	2022-02-22 02:08:37.94+09
4221	74261	39076	4	4	t	2023-01-31 12:15:30.543+09
4222	74261	20129	5	3	f	2022-09-24 16:09:24.659+09
4223	74261	78572	0	1	t	2022-07-25 03:03:03.44+09
4224	74261	59895	0	4	t	2022-04-02 02:38:47.647+09
4225	74261	66282	0	5	t	2022-08-22 03:44:55.556+09
4226	74261	70986	0	0	f	2022-06-05 07:22:33.076+09
4227	74261	36862	0	5	f	2022-08-24 16:10:58.056+09
4228	74261	99383	5	3	f	2022-07-20 18:50:34.118+09
4229	74261	52863	0	5	f	2022-03-11 21:57:17.148+09
4230	74261	35137	1	2	f	2022-02-13 20:04:47.582+09
4231	74261	49892	2	2	t	2022-02-23 08:57:02.53+09
4232	74261	57616	5	2	f	2022-11-12 01:09:27.019+09
4233	74261	97738	0	5	f	2022-09-17 04:31:43.04+09
4234	74261	24711	4	5	t	2023-01-14 20:25:10.034+09
4235	74261	15112	4	3	f	2022-05-04 19:50:58.345+09
4236	74261	96126	5	1	t	2022-02-28 00:34:53.568+09
4237	74261	93568	1	2	f	2022-06-21 05:07:26.589+09
4238	38657	47281	4	0	t	2022-05-17 08:57:41.195+09
4239	38657	58746	2	4	t	2022-12-07 18:49:14.426+09
4240	38657	69273	0	4	t	2022-11-23 08:02:22.809+09
4241	38657	39076	0	2	f	2022-09-08 08:50:00.943+09
4242	38657	20129	0	3	t	2022-12-17 07:50:59.332+09
4243	38657	78572	2	5	t	2022-10-03 11:57:24.2+09
4244	38657	59895	3	0	t	2022-12-23 02:28:25.469+09
4245	38657	66282	4	2	f	2022-06-12 18:33:33.962+09
4246	38657	70986	0	1	t	2022-05-08 14:46:43.399+09
4247	38657	36862	4	0	t	2022-06-17 19:28:56.954+09
4248	38657	99383	4	5	t	2022-11-14 20:09:03.003+09
4249	38657	52863	2	4	t	2022-08-17 03:58:55.105+09
4250	38657	35137	5	2	f	2022-10-24 18:28:31.969+09
4251	38657	49892	3	2	f	2022-07-02 19:56:46.532+09
4252	38657	57616	4	2	f	2022-12-19 02:10:38.459+09
4253	38657	97738	3	5	t	2023-01-19 10:38:24.56+09
4254	38657	24711	0	1	t	2022-03-06 11:03:04.086+09
4255	38657	15112	1	4	t	2022-12-25 04:54:23.41+09
4256	38657	96126	4	3	f	2022-12-21 21:54:27.748+09
4257	38657	93568	4	4	t	2022-12-10 10:19:34.495+09
4258	38657	46152	2	3	t	2022-09-14 13:10:10.264+09
4259	38657	33143	5	5	t	2023-02-08 10:17:30.959+09
4260	57346	47281	5	5	t	2022-04-10 10:02:11.587+09
4261	57346	58746	5	5	f	2023-01-28 16:49:45.633+09
4262	57346	69273	0	2	f	2022-03-16 05:42:37.035+09
4263	57346	39076	3	2	f	2022-11-22 18:25:40.215+09
4264	34438	47281	3	4	f	2023-02-06 20:53:06.622+09
4265	34438	58746	3	3	t	2022-07-08 03:15:56.935+09
4266	34438	69273	4	0	f	2022-11-30 22:39:32.971+09
4267	34438	39076	1	1	t	2022-12-15 19:21:32.063+09
4268	34438	20129	4	1	f	2022-08-03 01:20:31.771+09
4269	34438	78572	3	5	f	2022-09-05 15:06:27.193+09
4270	34438	59895	4	5	f	2023-01-20 11:02:14.808+09
4271	34438	66282	3	1	f	2022-06-25 20:36:18.957+09
4272	34438	70986	0	4	f	2022-04-05 11:08:58.953+09
4273	34438	36862	1	1	t	2022-10-31 13:21:04.53+09
4274	34438	99383	3	3	f	2022-03-27 07:46:16.145+09
4275	34438	52863	4	1	t	2022-11-19 12:11:19.615+09
4276	34438	35137	0	1	t	2023-01-15 03:23:34.996+09
4277	46504	47281	0	1	t	2022-11-22 18:36:56.464+09
4278	46504	58746	5	3	t	2023-02-09 11:32:47.998+09
4279	46504	69273	1	1	f	2022-03-04 14:34:56.944+09
4280	46504	39076	4	0	f	2022-10-22 12:19:46.006+09
4281	46504	20129	1	5	f	2022-09-01 07:43:37.689+09
4282	46504	78572	0	3	f	2022-09-23 20:19:50.449+09
4283	46504	59895	2	0	f	2022-11-03 22:11:39.132+09
4284	46504	66282	1	3	f	2022-03-16 22:32:58.358+09
4285	46504	70986	3	0	t	2022-04-05 20:10:35.862+09
4286	46504	36862	4	0	f	2023-01-08 19:38:33.43+09
4287	46504	99383	1	1	f	2023-01-06 13:38:42.73+09
4288	46504	52863	2	3	t	2023-01-28 16:37:02.581+09
4289	46504	35137	4	3	f	2022-06-21 05:44:30.86+09
\.


--
-- Data for Name: messages; Type: TABLE DATA; Schema: public; Owner: test_user
--

COPY public.messages (message_id, channel_id, sender_id, contents, created_at) FROM stdin;
1	1	91853	provident	2022-06-24 12:31:51.829+09
2	1	91853	ratione	2022-09-13 20:56:00.795+09
3	1	91853	fugiat	2022-09-02 08:42:06.9+09
4	1	29550	nisi	2022-07-29 14:44:51.363+09
5	1	29550	enim	2022-06-24 07:21:01.253+09
6	1	29550	nesciunt	2022-08-18 13:19:19.325+09
7	1	29550	commodi	2022-03-12 01:54:15.972+09
8	1	29550	ipsa	2022-07-24 14:40:04.903+09
9	1	29550	facere	2022-09-28 20:26:37.645+09
10	1	72419	nesciunt	2022-10-05 15:00:40.687+09
11	1	72419	corporis	2022-05-19 06:42:48.647+09
12	1	69390	nesciunt	2023-01-04 06:25:23.788+09
13	1	47284	neque	2022-11-22 13:03:19.876+09
14	1	47284	a	2022-05-18 08:55:17.798+09
15	1	47284	repudiandae	2022-05-24 06:04:45.648+09
16	2	12371	voluptatum	2022-06-14 04:07:47.867+09
17	2	12371	nesciunt	2022-09-10 17:47:44.986+09
18	2	12371	culpa	2022-10-04 17:56:57.656+09
19	2	12371	voluptatem	2022-07-06 00:04:17.159+09
20	2	12371	non	2022-03-07 21:00:32.987+09
21	2	95854	dolore	2022-06-28 09:19:26.098+09
22	2	31292	totam	2022-09-25 04:54:42.088+09
23	2	31292	quis	2022-08-31 06:38:24.526+09
24	2	31292	alias	2022-10-25 03:07:26.758+09
25	2	43387	nisi	2023-01-20 20:41:31.755+09
26	2	43387	nihil	2022-11-27 13:42:05.317+09
27	2	43387	impedit	2022-10-04 21:20:19.067+09
28	2	43387	explicabo	2022-03-17 07:08:27.452+09
29	2	25486	eum	2022-10-20 05:05:42.862+09
30	2	25486	eos	2022-06-28 17:26:11.592+09
31	2	25486	quaerat	2023-01-22 10:06:17.268+09
32	2	47284	ratione	2022-07-17 22:51:30.519+09
33	2	47284	aliquid	2022-02-12 21:44:07.48+09
34	2	47284	omnis	2022-09-23 08:24:29.263+09
35	2	47284	ipsum	2022-10-07 16:14:45.71+09
36	2	47284	saepe	2023-01-30 01:46:15.934+09
37	2	72163	qui	2022-03-21 04:53:47.991+09
38	2	72163	ab	2022-08-07 15:14:07.219+09
39	2	72163	voluptate	2022-10-09 23:35:45.546+09
40	2	77808	ipsum	2022-08-07 12:23:42.414+09
41	2	77808	itaque	2023-01-09 02:12:03.253+09
42	2	77808	corrupti	2022-05-29 15:11:06.484+09
43	2	77808	impedit	2022-04-10 03:00:53.432+09
44	2	19024	veniam	2022-02-15 12:14:35.206+09
45	2	19024	cum	2022-03-01 16:15:29.731+09
46	2	19024	magnam	2022-08-09 02:56:19.017+09
47	2	19024	ipsa	2022-08-24 06:08:08.357+09
48	2	19024	nihil	2022-09-16 08:23:03.461+09
49	2	19024	laboriosam	2022-12-19 00:59:41.842+09
50	2	19024	assumenda	2022-09-25 04:39:56.121+09
51	2	55428	quisquam	2023-02-08 15:53:26.892+09
52	2	55428	laborum	2022-07-20 03:38:48.857+09
53	2	55428	esse	2022-03-15 10:12:23.059+09
54	3	66913	nobis	2022-09-04 02:18:53.236+09
55	3	66913	consectetur	2022-05-08 03:45:16.554+09
56	3	66913	voluptatem	2022-07-16 06:49:03.193+09
57	3	66913	facere	2022-06-22 18:25:56.468+09
58	3	66913	recusandae	2023-01-30 04:15:57.697+09
59	3	66913	laudantium	2022-03-11 18:52:14.222+09
60	3	66913	corporis	2022-05-13 15:15:48.364+09
61	3	61032	et	2022-05-07 15:01:17.151+09
62	3	61032	incidunt	2022-12-06 15:48:23.1+09
63	3	61032	ab	2022-04-29 02:16:33.924+09
64	3	61032	occaecati	2022-08-13 18:50:21.261+09
65	3	61032	quibusdam	2022-10-06 08:54:32.484+09
66	3	84041	expedita	2022-09-10 19:59:20.962+09
67	3	84041	assumenda	2022-04-10 14:46:13.545+09
68	3	84041	ullam	2022-04-21 03:47:32.627+09
69	3	84041	dolore	2022-06-01 22:29:00.964+09
70	3	71404	eum	2022-08-21 11:18:29.307+09
71	3	62778	ipsum	2022-10-02 15:58:59.698+09
72	3	62778	laborum	2023-02-08 19:36:31.422+09
73	3	93189	id	2022-08-11 15:40:10.79+09
74	3	77808	dignissimos	2022-03-20 14:15:15.633+09
75	3	77808	eaque	2022-05-22 04:25:57.402+09
76	3	77808	illo	2022-08-28 01:15:45.058+09
77	3	47726	porro	2023-01-06 22:42:10.499+09
78	3	47726	doloribus	2022-11-01 06:54:35.469+09
79	3	47726	incidunt	2022-07-25 07:36:21.921+09
80	4	42704	quae	2022-09-22 13:13:41.736+09
81	4	42704	quasi	2022-03-28 21:44:17.703+09
82	4	42704	delectus	2022-09-17 19:08:26.577+09
83	4	88710	tempore	2022-02-17 10:32:16.447+09
84	4	88710	minus	2022-09-13 22:27:20.193+09
85	4	88710	accusantium	2023-02-10 11:33:22.987+09
86	4	88710	fugiat	2022-10-18 02:15:24.005+09
87	4	88710	debitis	2023-02-05 04:10:44.703+09
88	5	41863	quis	2022-07-05 06:33:25.328+09
89	5	41863	totam	2022-05-15 22:11:17.073+09
90	5	41863	corrupti	2022-11-19 05:29:14.387+09
91	5	41863	quisquam	2022-05-19 23:59:21.973+09
92	5	25834	distinctio	2022-07-18 08:56:21.91+09
93	5	25834	ducimus	2022-12-14 12:38:25.335+09
94	5	25834	quam	2022-03-26 09:55:21.508+09
95	5	25834	dolorum	2022-07-02 16:57:55.676+09
96	5	25834	perspiciatis	2022-11-22 22:29:07.548+09
97	5	25834	rem	2023-02-09 03:45:23.055+09
98	5	25834	assumenda	2022-02-23 15:17:30.006+09
99	6	61086	corrupti	2022-08-09 06:28:14.004+09
100	6	61086	illo	2023-01-26 13:10:29.357+09
101	6	61086	adipisci	2022-04-14 10:06:12.747+09
102	6	61086	omnis	2022-08-21 09:25:27.658+09
103	6	61086	odit	2023-02-03 18:39:03.204+09
104	6	97112	unde	2022-03-04 17:38:49.66+09
105	6	97112	vero	2022-07-01 20:47:28.863+09
106	6	46006	perferendis	2022-04-29 11:50:02.568+09
107	6	59322	et	2023-01-17 02:20:26.912+09
108	6	59322	accusamus	2022-10-03 15:05:15.983+09
109	7	19784	eos	2022-07-18 18:01:15.973+09
110	7	19784	temporibus	2022-11-08 14:09:25.644+09
111	7	77808	quos	2022-02-28 07:36:11.744+09
112	7	77808	nihil	2022-03-24 15:47:48.536+09
113	7	77808	deleniti	2022-07-25 13:47:20.383+09
114	7	77808	aut	2023-01-28 11:13:47.004+09
115	7	77808	aspernatur	2022-08-08 05:39:02.638+09
116	7	27479	reiciendis	2022-06-13 16:51:02.292+09
117	7	27479	quam	2022-11-01 11:27:44.916+09
118	7	80786	tempora	2022-11-26 08:05:30.84+09
119	7	80786	consequatur	2022-05-19 06:21:18.342+09
120	7	19024	similique	2022-03-16 16:48:06.719+09
121	7	19024	explicabo	2022-09-20 18:24:01.409+09
122	7	19024	commodi	2022-02-19 08:55:44.367+09
123	7	19024	aut	2022-12-18 21:44:56.062+09
124	7	19024	ipsum	2022-12-18 22:39:48.739+09
125	7	19024	a	2022-08-03 21:07:54.554+09
126	7	78572	enim	2022-06-06 12:03:42.538+09
127	7	78572	vel	2022-09-07 23:45:12.788+09
128	7	78572	quod	2022-10-15 00:19:20.219+09
129	7	52847	sint	2022-12-25 06:18:31.957+09
130	7	52847	impedit	2022-03-10 13:10:31.534+09
131	8	88264	nesciunt	2022-09-09 00:38:49.117+09
132	8	88264	dignissimos	2022-05-16 11:02:42.361+09
133	8	88264	rerum	2022-09-28 09:05:23.75+09
134	8	88264	omnis	2022-10-28 00:23:15.262+09
135	8	88264	perspiciatis	2022-04-08 15:23:06.481+09
136	8	88264	accusantium	2022-09-15 23:03:38.932+09
137	8	88264	porro	2022-07-29 20:34:42.89+09
138	8	55181	ex	2022-09-29 00:13:50.34+09
139	8	55181	in	2022-05-11 16:26:14.471+09
140	8	55181	id	2022-03-07 13:22:04.459+09
141	8	55181	nisi	2023-01-12 20:56:54.549+09
142	8	55181	delectus	2022-10-25 03:12:54.354+09
143	8	55181	ipsam	2022-09-24 23:10:53.233+09
144	8	62481	placeat	2022-10-25 15:49:04.135+09
145	8	62481	quae	2022-06-18 08:16:24.016+09
146	8	62481	nesciunt	2022-11-03 22:56:39.394+09
147	8	21282	ex	2022-06-17 20:55:08.27+09
148	8	21282	asperiores	2022-09-04 03:10:56.727+09
149	8	21282	sapiente	2022-08-19 20:04:13.412+09
150	9	21282	nobis	2022-05-10 16:10:57.255+09
151	9	21282	dolorum	2022-10-21 20:29:42.822+09
152	9	21282	nobis	2022-10-06 06:15:39.406+09
153	9	21282	aut	2022-03-06 20:09:47.542+09
154	9	21282	laudantium	2023-01-23 04:35:07.757+09
155	9	21282	adipisci	2022-09-18 14:23:57.873+09
156	9	95867	laborum	2023-01-23 11:47:20.047+09
157	9	95867	autem	2022-06-27 01:47:16.835+09
158	9	95867	illum	2022-12-29 05:35:01.262+09
159	9	95867	omnis	2023-01-09 10:04:54.642+09
160	9	66541	ipsum	2022-04-04 19:19:23.054+09
161	9	66541	perspiciatis	2022-03-14 17:14:06.835+09
162	9	66541	nihil	2022-09-03 09:05:18.13+09
163	9	82159	aliquid	2022-12-19 21:26:15.912+09
164	9	82159	quod	2022-04-27 23:01:52.278+09
165	9	82159	vero	2022-11-30 03:47:20.707+09
166	9	82159	temporibus	2022-04-17 15:13:07.413+09
167	9	82159	quasi	2022-06-18 08:01:45.238+09
168	9	18848	eligendi	2022-05-16 13:46:58.658+09
169	9	20129	voluptas	2022-11-12 06:57:31.54+09
170	9	20129	qui	2022-04-14 14:01:07.441+09
171	9	43601	porro	2023-01-15 01:21:10.631+09
172	9	76277	maiores	2022-06-02 13:46:38.583+09
173	9	76277	quibusdam	2022-08-15 10:15:58.018+09
174	9	76277	deleniti	2022-12-28 19:14:09.635+09
175	9	76277	ullam	2022-09-14 17:08:09.759+09
176	9	76277	sit	2022-07-20 19:42:07.038+09
177	9	76277	minima	2022-06-04 14:22:27.658+09
178	10	91853	expedita	2023-01-06 10:17:34.303+09
179	10	91853	aliquam	2023-01-06 13:11:59.591+09
180	10	91853	dolores	2022-06-09 19:56:13.52+09
181	10	91853	dolorum	2022-03-08 06:17:34.052+09
182	10	91853	nostrum	2022-06-27 11:26:30.615+09
183	10	91853	tenetur	2022-09-09 11:52:19.661+09
184	10	81003	totam	2022-09-16 22:40:30.251+09
185	10	81003	repudiandae	2022-12-12 09:46:23.727+09
186	10	81003	ipsum	2022-06-07 21:04:58.101+09
187	10	81003	quam	2023-02-03 03:00:14.451+09
188	10	81003	necessitatibus	2022-05-13 02:49:55.299+09
189	10	81003	ex	2022-05-26 08:21:51.606+09
190	10	57406	quas	2022-08-06 06:23:29.591+09
191	10	57406	molestiae	2022-06-05 00:20:38.196+09
192	10	57406	soluta	2023-01-15 11:31:57.9+09
193	10	57406	occaecati	2022-02-26 14:30:24.872+09
194	10	57406	veniam	2022-09-16 11:53:38.436+09
195	10	79037	earum	2022-06-11 16:21:38.752+09
196	10	79037	minima	2022-08-13 17:07:45.726+09
197	10	79037	iure	2022-10-19 21:08:18.435+09
198	11	73538	beatae	2022-07-13 07:28:51.352+09
199	11	73538	sed	2022-05-11 14:09:14.85+09
200	11	73538	dignissimos	2022-05-30 03:51:49.467+09
201	11	73538	vitae	2022-08-05 03:16:03.321+09
202	11	73538	optio	2022-07-05 01:45:15.26+09
203	11	73538	maxime	2022-02-19 22:22:10.21+09
204	11	73538	ut	2022-04-21 03:20:50.954+09
205	11	19788	adipisci	2022-05-30 10:51:10.224+09
206	11	19788	occaecati	2022-05-10 02:04:55.798+09
207	11	19788	dolores	2022-10-26 19:16:07.232+09
208	11	19788	fugit	2022-11-05 04:12:21.608+09
209	11	60192	ratione	2022-05-01 01:16:51.4+09
210	11	60192	inventore	2022-08-10 17:22:55.844+09
211	11	60192	ea	2022-02-21 00:31:41.539+09
212	11	60192	sit	2022-04-23 01:27:53.437+09
213	11	60192	ipsa	2022-03-01 20:47:27.83+09
214	11	54843	dolorum	2022-04-27 01:48:47.344+09
215	11	54843	minima	2022-05-20 15:36:04.118+09
216	11	54843	placeat	2022-12-23 08:21:41.806+09
217	11	54843	esse	2022-10-28 23:28:25.177+09
218	12	46006	corrupti	2022-09-18 16:35:04.979+09
219	12	46006	temporibus	2022-11-18 06:51:53.464+09
220	12	46006	alias	2022-11-09 10:22:36.68+09
221	12	46006	eum	2022-05-27 14:09:32.81+09
222	12	56243	est	2022-08-17 01:32:20.184+09
223	12	56243	a	2022-12-11 09:23:03.071+09
224	12	25402	enim	2022-09-21 10:58:30.403+09
225	12	25402	autem	2022-12-16 02:36:56.848+09
226	12	25402	eum	2022-02-16 02:46:02.674+09
227	12	25402	ipsa	2022-05-12 11:59:00.808+09
228	12	25402	corrupti	2022-04-08 08:58:21.469+09
229	12	12399	quas	2022-04-28 07:08:39.829+09
230	12	12399	illum	2022-05-17 14:46:24.463+09
231	12	23323	minus	2022-06-24 12:53:58.87+09
232	12	23323	ratione	2022-06-20 02:46:49.831+09
233	12	23323	quo	2022-11-13 01:29:48.375+09
234	12	23323	voluptates	2022-05-02 19:53:22.36+09
235	12	23323	adipisci	2022-04-30 11:17:53.725+09
236	12	23323	mollitia	2022-12-05 21:33:39.356+09
237	12	52847	quisquam	2022-03-16 19:02:08.563+09
238	12	52847	corrupti	2022-10-26 04:46:08.354+09
239	13	19024	aspernatur	2022-09-17 19:35:09.177+09
240	13	71151	nobis	2022-06-12 16:12:40.088+09
241	13	71151	laborum	2022-02-14 21:53:40.742+09
242	13	71151	doloremque	2022-08-22 21:42:23.837+09
243	14	35488	facilis	2022-07-18 11:02:47.495+09
244	14	35488	aspernatur	2022-07-21 23:08:14.626+09
245	14	57346	aut	2022-05-22 02:18:35.661+09
246	14	57346	harum	2022-05-10 11:40:38.443+09
247	14	57346	laudantium	2022-05-21 10:22:14.222+09
248	14	57346	ratione	2023-02-02 10:18:05.424+09
249	14	57346	maiores	2022-05-13 02:25:41.988+09
250	14	81003	fugiat	2022-04-30 17:06:55.249+09
251	14	81003	cumque	2022-10-14 23:22:38.615+09
252	14	81003	eos	2023-02-06 01:32:26.877+09
253	14	81003	harum	2022-04-13 00:33:20.824+09
254	15	59521	vero	2022-06-30 07:44:54.45+09
255	15	59521	tenetur	2022-07-01 05:16:49.256+09
256	15	59521	ipsum	2022-06-08 15:54:25.646+09
257	15	88543	consequuntur	2023-01-17 14:25:15.716+09
258	15	88543	nam	2023-02-03 11:00:24.527+09
259	15	88543	voluptatibus	2022-04-25 14:06:06.844+09
260	15	88543	molestias	2022-10-16 07:28:13.731+09
261	15	88543	quas	2022-08-06 09:49:37.767+09
262	16	62916	quidem	2022-10-15 18:08:53.939+09
263	16	62916	nam	2022-09-11 01:49:57.962+09
264	16	62916	iure	2022-06-17 00:52:45.492+09
265	16	62916	inventore	2022-07-13 05:18:39.932+09
266	16	62916	fuga	2022-07-31 16:58:05.671+09
267	16	62916	quibusdam	2022-09-14 06:09:45.579+09
268	16	73538	repudiandae	2022-11-13 23:41:47.982+09
269	16	73538	temporibus	2023-01-12 21:50:37.038+09
270	16	73538	expedita	2022-12-02 05:41:39.218+09
271	16	73538	esse	2022-04-27 03:36:46.642+09
272	16	19278	soluta	2022-05-10 16:01:42.306+09
273	16	19278	vitae	2022-10-29 01:52:39.683+09
274	16	19278	vero	2022-04-02 00:08:45.711+09
275	16	19278	alias	2022-04-08 23:52:32.857+09
276	16	19278	ratione	2022-08-11 09:55:12.768+09
277	16	28232	deleniti	2022-05-18 03:50:27.398+09
278	16	28232	voluptates	2022-11-10 10:48:11.243+09
279	16	28232	quidem	2022-11-14 03:59:44+09
280	16	71077	dolorum	2022-10-07 19:40:41.565+09
281	16	71077	totam	2022-04-07 22:30:58.911+09
282	16	71077	suscipit	2023-01-30 16:16:08.844+09
283	17	37077	eum	2023-01-12 18:57:39.347+09
284	17	37077	sequi	2022-05-30 14:27:00.671+09
285	17	37077	praesentium	2022-08-29 04:01:30.795+09
286	17	70494	qui	2022-07-13 22:26:38.2+09
287	17	70494	eligendi	2022-12-27 01:43:09.324+09
288	17	70494	reiciendis	2022-10-10 20:33:18.169+09
289	17	70494	qui	2022-03-16 21:21:13.5+09
290	17	70494	nostrum	2022-07-25 17:41:58.109+09
291	17	70494	mollitia	2022-04-21 15:05:43.525+09
292	17	31797	facere	2022-12-01 16:01:04.54+09
293	17	31797	reiciendis	2022-09-19 20:35:56.821+09
294	17	31797	culpa	2022-06-25 13:37:27.361+09
295	17	69196	cumque	2022-12-17 13:57:20.271+09
296	17	69196	incidunt	2022-08-25 07:35:59.616+09
297	17	69196	hic	2022-09-08 03:13:40.736+09
298	17	69196	fugiat	2022-03-17 20:03:15.122+09
299	17	68042	quasi	2023-02-09 10:33:24.994+09
300	18	57816	autem	2022-08-12 03:30:05.831+09
301	18	57816	sed	2022-09-18 19:28:07.59+09
302	18	57816	reprehenderit	2022-06-07 18:27:42.29+09
303	18	57816	ullam	2022-11-01 11:48:45.536+09
304	18	37485	recusandae	2022-07-03 03:55:26.153+09
305	18	37485	dicta	2022-04-29 15:25:36.055+09
306	18	37485	qui	2022-11-13 11:04:55.564+09
307	18	37485	itaque	2023-01-29 05:41:36.432+09
308	19	45271	aut	2022-12-03 16:17:07.442+09
309	19	45271	dignissimos	2022-07-08 09:44:32.389+09
310	19	45271	quo	2022-08-01 12:53:00.988+09
311	19	45271	exercitationem	2022-11-23 18:49:56.254+09
312	19	45271	saepe	2022-08-17 08:40:55.466+09
313	19	45271	natus	2022-06-22 16:53:19.903+09
314	19	43248	tempora	2022-10-12 23:32:29.126+09
315	19	43248	amet	2022-02-25 10:25:20.174+09
316	19	10810	esse	2022-03-13 05:36:01.733+09
317	19	10810	omnis	2022-12-14 05:19:03.339+09
318	19	10810	totam	2022-06-10 02:56:31.543+09
319	19	64534	nam	2022-04-30 22:07:54.384+09
320	19	64534	ea	2022-05-18 01:31:57.787+09
321	19	64534	itaque	2022-09-26 21:05:38.657+09
322	19	64534	excepturi	2022-06-14 00:52:57.242+09
323	19	64534	temporibus	2022-12-19 17:35:46.849+09
324	19	64534	quas	2022-05-23 08:53:41.134+09
325	19	64534	itaque	2022-11-17 00:39:51.33+09
326	19	64534	ex	2022-07-01 12:35:35.496+09
327	19	43601	pariatur	2022-11-06 00:47:42.873+09
328	19	43601	dolore	2022-08-02 18:38:15.443+09
329	19	79037	dolorem	2022-09-13 21:13:19.672+09
330	19	79037	dicta	2022-05-04 05:59:35.635+09
331	19	79037	enim	2022-11-25 20:49:44.246+09
332	19	95854	magnam	2023-01-26 00:08:27.179+09
333	19	95854	laboriosam	2023-01-19 17:16:16.236+09
334	19	95854	est	2022-05-03 09:18:49.133+09
335	19	95854	eos	2022-09-04 23:33:22.913+09
336	19	99615	rerum	2022-08-11 06:20:58.62+09
337	19	99615	ipsum	2022-10-28 02:24:36.889+09
338	19	99615	dolore	2022-07-13 16:14:06.783+09
339	19	99615	hic	2022-06-08 09:07:54.286+09
340	19	99615	possimus	2022-07-18 22:31:26.137+09
341	19	99615	labore	2023-02-09 01:40:17.666+09
342	19	99615	quisquam	2023-02-06 18:14:16.11+09
343	19	99615	esse	2022-07-03 22:32:22.05+09
344	19	99615	voluptatem	2022-04-01 07:34:02.679+09
345	19	99615	voluptatem	2023-01-02 11:19:07.468+09
346	19	36861	accusamus	2022-04-17 20:49:41.584+09
347	19	36861	similique	2022-07-18 07:44:42.46+09
348	19	36861	debitis	2022-05-23 05:24:35.467+09
349	19	36861	expedita	2022-07-02 09:01:15.862+09
350	19	36861	commodi	2022-05-13 12:49:06.928+09
351	19	36861	sed	2022-06-11 13:14:42.176+09
352	20	41863	repellat	2022-09-04 19:29:21.191+09
353	20	41863	officia	2022-06-21 22:35:00.206+09
354	20	57346	distinctio	2022-02-15 22:50:59.191+09
355	20	57346	illum	2022-07-20 07:22:09.287+09
356	20	57346	nemo	2022-05-08 15:06:36.216+09
357	20	57346	blanditiis	2022-08-24 03:23:10.033+09
358	20	57346	dignissimos	2022-04-20 19:43:42.158+09
359	20	95823	odio	2022-05-02 23:19:58.225+09
360	20	95823	quos	2022-03-29 03:32:28.83+09
361	20	95823	sequi	2022-06-26 12:01:07.162+09
362	20	81003	facere	2022-08-18 16:12:42.372+09
363	20	17124	quidem	2022-02-22 20:29:41.16+09
364	20	17124	nam	2022-04-02 12:11:28.092+09
365	20	74786	repellat	2022-10-10 08:18:19.934+09
366	20	74786	aliquam	2023-01-29 21:04:34.068+09
367	20	74786	consectetur	2022-08-27 14:59:07.875+09
368	20	74786	eum	2022-08-14 07:58:29.659+09
369	20	74786	quae	2022-12-17 08:42:48.472+09
370	20	74786	porro	2022-02-11 21:13:15.831+09
371	20	57616	sint	2022-04-02 09:11:01.118+09
372	20	57616	earum	2022-07-19 10:34:39.539+09
373	20	39076	dolor	2023-01-18 15:02:52.684+09
374	20	39076	qui	2022-12-06 21:40:07.961+09
375	20	39076	laudantium	2023-01-30 18:51:52.375+09
376	20	39076	velit	2022-06-29 21:26:58.099+09
377	20	39076	minima	2022-12-11 03:10:28.46+09
378	21	66541	quis	2022-08-20 10:15:04.908+09
379	21	66541	natus	2022-02-16 08:17:43.679+09
380	21	66541	nemo	2022-12-20 02:59:38.765+09
381	21	66541	sequi	2022-02-28 16:06:34.337+09
382	21	71077	modi	2022-03-07 22:20:12.436+09
383	21	71077	ut	2022-07-28 22:40:33.189+09
384	21	71077	ipsum	2022-11-06 15:23:30.721+09
385	21	71077	aliquid	2022-03-01 22:56:02.014+09
386	21	71077	a	2022-12-04 10:18:54.184+09
387	21	71077	asperiores	2022-08-20 21:56:05.822+09
388	21	71077	doloribus	2022-09-27 23:38:01.016+09
389	21	71077	alias	2023-01-14 12:56:37.916+09
390	22	48054	voluptatem	2022-04-23 21:55:23.861+09
391	22	48054	animi	2022-03-19 03:45:26.792+09
392	22	48054	odit	2022-08-17 07:19:03.427+09
393	22	60813	magni	2023-01-12 23:09:58.865+09
394	22	60813	sequi	2022-06-15 21:11:15.785+09
395	22	60813	deserunt	2022-05-11 10:43:18.123+09
396	22	25402	iusto	2022-05-14 21:34:46.956+09
397	22	25402	praesentium	2022-12-05 15:17:32.494+09
398	22	25402	excepturi	2022-09-03 16:58:41.452+09
399	22	25402	similique	2022-07-16 13:16:36.249+09
400	22	51985	dolores	2022-10-14 05:28:39.807+09
401	22	51985	vero	2022-08-02 21:25:33.079+09
402	22	51985	inventore	2022-09-27 07:54:33.526+09
403	22	88052	molestias	2023-01-08 02:46:01.597+09
404	22	88052	sit	2022-11-22 16:20:12.846+09
405	22	88052	ex	2022-05-24 15:26:17.624+09
406	22	88052	natus	2023-01-09 14:26:27.156+09
407	22	88052	quae	2022-09-28 02:24:03.332+09
408	22	88052	perspiciatis	2022-12-04 16:22:29.676+09
409	22	84577	tenetur	2022-06-19 23:23:03.845+09
410	22	84577	provident	2022-09-16 12:34:29.834+09
411	22	84577	ullam	2022-10-31 15:05:29.519+09
412	22	84577	veniam	2022-06-22 02:53:35.926+09
413	22	84577	eligendi	2022-06-09 07:51:24.798+09
414	22	35188	consectetur	2022-12-11 10:23:31.883+09
415	22	35188	aperiam	2022-09-27 15:23:38.47+09
416	22	80241	totam	2022-10-03 17:20:01.186+09
417	22	80241	quibusdam	2022-07-13 13:05:11.859+09
418	22	80241	dolores	2022-06-20 13:48:43.987+09
419	22	80241	reiciendis	2022-05-20 17:49:49.626+09
420	22	80241	ratione	2022-05-30 05:13:59.944+09
421	23	57346	reprehenderit	2022-08-06 18:58:18.929+09
422	23	29550	minus	2022-10-28 09:55:10.781+09
423	23	29550	tenetur	2022-10-04 18:41:30.44+09
424	23	29550	maxime	2022-11-03 07:58:38.53+09
425	23	29550	ex	2022-09-08 17:51:28.283+09
426	23	29550	maiores	2022-04-21 05:09:10.489+09
427	23	29550	culpa	2022-07-25 14:00:42.396+09
428	23	40318	voluptatum	2022-09-18 17:14:35.315+09
429	23	40318	nemo	2022-02-21 11:57:59.769+09
430	23	40318	itaque	2023-01-07 23:07:14.695+09
431	23	40318	perferendis	2022-12-15 13:13:13.123+09
432	23	89439	voluptas	2022-04-12 18:19:52.018+09
433	23	89439	at	2022-08-01 06:51:08.085+09
434	23	89439	maxime	2022-09-11 23:40:27.133+09
435	23	89439	optio	2022-05-08 08:54:44.132+09
436	23	89439	animi	2022-03-15 17:50:24.709+09
437	23	89439	laudantium	2022-06-11 05:02:31.45+09
438	23	89439	nesciunt	2022-09-14 12:54:30.041+09
439	23	89439	nam	2022-05-23 15:17:25.775+09
440	23	74786	modi	2022-05-05 07:35:09.481+09
441	23	74786	fuga	2022-10-03 05:12:23.943+09
442	23	50900	hic	2022-02-15 03:46:59.888+09
443	23	50900	ipsum	2022-12-22 02:46:36.064+09
444	23	79029	ab	2022-07-30 13:31:46.586+09
445	23	79029	nesciunt	2022-03-14 12:37:45.17+09
446	23	79029	dolores	2022-09-28 18:33:28.919+09
447	23	79029	nemo	2022-07-27 13:08:54.963+09
448	23	79029	repellat	2022-07-26 10:43:28.515+09
449	23	79029	facilis	2022-05-31 08:58:26.403+09
450	23	79029	beatae	2022-10-07 10:21:33.521+09
451	23	79029	inventore	2022-06-13 03:59:17.337+09
452	24	43248	quibusdam	2022-04-30 12:32:59.122+09
453	24	43248	nulla	2022-03-10 02:57:36.912+09
454	24	43248	quia	2022-11-10 02:08:51.79+09
455	24	43248	qui	2022-08-22 21:45:44.497+09
456	24	18478	facere	2022-07-10 01:00:50.908+09
457	24	18478	dolores	2022-05-08 17:51:40.792+09
458	24	18478	quasi	2022-07-08 14:49:47.068+09
459	24	18478	soluta	2022-06-13 08:07:19.689+09
460	24	18478	nobis	2022-11-09 18:15:36.567+09
461	24	19151	laudantium	2022-07-31 03:23:33.043+09
462	24	19151	iste	2022-03-25 07:33:40.906+09
463	24	19151	doloribus	2022-11-07 20:51:10.208+09
464	24	19151	perferendis	2022-09-27 20:34:55.437+09
465	24	99615	officia	2022-02-13 09:14:42.732+09
466	24	99615	facere	2022-04-02 13:15:20.449+09
467	24	99615	delectus	2022-05-21 15:13:28.144+09
468	24	99615	ratione	2022-10-29 19:07:52.824+09
469	24	99615	optio	2022-08-26 17:19:28.523+09
470	24	99615	consequuntur	2022-06-13 08:02:42.823+09
471	24	99383	expedita	2022-07-18 22:59:16.208+09
472	24	99383	facere	2022-09-29 16:46:42.732+09
473	24	71404	officia	2022-04-15 03:10:07.091+09
474	24	71404	quod	2022-07-31 11:02:09.957+09
475	24	42704	delectus	2022-02-26 13:41:57.468+09
476	24	42704	aspernatur	2022-10-28 08:30:24.175+09
477	24	42704	et	2022-04-19 23:18:14.064+09
478	24	42704	ad	2022-11-21 14:26:58.518+09
479	24	42704	quas	2022-12-29 16:51:59.926+09
480	24	42704	esse	2022-02-26 19:11:32.401+09
481	24	66541	eius	2022-05-27 07:29:43.816+09
482	24	66541	doloremque	2022-04-11 13:38:54.671+09
483	24	66541	ad	2023-01-09 03:36:46.267+09
484	24	66541	iusto	2023-01-06 07:24:52.724+09
485	24	66541	recusandae	2022-04-24 16:46:46.649+09
486	24	66541	aut	2022-03-24 00:37:55.462+09
487	24	29751	molestias	2022-10-21 15:50:52.89+09
488	24	29751	distinctio	2022-11-02 11:41:50.795+09
489	24	49644	dolorem	2022-05-24 15:06:52.908+09
490	24	49644	laudantium	2022-07-01 11:48:25.739+09
491	24	49644	explicabo	2022-07-16 15:01:44.622+09
492	24	49644	voluptatibus	2022-08-09 06:33:13.773+09
493	24	49644	explicabo	2022-04-17 18:12:57.487+09
494	24	49644	hic	2022-12-12 06:23:43.033+09
495	24	49644	illo	2022-07-14 01:53:19.662+09
496	25	25977	temporibus	2022-11-10 09:35:27.526+09
497	25	25977	aperiam	2022-03-17 06:10:21.949+09
498	25	25977	laborum	2022-11-09 23:53:46.763+09
499	25	25977	in	2022-05-18 14:07:38.104+09
500	25	37035	totam	2022-05-19 10:43:37.065+09
501	25	37035	excepturi	2022-10-08 19:06:11.851+09
502	25	37035	nihil	2022-07-03 08:27:09.907+09
503	25	37035	eos	2022-10-31 13:03:09.419+09
504	26	34438	voluptatum	2022-11-27 06:58:47.208+09
505	26	34438	ex	2022-03-15 04:35:16.233+09
506	26	34438	excepturi	2022-08-03 17:43:52.226+09
507	26	34438	similique	2022-12-10 16:25:29.23+09
508	26	60894	corporis	2022-09-30 22:17:34.342+09
509	26	60894	quia	2022-06-22 17:02:11.615+09
510	26	30610	labore	2022-02-26 17:32:24.754+09
511	26	30610	optio	2022-07-24 11:15:56.694+09
512	26	30610	voluptatem	2022-05-14 12:58:10.043+09
513	27	46006	ut	2022-06-27 02:16:35.077+09
514	27	46006	corporis	2022-06-27 11:19:35.301+09
515	27	46006	temporibus	2022-05-22 03:35:55.295+09
516	27	46006	vitae	2022-06-16 06:34:18.61+09
517	27	57816	at	2022-05-24 05:33:13.008+09
518	27	57816	deserunt	2022-09-24 02:01:11.462+09
519	27	57816	ducimus	2022-06-12 03:32:43.792+09
520	27	57816	eligendi	2022-10-19 19:17:14.533+09
521	27	57816	atque	2023-01-18 08:32:46.731+09
522	27	57816	harum	2022-05-21 10:08:01.837+09
523	27	57816	molestiae	2022-11-06 20:31:52.083+09
524	28	88264	voluptatem	2022-04-04 13:54:04.313+09
525	28	88264	quam	2022-06-14 00:10:01.251+09
526	28	88264	nostrum	2022-10-03 06:17:17.867+09
527	28	88264	amet	2022-03-18 11:38:40.952+09
528	28	88264	impedit	2022-09-18 05:02:51.667+09
529	28	83745	consequatur	2022-08-20 08:45:48.199+09
530	28	83745	at	2022-03-06 15:27:52.476+09
531	28	83745	consequuntur	2022-09-16 05:15:45.667+09
532	28	83745	quos	2022-08-03 21:16:58.214+09
533	28	83745	placeat	2022-04-04 15:24:15.373+09
534	28	46504	architecto	2022-07-19 15:00:22.648+09
535	28	24711	dignissimos	2022-11-28 16:31:28.624+09
536	28	24711	distinctio	2022-03-15 12:21:04.485+09
537	28	94862	aliquam	2023-01-21 17:46:16.475+09
538	29	31255	consequatur	2022-10-31 17:04:08.047+09
539	29	25977	laborum	2022-05-03 05:39:37.921+09
540	29	25977	doloribus	2022-09-14 11:13:11.647+09
541	29	25977	quidem	2022-11-20 09:02:22.405+09
542	29	47281	ipsa	2022-06-03 06:33:16.263+09
543	29	47281	ducimus	2022-08-20 13:40:27.202+09
544	29	47281	quaerat	2023-01-26 13:52:58.296+09
545	29	47281	eos	2022-05-25 08:19:18.958+09
546	29	49870	soluta	2022-06-12 14:27:17.35+09
547	29	49870	omnis	2022-11-19 18:01:24.468+09
548	29	49870	consectetur	2022-02-24 23:19:44.622+09
549	29	66427	est	2022-11-28 04:55:09.687+09
550	29	66427	fugiat	2022-10-05 18:05:32.395+09
551	29	66427	repudiandae	2023-01-19 04:36:42.724+09
552	29	29047	temporibus	2023-01-14 19:18:01.656+09
553	29	42704	debitis	2022-05-28 12:45:02.058+09
554	29	42704	explicabo	2022-02-21 13:48:56.232+09
555	29	29751	eius	2022-11-10 07:39:05.764+09
556	29	29751	illum	2022-12-23 00:05:38.37+09
557	29	29751	deserunt	2022-10-24 13:10:47.833+09
558	29	99365	neque	2022-06-02 02:01:05.463+09
559	29	99365	odio	2022-06-14 10:51:33.358+09
560	29	99365	iusto	2022-10-06 15:16:00.918+09
561	30	52409	neque	2022-03-01 06:12:50.489+09
562	30	52409	cum	2022-10-19 09:08:52.787+09
563	30	52409	sint	2022-08-09 14:05:22.716+09
564	30	52409	doloremque	2022-06-18 23:31:05.902+09
565	30	52409	sapiente	2022-11-08 03:01:33.845+09
566	30	52409	voluptatem	2022-05-10 11:51:38.748+09
567	30	52409	expedita	2022-12-01 00:01:49.953+09
568	30	19784	magnam	2022-10-09 11:32:22.963+09
569	30	19784	voluptatem	2022-06-08 12:45:30.586+09
570	30	19784	error	2022-06-16 14:28:03.314+09
571	30	19784	maiores	2022-06-28 19:12:49.474+09
572	30	15112	veritatis	2022-02-19 06:25:38.003+09
573	30	15112	quae	2022-11-18 01:29:30.541+09
574	30	15112	minima	2022-04-05 09:39:44.18+09
575	30	15112	necessitatibus	2022-06-04 07:39:23.06+09
576	30	45271	iste	2022-09-17 09:09:02.148+09
577	30	45271	provident	2022-11-12 11:04:01.372+09
578	30	45271	suscipit	2022-03-25 08:16:14.49+09
579	30	51382	repellendus	2022-08-07 05:52:50.669+09
580	30	51382	enim	2022-11-28 15:06:52.561+09
581	30	51382	ipsum	2022-11-10 10:39:08.86+09
582	30	51382	consectetur	2022-12-15 20:54:28.544+09
583	30	51382	laboriosam	2023-01-03 11:13:44.861+09
584	30	51382	alias	2022-04-09 07:06:24.4+09
585	31	71404	consequatur	2022-06-08 15:38:54.057+09
586	31	71404	dolores	2022-04-25 03:17:24.212+09
587	31	71404	ipsum	2022-04-22 23:32:25.366+09
588	31	71404	vel	2022-02-27 14:38:01.677+09
589	31	58385	sequi	2022-09-02 18:57:26.149+09
590	31	58385	provident	2022-12-06 22:13:55.829+09
591	31	58385	sed	2022-12-25 12:46:53.321+09
592	31	85343	veritatis	2022-06-06 05:27:45.437+09
593	31	85343	corporis	2022-10-03 09:04:13.454+09
594	31	85343	ea	2022-12-10 14:32:05.055+09
595	31	85343	magni	2022-04-12 12:11:05.682+09
596	31	85343	deserunt	2022-08-15 04:24:10.667+09
597	31	85343	consequuntur	2022-10-08 21:22:15.185+09
598	31	45271	sunt	2022-03-14 01:20:00.782+09
599	31	45271	provident	2022-05-31 19:52:35.146+09
600	31	45271	quaerat	2023-01-12 17:49:01.893+09
601	31	68042	deserunt	2022-10-24 02:55:45.954+09
602	31	68042	delectus	2022-02-22 10:03:30.43+09
603	31	68042	ex	2022-08-11 02:39:48.857+09
604	31	22114	molestias	2022-03-28 09:48:50.33+09
605	31	22114	odit	2022-08-02 00:59:41.982+09
606	31	22114	inventore	2022-04-20 11:02:28.815+09
607	31	22114	dicta	2022-04-12 22:17:50+09
608	31	22114	fugiat	2022-08-14 00:40:02.448+09
609	31	22114	beatae	2022-04-05 06:26:01.597+09
610	31	40504	ab	2022-06-24 01:03:39.082+09
611	31	40504	ipsum	2022-03-11 21:01:19.527+09
612	31	40504	eius	2023-02-03 19:11:22.529+09
613	31	40504	cupiditate	2022-11-07 15:42:05.88+09
614	31	40504	debitis	2022-09-24 06:24:10.119+09
615	31	40504	ipsa	2022-10-23 12:05:43.126+09
616	31	40504	quasi	2022-12-26 04:35:34.61+09
617	31	40504	ipsum	2022-07-13 22:18:00.063+09
618	31	40504	vitae	2022-04-09 13:26:33.986+09
619	32	64090	rem	2022-02-19 05:25:28.069+09
620	32	64090	iusto	2022-12-18 11:42:50.155+09
621	32	64090	voluptate	2022-06-28 14:36:11.206+09
622	32	64090	tempora	2022-10-12 19:13:09.01+09
623	32	64090	ea	2022-10-01 05:53:48.364+09
624	32	39284	mollitia	2022-03-16 07:58:25.61+09
625	32	39284	animi	2022-06-06 05:43:35.269+09
626	32	39284	sapiente	2022-02-13 01:14:31.526+09
627	32	50897	fugiat	2022-04-17 17:03:17.824+09
628	32	50897	ipsa	2023-01-16 02:09:28.907+09
629	32	27344	eligendi	2022-11-30 20:26:37.431+09
630	32	27344	eum	2022-04-08 18:44:34.938+09
631	32	35812	voluptatem	2022-10-01 10:27:17.084+09
632	32	35812	officiis	2022-11-11 10:11:33.277+09
633	32	19278	dolorum	2022-03-13 01:40:26.371+09
634	33	30558	ex	2022-03-24 06:35:19.496+09
635	33	30558	nemo	2022-03-05 14:43:50.666+09
636	33	30558	ut	2022-09-12 19:37:05.739+09
637	33	22051	iste	2022-09-06 07:51:23.021+09
638	33	22051	corrupti	2022-05-07 09:46:44.953+09
639	33	22051	nam	2022-11-20 07:30:48.639+09
640	34	74261	veniam	2022-02-13 13:37:00.271+09
641	34	74261	voluptas	2022-02-18 02:36:47.771+09
642	34	95823	praesentium	2022-04-06 20:42:37.641+09
643	34	95823	harum	2022-09-12 02:44:32.823+09
644	34	95823	ratione	2022-09-25 09:29:57.904+09
645	34	95823	dolor	2022-07-05 18:14:04.365+09
646	34	90713	recusandae	2022-12-20 18:49:08.797+09
647	34	90713	ipsam	2022-12-11 12:06:29.531+09
648	34	90713	corporis	2022-09-23 09:56:56.591+09
649	34	90713	culpa	2022-06-04 15:13:16.023+09
650	34	90713	praesentium	2022-03-18 14:27:59.66+09
651	34	90713	officia	2022-05-19 00:00:28.207+09
652	34	17124	cupiditate	2022-11-14 03:10:53.359+09
653	34	17124	minima	2023-01-12 07:01:05.53+09
654	34	17124	rem	2022-05-20 23:49:18.207+09
655	34	35137	amet	2022-07-05 00:26:43.075+09
656	34	35137	assumenda	2022-05-31 13:28:26.26+09
657	34	35137	eius	2022-05-25 01:47:10.318+09
658	34	95866	incidunt	2022-04-16 05:41:25.512+09
659	34	95866	minus	2022-11-22 17:12:01.661+09
660	34	12371	accusamus	2022-08-29 02:51:57.435+09
661	34	12371	recusandae	2022-06-28 15:36:36.456+09
662	34	12371	nostrum	2022-07-14 15:56:36.067+09
663	34	12371	iusto	2023-02-10 09:47:58.115+09
664	34	12371	id	2022-07-17 07:22:36.054+09
665	34	12371	praesentium	2022-05-11 01:39:04.681+09
666	34	12371	quibusdam	2022-10-13 07:31:19.598+09
667	35	55181	dicta	2022-05-27 11:24:01.96+09
668	35	55181	vel	2022-10-18 14:31:22.77+09
669	35	55181	quis	2022-04-27 12:22:53.922+09
670	35	55181	perferendis	2022-02-22 19:23:44+09
671	35	55181	quis	2022-12-07 11:37:12.578+09
672	35	55181	repellat	2022-11-20 15:29:42.302+09
673	35	37077	nemo	2022-06-24 15:37:20.139+09
674	35	37077	laborum	2023-01-12 15:43:24.526+09
675	35	37077	porro	2022-05-20 01:26:23.497+09
676	35	37077	perferendis	2022-04-27 05:11:51.188+09
677	35	93568	sapiente	2022-12-04 23:51:58.869+09
678	35	93568	doloribus	2022-04-16 16:01:46.249+09
679	35	93568	quos	2022-10-25 10:20:14.752+09
680	35	71151	numquam	2022-06-08 15:21:45.065+09
681	35	71151	vel	2022-09-29 23:02:48.325+09
682	35	49644	beatae	2022-12-06 08:36:59.761+09
683	35	49644	eaque	2022-07-26 14:53:05.882+09
684	35	49644	eaque	2022-10-11 11:58:51.86+09
685	35	49644	facilis	2023-01-26 19:58:21.865+09
686	35	49644	quas	2022-07-18 21:50:09.256+09
687	35	66417	doloremque	2022-07-20 04:56:10.593+09
688	35	66417	at	2022-10-18 08:58:45.867+09
689	35	38727	quas	2022-11-14 15:19:32.557+09
690	35	38727	quia	2022-04-18 02:52:03.684+09
691	35	38727	reiciendis	2022-07-12 16:41:24.072+09
692	35	27479	quam	2022-10-15 01:08:09.686+09
693	35	36861	minus	2022-08-25 11:41:10.053+09
694	35	36861	tempora	2022-07-15 18:38:19.984+09
695	35	36861	vitae	2022-06-21 23:54:48.688+09
696	35	36861	ab	2022-06-01 09:15:30.757+09
697	35	36861	delectus	2022-06-12 23:22:18.188+09
698	35	36861	id	2022-12-15 08:49:35.195+09
699	35	36861	dicta	2022-06-28 01:28:07.135+09
700	35	36861	sed	2023-01-22 17:06:51.434+09
701	35	56243	officiis	2022-02-27 12:09:08.257+09
702	35	56243	nihil	2022-06-06 14:38:04.768+09
703	36	88264	quis	2022-07-27 15:31:42.551+09
704	36	88264	incidunt	2022-04-04 15:13:11.88+09
705	36	88264	accusamus	2022-04-01 23:01:54.386+09
706	36	57816	dolores	2022-10-17 20:19:20.143+09
707	36	57816	incidunt	2022-06-25 04:28:15.806+09
708	36	57816	animi	2022-11-13 23:16:19.458+09
709	36	57816	vitae	2022-09-10 07:08:19.052+09
710	36	57816	quasi	2022-05-24 09:06:32.294+09
711	36	87363	temporibus	2023-01-29 04:03:38.249+09
712	36	87363	perspiciatis	2023-01-17 09:22:50.796+09
713	36	87363	debitis	2022-08-26 18:55:21.754+09
714	36	87363	debitis	2022-06-24 07:10:54.609+09
715	36	87363	magni	2022-02-15 05:26:52.767+09
716	37	85343	placeat	2023-01-07 19:04:21.659+09
717	37	85343	non	2022-11-11 14:19:23.139+09
718	37	85343	temporibus	2022-09-18 11:07:27.193+09
719	37	66417	commodi	2022-08-28 05:06:42.828+09
720	37	66417	ea	2022-05-27 23:57:30.242+09
721	37	66417	repellendus	2022-05-02 07:25:35.834+09
722	37	75605	sit	2022-02-18 13:38:25.802+09
723	37	75605	deleniti	2022-03-03 00:20:58.72+09
724	37	75605	quisquam	2022-04-18 06:43:19.372+09
725	37	75605	commodi	2022-10-01 14:44:15.677+09
726	37	75605	maxime	2022-05-04 23:32:42.616+09
727	37	75605	corporis	2023-01-14 09:13:07.579+09
728	37	54843	quae	2022-02-21 15:09:17.443+09
729	37	54843	voluptas	2022-11-06 05:17:32.105+09
730	37	54843	non	2022-05-03 15:35:13.738+09
731	37	54843	ab	2022-07-25 12:28:12.278+09
732	37	73132	cumque	2022-09-19 16:18:13.847+09
733	37	73132	quia	2022-12-04 02:10:39.547+09
734	37	73132	distinctio	2022-12-08 12:42:11.603+09
735	37	73132	corrupti	2022-08-08 23:38:02.517+09
736	37	73132	asperiores	2022-07-29 18:45:14.296+09
737	37	73132	sapiente	2022-05-03 13:51:38.683+09
738	37	46152	recusandae	2022-06-20 19:06:19.074+09
739	37	46152	quo	2022-04-19 19:08:41.092+09
740	37	25731	esse	2022-04-10 07:25:06.326+09
741	37	25731	dolorum	2022-04-15 22:18:40.001+09
742	37	25731	natus	2022-12-12 14:46:15.556+09
743	37	49892	unde	2022-09-14 03:23:36.504+09
744	37	49892	culpa	2022-12-09 23:50:19.662+09
745	37	49892	sed	2022-12-03 15:49:36.451+09
746	37	49892	fuga	2022-09-28 00:11:24.969+09
747	37	49892	occaecati	2022-10-27 21:04:41.059+09
748	37	49892	et	2022-08-29 18:33:25.359+09
749	37	78364	labore	2022-03-10 15:53:54.543+09
750	37	78364	iusto	2022-12-01 19:13:31.008+09
751	37	78364	accusantium	2022-04-01 01:44:55.908+09
752	37	78364	quae	2022-06-20 06:28:39.127+09
753	37	71077	fugiat	2022-03-18 17:20:22.174+09
754	37	71077	iste	2022-11-04 22:18:42.878+09
755	37	71077	eius	2023-02-11 06:21:12.962+09
756	37	71077	quaerat	2022-08-13 18:03:32.896+09
757	37	71077	voluptates	2022-06-25 23:32:05.014+09
758	37	71077	perferendis	2022-07-21 15:36:24.523+09
759	37	71077	repellat	2022-06-15 05:27:49.73+09
760	37	71077	dolorum	2022-09-14 16:10:46.902+09
761	38	68042	accusamus	2022-10-11 17:32:16.109+09
762	38	68042	quasi	2022-06-06 10:14:05.978+09
763	38	43248	distinctio	2022-03-20 20:22:18.5+09
764	38	43248	officiis	2022-08-01 09:57:33.777+09
765	38	43248	necessitatibus	2022-04-29 01:44:20.549+09
766	39	43688	exercitationem	2022-04-01 13:52:33.474+09
767	39	43688	dignissimos	2022-06-01 11:16:41.7+09
768	39	43688	labore	2022-12-26 10:13:18.536+09
769	39	43688	ipsum	2023-01-05 16:13:26.795+09
770	39	98462	ea	2022-08-08 16:52:56.441+09
771	39	98462	maiores	2022-08-03 06:14:32.689+09
772	39	19784	harum	2022-06-20 19:12:52.665+09
773	39	19784	officia	2022-12-13 22:23:18.244+09
774	39	95854	dignissimos	2023-01-22 02:47:57.953+09
775	39	95854	doloribus	2022-04-20 02:51:05.795+09
776	39	63858	temporibus	2022-12-18 10:40:10.727+09
777	39	63858	voluptates	2022-05-27 09:32:02.121+09
778	39	48054	nam	2022-04-30 14:34:23.459+09
779	39	48054	porro	2022-07-30 04:37:43.466+09
780	39	48054	aliquam	2022-09-09 14:18:24.288+09
781	39	48054	voluptates	2022-09-19 09:30:34.239+09
782	39	48054	alias	2022-08-18 20:17:19.701+09
783	39	48054	dolor	2022-08-03 18:26:28.638+09
784	40	66913	enim	2022-02-12 03:56:03.528+09
785	40	66913	natus	2022-08-10 05:33:21.97+09
786	40	66913	iste	2022-11-30 20:46:59.158+09
787	40	66913	fugit	2022-10-16 16:43:56.08+09
788	40	66913	atque	2022-04-17 14:27:57.695+09
789	40	83745	numquam	2022-06-18 09:56:58.574+09
790	40	83745	ad	2022-07-28 08:11:52.887+09
791	40	83745	quisquam	2022-02-24 04:22:27.097+09
792	40	83745	necessitatibus	2022-05-12 15:13:24.192+09
793	40	83745	hic	2022-09-10 10:35:41.028+09
794	40	19350	eaque	2022-06-24 04:51:46.927+09
795	40	19350	totam	2022-12-24 04:58:04.348+09
796	40	19350	fuga	2022-02-22 21:01:01.444+09
797	40	30610	quidem	2022-05-10 09:40:25.681+09
798	40	30610	error	2023-02-08 21:48:02.757+09
799	40	30610	facere	2022-09-11 23:17:59.052+09
800	40	12566	deserunt	2022-07-27 13:00:44.602+09
801	40	12566	minus	2022-09-03 19:34:15.522+09
802	40	69733	quod	2022-07-06 05:11:03.535+09
803	40	69733	libero	2022-11-09 10:31:12.433+09
804	40	69733	ipsa	2022-02-13 03:44:14.964+09
805	40	69733	minus	2022-02-16 13:34:08.756+09
806	41	88264	quae	2022-08-24 09:10:35.778+09
807	41	88264	debitis	2022-02-27 06:57:00.101+09
808	41	88264	ipsa	2022-06-21 05:25:21.092+09
809	41	84577	dolorem	2022-08-18 03:27:58.888+09
810	41	84577	odit	2023-02-10 20:01:14.13+09
811	41	84577	architecto	2022-09-05 15:18:44.378+09
812	42	32327	vero	2022-08-14 14:49:05.245+09
813	42	32327	optio	2022-12-02 13:44:07.354+09
814	42	32327	nesciunt	2022-12-08 05:02:01.608+09
815	42	32327	quod	2022-04-01 09:19:52.502+09
816	42	62860	amet	2022-08-30 03:01:24.603+09
817	42	62860	consequuntur	2022-07-07 07:05:52.055+09
818	42	62860	minima	2022-05-07 02:18:28.734+09
819	42	62860	quis	2022-10-11 18:19:17.769+09
820	42	62860	labore	2023-01-09 21:58:21.152+09
821	42	27344	et	2022-11-15 12:24:42.232+09
822	42	27344	maxime	2023-01-05 06:23:34.926+09
823	42	27344	et	2023-01-09 04:11:54.879+09
824	43	77286	nostrum	2022-10-29 10:17:50.125+09
825	43	77286	ullam	2023-02-01 21:21:49.238+09
826	43	77286	voluptatem	2022-02-16 02:13:51.905+09
827	43	19788	suscipit	2022-05-06 14:55:20.64+09
828	43	19788	nisi	2022-03-27 07:10:09.552+09
829	43	19788	incidunt	2022-04-29 07:45:42.371+09
830	43	19788	impedit	2023-02-10 10:43:26.294+09
831	43	19788	eaque	2023-02-04 01:40:07.9+09
832	43	19788	eius	2022-07-29 05:57:13.654+09
833	43	34794	incidunt	2023-01-14 10:07:15.989+09
834	43	34794	maxime	2022-07-23 14:27:02.297+09
835	43	34794	autem	2022-07-26 04:04:03.496+09
836	43	34794	assumenda	2022-12-06 17:01:28.685+09
837	43	34794	quam	2022-06-06 12:48:40.709+09
838	43	34794	eum	2022-10-16 00:04:47.459+09
839	43	73132	nulla	2022-06-10 01:14:05.284+09
840	43	73132	nulla	2022-04-04 05:53:54.848+09
841	43	73132	ullam	2022-02-24 07:05:14.491+09
842	43	73132	odit	2022-12-22 11:54:45.545+09
843	43	95867	distinctio	2022-10-09 07:48:53.418+09
844	43	95867	quo	2022-02-28 06:59:54.794+09
845	43	95867	rem	2022-09-11 05:04:08.152+09
846	43	36846	maiores	2022-10-02 19:06:46.432+09
847	43	36846	provident	2022-05-16 14:17:28.059+09
848	43	36846	quos	2022-11-16 01:45:24.531+09
849	43	36846	id	2023-01-02 03:33:25.27+09
850	43	36846	sapiente	2022-04-29 01:25:08.012+09
851	43	18478	temporibus	2023-01-29 15:07:36.178+09
852	43	18478	veniam	2022-10-09 14:36:00.911+09
853	43	18478	rerum	2023-01-17 09:23:13.831+09
854	43	18478	fugit	2022-05-09 17:44:58.018+09
855	44	95988	doloremque	2022-08-01 07:19:00.472+09
856	44	95988	quisquam	2022-04-18 00:40:16.628+09
857	44	95988	minima	2022-02-26 05:30:45.632+09
858	44	62778	eveniet	2022-02-15 11:25:11.217+09
859	44	62778	harum	2022-10-25 12:58:52.552+09
860	44	62778	impedit	2023-01-08 03:54:31.423+09
861	44	62778	nobis	2022-11-04 05:55:08.795+09
862	44	62778	soluta	2022-12-16 10:57:16.644+09
863	44	62778	atque	2022-05-19 10:49:00.645+09
864	44	25977	illo	2022-10-04 22:14:02.18+09
865	44	25977	dignissimos	2022-05-31 16:12:42.595+09
866	44	25977	porro	2022-07-03 03:46:13.58+09
867	44	37035	exercitationem	2022-10-08 13:52:42.01+09
868	44	37035	aliquam	2022-02-21 13:25:23.85+09
869	44	37035	non	2022-08-17 13:17:51.279+09
870	44	37035	quae	2022-08-13 17:57:12.708+09
871	44	37035	deserunt	2022-08-23 09:46:45.2+09
872	44	37035	fugiat	2022-12-02 14:44:27.868+09
873	44	37035	ullam	2022-09-04 19:13:32.568+09
874	44	69196	molestiae	2022-02-15 06:35:30.983+09
875	44	69196	officiis	2022-09-20 21:58:35.116+09
876	44	69196	commodi	2022-12-24 09:25:00.286+09
877	44	69196	est	2022-06-16 17:46:19.797+09
878	44	29034	et	2022-09-24 02:28:50.417+09
879	44	29034	accusamus	2022-11-26 09:03:13.766+09
880	44	29034	unde	2022-04-04 01:10:43.842+09
881	44	29034	voluptatum	2022-04-09 12:04:02.863+09
882	44	30558	nemo	2022-07-19 18:27:11.9+09
883	44	30558	iste	2022-04-24 21:31:48.912+09
884	44	30558	culpa	2022-11-20 15:20:51.907+09
885	44	30558	hic	2022-11-20 11:07:56.617+09
886	44	30558	doloribus	2022-04-18 19:31:28.261+09
887	44	30558	occaecati	2022-08-04 04:16:20.485+09
888	45	31255	perferendis	2022-03-25 12:16:29.857+09
889	45	31255	facere	2022-05-19 00:31:25.829+09
890	45	31255	laboriosam	2022-02-23 20:28:35.287+09
891	45	59322	rerum	2023-01-20 16:05:38.216+09
892	45	59322	excepturi	2022-03-09 12:08:20.446+09
893	46	89439	sapiente	2022-11-30 18:06:22.359+09
894	46	89439	deleniti	2022-08-20 03:55:31.137+09
895	46	89439	officiis	2022-09-11 23:34:47.199+09
896	46	68042	iste	2022-11-02 00:41:23.438+09
897	46	68042	assumenda	2023-01-10 02:15:26.94+09
898	46	68042	iste	2022-03-24 12:46:58.952+09
899	46	68042	esse	2022-08-09 22:29:38.027+09
900	46	68042	repudiandae	2022-05-20 23:51:04.337+09
901	47	37035	maxime	2022-10-06 07:44:45.938+09
902	47	37035	in	2022-09-02 19:02:37.019+09
903	47	37035	dolorem	2022-12-23 00:51:23.059+09
904	47	78572	nisi	2022-04-25 08:11:09.608+09
905	47	78572	sunt	2022-10-27 12:04:06.651+09
906	47	78572	nisi	2022-10-04 14:27:00.92+09
907	47	78572	est	2022-09-17 17:35:09.874+09
908	47	78572	vero	2022-03-22 07:12:17.351+09
909	47	78572	maiores	2022-07-14 22:49:14.681+09
910	47	97738	id	2022-09-06 17:45:53.981+09
911	47	97738	nam	2023-01-23 17:24:06.036+09
912	47	97738	molestias	2022-11-08 22:53:47.948+09
913	47	82633	harum	2022-10-12 03:18:21.718+09
914	47	82633	natus	2022-04-01 11:03:36.229+09
915	47	82633	iure	2022-09-25 10:52:14.901+09
916	47	82633	ad	2022-04-07 17:49:52.006+09
917	47	82633	consectetur	2022-04-07 19:40:47.717+09
918	48	24153	voluptatem	2022-09-17 09:31:25.711+09
919	48	24153	praesentium	2022-03-30 11:27:46.265+09
920	48	24153	cum	2023-01-02 04:22:49.61+09
921	48	24153	laboriosam	2022-03-13 19:41:13.772+09
922	48	24153	amet	2022-03-20 05:47:13.636+09
923	48	24153	commodi	2022-04-04 04:46:58.269+09
924	48	24153	consequatur	2022-11-02 04:57:23.312+09
925	48	39284	deserunt	2022-09-18 08:04:26.004+09
926	48	39284	pariatur	2022-11-10 17:54:36.081+09
927	48	39284	ipsam	2022-09-03 20:20:38.795+09
928	48	39284	repellendus	2022-05-16 17:09:05.717+09
929	48	39284	velit	2022-03-05 03:26:30.675+09
930	49	31255	labore	2022-08-04 06:35:17.507+09
931	49	31255	illum	2022-10-20 19:59:21.083+09
932	49	49644	facilis	2022-05-01 10:22:53.534+09
933	49	49644	repellat	2022-04-15 02:28:55.952+09
934	49	49644	ducimus	2022-02-26 11:02:05.945+09
935	49	49644	autem	2022-10-19 02:52:44.707+09
936	49	53834	praesentium	2022-11-14 08:05:40.417+09
937	49	53834	amet	2022-08-15 03:24:04.684+09
938	49	19024	similique	2022-05-24 13:48:13.414+09
939	49	33143	commodi	2022-03-06 20:21:23.232+09
940	49	33143	sed	2022-07-17 04:59:51.408+09
941	49	33143	sed	2022-02-27 21:27:31.477+09
942	49	36846	ipsam	2022-05-31 06:01:27.887+09
943	49	36846	molestias	2022-09-26 15:30:01.484+09
944	49	73910	optio	2022-05-12 15:13:39.295+09
945	49	73910	soluta	2022-04-03 23:08:54.872+09
946	49	73910	vero	2022-07-26 22:33:05.922+09
947	49	22051	itaque	2023-01-08 18:02:32.608+09
948	49	22051	reprehenderit	2022-08-07 03:14:51.75+09
949	49	46504	exercitationem	2022-04-07 22:59:34.062+09
950	49	46504	fuga	2022-07-14 18:16:58.132+09
951	49	46504	est	2022-02-21 06:51:11.15+09
952	49	46504	nam	2022-11-27 03:57:46.351+09
953	49	46504	soluta	2022-03-23 16:34:46.355+09
954	49	46504	odit	2022-05-02 22:28:53.076+09
955	49	46504	ipsam	2022-03-09 17:58:30.264+09
956	49	46504	atque	2022-08-06 09:13:09.576+09
957	49	70761	fuga	2022-06-27 19:05:53.609+09
958	49	70761	provident	2022-10-31 07:52:52.321+09
959	49	70761	delectus	2023-01-05 19:25:21.665+09
960	49	70761	quas	2022-05-23 18:49:54.248+09
961	50	62481	explicabo	2023-02-09 01:43:50.429+09
962	50	62481	voluptate	2022-10-28 06:26:43.029+09
963	50	62481	dolor	2023-01-15 17:31:49.003+09
964	50	62481	quibusdam	2022-02-24 00:21:21.465+09
965	50	62481	cupiditate	2022-09-10 13:05:08.607+09
966	50	62481	laborum	2022-04-30 18:35:28.219+09
967	50	62481	magni	2022-06-17 03:25:55.54+09
968	50	62481	fugit	2022-08-06 16:19:26.208+09
969	50	29047	laborum	2022-07-22 16:17:50.064+09
970	50	29047	soluta	2022-03-29 19:41:05.938+09
971	50	29047	dicta	2023-01-24 05:38:24.872+09
972	50	29047	culpa	2023-02-02 13:29:37.896+09
973	50	29047	quis	2022-02-19 14:48:57.93+09
974	50	29047	est	2022-03-01 23:41:23.908+09
975	50	45271	architecto	2023-01-23 06:31:57.318+09
976	50	45271	eum	2022-11-13 13:23:38.691+09
977	50	72264	earum	2022-04-19 07:18:47.324+09
978	50	72264	aliquam	2022-09-08 08:40:28.147+09
979	50	72264	ratione	2022-04-25 16:21:13.785+09
980	50	72264	iusto	2022-09-08 16:02:33.054+09
981	50	72264	laudantium	2022-09-22 14:27:37.338+09
982	50	72264	est	2022-12-09 08:40:01.453+09
983	50	72264	quae	2022-06-14 19:01:43.374+09
984	50	46504	voluptates	2022-10-07 15:18:57.383+09
985	50	46504	perferendis	2022-08-09 01:14:50.9+09
986	50	46504	sed	2022-03-03 06:33:32.409+09
987	50	46504	placeat	2023-02-10 23:59:10.818+09
988	50	46504	minus	2022-07-22 11:11:46.824+09
989	50	46504	veniam	2022-03-26 17:27:01.166+09
990	50	80241	odio	2022-10-08 08:42:53.105+09
991	50	80241	mollitia	2022-02-24 17:59:25.537+09
992	50	80241	deleniti	2023-02-04 09:34:49.376+09
993	50	80241	sint	2022-03-09 04:19:24.52+09
994	50	99141	beatae	2022-10-27 23:52:29.727+09
995	50	99141	sit	2022-07-31 05:33:25.368+09
996	50	99141	sit	2022-03-01 20:13:59.481+09
997	50	99141	veritatis	2022-10-06 09:56:56.661+09
998	50	99141	et	2022-12-23 21:10:17.324+09
999	50	99141	perspiciatis	2022-03-08 04:19:49.037+09
1000	50	95854	eos	2022-10-07 02:16:34.388+09
1001	50	95854	odio	2023-02-11 01:45:47.167+09
1002	50	95854	perspiciatis	2023-01-08 05:20:07.815+09
1003	50	95854	aliquam	2022-04-20 22:51:25.63+09
1004	50	77808	quos	2022-05-22 11:06:30.02+09
1005	50	77808	occaecati	2022-12-16 13:06:03.897+09
1006	50	77808	voluptatum	2022-10-28 15:37:50.696+09
1007	50	77808	ipsam	2022-10-08 00:15:55.606+09
1008	50	77808	nobis	2023-01-14 03:09:07.792+09
1009	50	78572	amet	2022-08-18 11:29:53.465+09
1010	50	78572	assumenda	2022-07-25 08:51:14.128+09
1011	50	78572	eveniet	2022-04-28 12:22:06.109+09
1012	51	53996	ad	2022-09-04 04:08:39.309+09
1013	51	53996	aperiam	2022-11-01 01:43:01.198+09
1014	51	53996	sapiente	2022-12-26 19:16:23.071+09
1015	51	66127	placeat	2022-06-14 02:35:26.865+09
1016	51	66127	magni	2023-01-20 14:51:40.874+09
1017	51	66127	quia	2022-02-12 07:44:41.389+09
1018	52	21282	cum	2022-06-18 14:05:56.377+09
1019	52	21282	at	2022-05-15 07:14:02.679+09
1020	52	21282	iure	2022-08-06 04:52:54.439+09
1021	52	97112	illo	2022-10-01 19:08:26.967+09
1022	52	97112	ducimus	2023-02-06 06:08:17.278+09
1023	52	97112	pariatur	2022-12-29 08:53:01.45+09
1024	52	97112	fuga	2022-05-29 23:50:54.979+09
1025	52	97112	est	2022-10-30 19:02:01.059+09
1026	52	97112	molestiae	2022-06-20 22:43:31.539+09
1027	52	97112	praesentium	2022-04-07 09:48:38.712+09
1028	53	97112	soluta	2022-09-15 11:11:31.916+09
1029	53	64090	eveniet	2022-08-31 06:14:20.555+09
1030	53	64090	eaque	2022-05-06 13:56:44.751+09
1031	53	32750	delectus	2022-06-28 08:22:42.269+09
1032	53	32750	quaerat	2022-11-01 16:56:43.223+09
1033	53	32750	consequatur	2022-05-28 11:21:17.643+09
1034	53	32750	quod	2022-06-06 21:15:55.273+09
1035	53	32750	perferendis	2022-04-16 11:19:51.996+09
1036	53	77286	accusamus	2022-11-22 08:47:25.398+09
1037	53	77286	reprehenderit	2022-06-13 04:45:54.131+09
1038	53	77286	non	2022-04-29 09:33:58.338+09
1039	53	44609	veniam	2022-04-17 02:37:05.994+09
1040	53	44609	animi	2022-05-25 16:48:01.217+09
1041	53	44609	quas	2022-11-02 03:24:06.324+09
1042	53	44609	harum	2023-02-06 15:07:09.816+09
1043	53	20129	enim	2022-04-17 18:39:38.29+09
1044	53	20129	voluptates	2022-08-16 00:36:56.829+09
1045	53	20129	commodi	2023-01-10 06:06:00.248+09
1046	53	20129	asperiores	2022-12-09 06:44:17.437+09
1047	53	84529	veniam	2022-03-25 08:45:16.02+09
1048	53	84529	consequatur	2022-06-04 08:56:43.794+09
1049	54	88710	vero	2022-04-09 09:10:14.157+09
1050	54	88710	similique	2022-10-31 16:47:07.369+09
1051	54	88710	consequuntur	2022-09-06 12:09:59.484+09
1052	54	49644	quo	2022-07-18 01:55:48.328+09
1053	54	49644	aliquam	2022-04-23 15:18:44.52+09
1054	54	49644	porro	2022-12-22 13:17:17.624+09
1055	54	49644	tempore	2022-08-20 15:17:28.699+09
1056	54	29550	ipsum	2022-10-24 10:30:36.316+09
1057	54	29550	tempore	2022-02-19 22:46:57.309+09
1058	54	19278	repellendus	2022-03-12 09:59:11.004+09
1059	54	19278	modi	2022-10-11 12:54:22.008+09
1060	54	19278	ab	2022-12-17 11:25:26.796+09
1061	54	93453	quos	2022-03-26 06:29:35.543+09
1062	54	93453	quas	2023-01-04 04:06:56.364+09
1063	54	93453	quia	2022-09-23 06:25:27.63+09
1064	54	93453	quo	2022-07-06 13:50:33.587+09
1065	54	93189	suscipit	2022-09-16 09:26:20.901+09
1066	54	93189	nulla	2022-10-24 18:34:59.152+09
1067	54	20129	repellat	2022-08-29 03:47:08.235+09
1068	54	20129	delectus	2023-01-10 05:08:30.544+09
1069	54	20129	fugit	2022-06-19 20:19:28.51+09
1070	54	20129	omnis	2022-11-18 19:15:06.439+09
1071	54	20129	sunt	2023-02-01 15:45:02.924+09
1072	54	86185	recusandae	2022-04-01 06:51:55.746+09
1073	54	86185	officiis	2022-08-13 01:03:01.138+09
1074	54	86185	reiciendis	2022-12-14 19:47:22.966+09
1075	54	86185	doloribus	2022-10-07 07:11:41.469+09
1076	54	86185	suscipit	2022-08-21 08:50:58.586+09
1077	54	86185	officia	2022-06-20 02:39:57.641+09
1078	55	42951	quia	2022-12-23 11:56:14.464+09
1079	55	42951	at	2022-05-20 04:06:10.193+09
1080	55	42951	asperiores	2022-10-14 05:19:30.076+09
1081	55	42951	incidunt	2022-03-28 12:00:40.149+09
1082	55	42951	quam	2022-08-05 06:14:41.155+09
1083	55	49892	iure	2022-03-27 08:42:34.196+09
1084	55	49892	aperiam	2022-08-06 06:22:34.749+09
1085	55	49892	aut	2022-02-18 22:01:46.346+09
1086	55	49892	architecto	2022-12-03 05:44:23.711+09
1087	55	49892	numquam	2022-08-26 05:44:25.326+09
1088	55	49892	magnam	2022-07-04 17:26:35.886+09
1089	55	49644	illo	2022-02-20 19:30:57.001+09
1090	55	49644	vel	2022-04-05 20:01:50.681+09
1091	55	49644	ipsum	2022-05-07 03:13:55.871+09
1092	55	49644	doloremque	2022-04-05 16:03:05.43+09
1093	55	49644	aliquid	2023-01-20 14:24:41.982+09
1094	55	49644	veritatis	2022-11-24 04:40:34.525+09
1095	55	32750	minima	2022-12-24 15:08:44.577+09
1096	55	32750	dolore	2022-09-03 15:18:22.015+09
1097	55	32750	sed	2022-07-10 08:33:11.094+09
1098	55	32750	cum	2022-09-14 16:53:10.876+09
1099	55	32750	aliquam	2022-10-31 12:57:05.885+09
1100	55	71151	eveniet	2022-07-07 19:37:23.694+09
1101	55	71151	assumenda	2022-10-11 14:15:55.544+09
1102	55	70761	asperiores	2022-03-22 09:00:27.304+09
1103	55	70761	assumenda	2022-11-12 09:04:04.657+09
1104	55	70761	placeat	2022-05-17 02:03:57.912+09
1105	55	70761	ipsum	2022-12-12 18:15:59.802+09
1106	55	20997	reiciendis	2023-01-05 18:08:57.991+09
1107	55	20997	debitis	2022-11-08 21:22:40.836+09
1108	55	20997	ducimus	2022-05-03 10:39:18.191+09
1109	55	77808	nobis	2022-05-15 06:59:28.446+09
1110	55	77808	in	2023-01-04 01:54:45.459+09
1111	55	77808	maxime	2022-02-22 08:52:38.627+09
1112	55	43688	corrupti	2022-10-06 15:51:16.382+09
1113	55	43688	temporibus	2022-09-25 20:53:23.402+09
1114	56	48054	ab	2022-11-07 01:35:09.539+09
1115	56	48054	quod	2023-02-02 10:20:05.554+09
1116	56	48054	ipsam	2022-10-02 04:48:51.86+09
1117	56	48054	laudantium	2022-02-22 04:05:18.944+09
1118	56	12371	deleniti	2023-02-03 13:32:38.765+09
1119	56	12371	beatae	2022-04-12 10:04:39.225+09
1120	56	12371	id	2022-09-29 02:05:24.597+09
1121	56	12371	quidem	2022-02-21 02:36:29.261+09
1122	56	12371	quas	2022-09-19 17:47:35.069+09
1123	56	12371	repudiandae	2022-08-28 13:59:09.561+09
1124	57	59521	vel	2022-04-27 12:22:02.541+09
1125	57	59521	sint	2022-05-15 04:25:33.409+09
1126	57	95866	vel	2023-01-05 06:49:46.32+09
1127	57	95866	repudiandae	2022-03-12 06:58:09.065+09
1128	57	95866	esse	2022-09-22 15:18:21.793+09
1129	57	24760	cumque	2022-06-08 13:56:23.802+09
1130	57	24760	nesciunt	2022-11-20 10:05:57.354+09
1131	57	27344	eius	2022-06-16 03:25:14.929+09
1132	57	27344	eos	2022-03-10 00:06:06.585+09
1133	57	27344	maiores	2022-08-31 19:16:08.174+09
1134	57	27344	quo	2023-01-08 08:30:17.678+09
1135	57	27344	beatae	2022-10-10 23:07:17.317+09
1136	58	74261	nulla	2022-10-21 23:18:38.884+09
1137	58	74261	aliquid	2022-11-27 08:05:54.165+09
1138	58	74261	officia	2022-10-07 02:16:38.309+09
1139	58	74261	delectus	2022-10-25 03:17:28.061+09
1140	58	74261	atque	2022-11-30 11:18:41.377+09
1141	58	74261	iste	2022-06-14 05:11:45.626+09
1142	58	94673	esse	2022-10-18 17:43:39.889+09
1143	58	94673	harum	2022-07-06 20:49:31.832+09
1144	58	94673	numquam	2022-04-03 13:21:49.643+09
1145	58	73132	labore	2022-06-08 06:05:19.725+09
1146	58	73132	est	2022-06-17 11:25:06.046+09
1147	58	73132	animi	2022-04-15 16:31:57.606+09
1148	58	73132	laborum	2022-11-25 18:39:25.988+09
1149	58	73132	voluptas	2022-10-21 23:23:15.455+09
1150	58	46504	officiis	2022-10-18 06:49:41.017+09
1151	59	70059	rem	2022-10-03 08:46:10.379+09
1152	59	70059	nemo	2022-03-23 17:12:38.374+09
1153	59	70059	neque	2022-09-04 18:05:55.753+09
1154	59	70059	ut	2023-01-05 18:13:27.831+09
1155	59	70059	dignissimos	2022-09-25 21:47:38.986+09
1156	59	31255	rem	2022-06-25 09:02:02.092+09
1157	59	31255	quam	2022-09-15 13:53:05.129+09
1158	59	31255	dolorem	2023-01-11 02:51:51.878+09
1159	59	52847	omnis	2022-04-23 06:51:51.941+09
1160	59	52847	provident	2023-01-11 00:42:35.131+09
1161	59	50897	dolor	2022-09-12 20:16:21.136+09
1162	59	50897	illum	2022-12-05 08:59:47.336+09
1163	59	50897	at	2022-10-20 13:03:31.125+09
1164	59	50897	saepe	2022-02-22 05:01:55.996+09
1165	59	50897	ea	2023-01-10 23:00:31.373+09
1166	59	34849	illo	2023-01-28 02:04:59.205+09
1167	59	34849	suscipit	2022-12-24 04:25:01.474+09
1168	60	31255	earum	2022-12-24 14:43:28.936+09
1169	60	31255	explicabo	2022-11-12 03:54:24.93+09
1170	60	31255	modi	2022-10-11 07:24:52.671+09
1171	60	31255	ab	2022-10-06 11:28:48.455+09
1172	60	66417	necessitatibus	2022-11-27 11:57:07.505+09
1173	60	66417	temporibus	2022-06-27 20:22:20.36+09
1174	60	66417	cupiditate	2022-05-26 09:29:29.435+09
1175	60	66417	assumenda	2022-02-28 22:26:43.532+09
1176	60	56420	facilis	2023-01-12 22:27:33.239+09
1177	60	56420	aut	2022-07-01 22:38:31.68+09
1178	60	56420	non	2022-10-16 00:03:59.815+09
1179	60	56420	consequuntur	2022-12-19 16:37:32.89+09
1180	60	24711	distinctio	2023-01-18 00:08:05.403+09
1181	60	24711	porro	2022-08-17 19:50:23.976+09
1182	60	24711	aliquam	2022-03-06 22:28:32.11+09
1183	60	24711	enim	2022-06-07 00:01:17.155+09
1184	60	24711	error	2022-10-05 20:12:29.659+09
1185	60	24711	quos	2022-04-29 06:14:14.384+09
1186	60	72264	maxime	2022-10-22 11:02:09.403+09
1187	60	72264	dolores	2022-10-21 08:59:51.306+09
1188	60	97738	delectus	2022-08-06 09:59:47.014+09
1189	60	97738	repellendus	2022-11-08 08:41:19.798+09
1190	60	97738	sint	2023-01-05 05:12:56.024+09
1191	60	97738	molestiae	2022-08-25 05:12:03.488+09
1192	61	99365	quasi	2022-10-07 16:36:29.828+09
1193	61	99365	reprehenderit	2022-12-14 17:49:53.564+09
1194	61	99365	cupiditate	2022-06-21 14:20:58.497+09
1195	61	53996	quis	2022-12-09 21:53:36.747+09
1196	61	53996	a	2022-10-02 10:26:18.956+09
1197	61	53996	deserunt	2022-07-06 20:32:55.824+09
1198	61	53996	nobis	2022-02-23 19:06:14.782+09
1199	61	53996	minima	2022-05-08 02:18:49.626+09
1200	61	53996	dolores	2022-12-30 03:23:51.174+09
1201	61	53996	deserunt	2022-06-23 09:47:13.064+09
1202	61	53996	qui	2022-06-19 15:38:59.034+09
1203	61	53996	sequi	2022-11-14 20:19:12.079+09
1204	62	37212	minus	2022-11-14 21:49:55.645+09
1205	62	37212	fugit	2022-12-29 09:45:13.701+09
1206	62	37212	in	2023-01-30 07:31:34.524+09
1207	62	37212	temporibus	2022-11-01 18:36:26.056+09
1208	62	37212	laboriosam	2022-05-07 01:33:42.825+09
1209	62	37212	labore	2022-07-29 22:48:18.851+09
1210	62	25160	iure	2023-01-20 01:12:19.74+09
1211	62	25160	quos	2023-01-16 16:34:11.09+09
1212	62	25160	vel	2022-02-26 21:35:37.953+09
1213	62	25160	maxime	2022-03-02 02:11:39.588+09
1214	63	57159	velit	2022-06-13 03:57:40.434+09
1215	63	57159	nemo	2022-12-05 20:38:07+09
1216	63	57159	quis	2022-07-10 03:25:36.029+09
1217	63	57159	aliquam	2022-06-23 10:12:21.51+09
1218	63	18848	incidunt	2023-01-18 19:53:22.494+09
1219	63	18848	harum	2022-09-11 18:29:46.167+09
1220	63	18848	non	2023-01-04 20:36:04.557+09
1221	63	74261	maxime	2022-11-30 05:31:20.139+09
1222	63	74261	sint	2022-08-06 09:21:26.866+09
1223	63	74261	sunt	2022-12-14 21:33:25.078+09
1224	63	74261	alias	2022-03-11 12:36:42.413+09
1225	63	89439	nesciunt	2022-05-23 13:53:50.887+09
1226	63	89439	quibusdam	2022-07-23 11:48:46.608+09
1227	63	89439	rerum	2023-01-18 09:34:52.63+09
1228	63	89439	neque	2022-05-14 15:44:50.67+09
1229	63	89439	quidem	2022-06-13 14:18:37.883+09
1230	63	45921	possimus	2022-07-22 03:50:00.972+09
1231	63	45921	culpa	2022-04-23 00:29:28.45+09
1232	63	79192	quisquam	2023-01-27 11:52:41.714+09
1233	63	79192	aliquid	2023-01-06 04:26:27.199+09
1234	63	42069	cupiditate	2022-12-21 02:01:18.285+09
1235	63	42069	amet	2022-10-11 11:08:04.449+09
1236	63	42069	quibusdam	2022-03-16 20:45:22.611+09
1237	63	42069	est	2022-12-02 18:10:58.616+09
1238	63	42069	iure	2022-05-27 01:45:35.917+09
1239	63	84041	mollitia	2022-07-29 12:47:52.718+09
1240	63	84041	ad	2023-01-20 15:08:58.994+09
1241	63	84041	autem	2022-07-03 21:42:34.931+09
1242	64	62916	in	2022-09-24 16:35:02.009+09
1243	64	62916	ab	2022-02-13 14:07:46.704+09
1244	64	62916	aut	2023-02-02 02:47:16.068+09
1245	64	62916	tempore	2023-01-27 10:45:06.873+09
1246	64	62916	in	2022-02-18 11:43:38.745+09
1247	64	62916	eos	2022-09-20 19:40:30.779+09
1248	64	88710	placeat	2023-01-09 19:48:23.384+09
1249	64	88710	vero	2022-02-20 14:08:09.779+09
1250	64	21282	totam	2023-02-06 09:18:40.49+09
1251	64	21282	libero	2022-05-29 00:31:36.062+09
1252	65	70059	iure	2022-09-19 10:21:21.192+09
1253	65	70059	alias	2023-01-04 03:19:26.502+09
1254	65	70059	facilis	2022-09-20 12:43:29.083+09
1255	65	70059	ipsa	2022-07-20 17:49:01.607+09
1256	65	70059	quod	2022-04-10 09:36:56.426+09
1257	65	70059	numquam	2023-01-03 22:15:10.889+09
1258	65	42294	itaque	2022-12-12 13:07:27.921+09
1259	65	42294	totam	2022-03-22 09:41:50.481+09
1260	65	42294	itaque	2022-06-24 06:07:59.5+09
1261	65	42294	reiciendis	2022-08-18 13:22:15.304+09
1262	65	51146	ullam	2022-07-28 21:04:32.46+09
1263	65	51146	fugit	2022-09-17 13:25:23.407+09
1264	65	38809	expedita	2022-04-15 15:34:29.811+09
1265	65	38809	at	2022-11-14 08:40:22.567+09
1266	65	12628	repudiandae	2022-12-05 14:33:37.774+09
1267	65	12628	reiciendis	2022-07-12 04:01:22.152+09
1268	65	12628	officiis	2022-04-30 20:49:37.847+09
1269	65	12628	odit	2022-06-27 19:00:12.498+09
1270	65	12628	minima	2022-07-20 20:16:03.053+09
1271	66	69302	doloremque	2022-03-07 23:29:31.753+09
1272	66	69302	eum	2022-12-20 03:00:20.646+09
1273	66	69302	explicabo	2022-10-11 01:59:50.066+09
1274	66	60813	atque	2022-08-30 14:41:44.621+09
1275	67	19784	reiciendis	2022-06-23 23:43:10.942+09
1276	67	19784	recusandae	2022-08-23 21:30:05.631+09
1277	67	19784	sint	2022-05-08 22:16:06.036+09
1278	67	19784	architecto	2022-03-13 10:42:22.983+09
1279	67	19784	quaerat	2022-05-23 01:09:46.484+09
1280	67	92685	repellat	2022-03-25 11:56:33.677+09
1281	67	92685	magnam	2022-03-13 03:53:31.578+09
1282	67	92685	incidunt	2022-06-10 22:23:24.276+09
1283	67	92685	temporibus	2022-08-06 08:57:38.329+09
1284	67	34438	vero	2022-09-22 10:38:09.403+09
1285	67	34438	excepturi	2022-09-22 00:31:34.88+09
1286	67	34438	ullam	2022-11-06 06:08:12.841+09
1287	67	34438	a	2022-03-04 08:12:44.631+09
1288	67	34438	molestiae	2022-07-20 23:34:00.628+09
1289	68	39284	hic	2022-03-16 11:45:40.194+09
1290	68	30610	eius	2022-05-05 17:02:15.539+09
1291	68	30610	quia	2022-09-23 02:09:41.473+09
1292	68	30610	commodi	2022-05-22 01:29:48.959+09
1293	68	30610	dignissimos	2022-07-05 18:34:51.742+09
1294	68	61086	beatae	2022-06-20 04:10:22.727+09
1295	68	61086	id	2023-01-26 16:05:15.968+09
1296	68	61086	illum	2022-09-30 12:42:44.252+09
1297	68	61086	a	2022-04-13 16:57:07.603+09
1298	68	61086	tempore	2022-09-06 12:46:42.829+09
1299	68	29034	asperiores	2022-03-29 16:32:36.134+09
1300	68	29034	illo	2022-11-05 06:09:17.977+09
1301	68	29034	pariatur	2022-05-29 18:49:27.446+09
1302	68	29034	sint	2022-12-25 02:42:15.481+09
1303	68	29034	numquam	2022-07-09 17:57:03.107+09
1304	69	74261	facilis	2022-07-18 18:06:44.038+09
1305	69	74261	ratione	2022-10-25 08:24:41.386+09
1306	69	74261	soluta	2022-05-13 19:23:13.988+09
1307	69	77808	eius	2022-07-31 01:06:51.818+09
1308	69	77808	voluptatum	2022-12-27 14:54:10.439+09
1309	69	77808	at	2022-07-13 19:05:07.485+09
1310	69	77808	corporis	2022-03-06 01:06:28.923+09
1311	69	77808	porro	2022-07-12 07:52:33.31+09
1312	69	77808	veniam	2022-12-12 07:44:53.055+09
1313	70	89439	nihil	2022-05-12 19:10:16.883+09
1314	70	89439	cupiditate	2022-04-03 19:03:42.958+09
1315	70	89439	molestias	2022-03-22 20:58:13.583+09
1316	70	89439	facilis	2022-08-31 20:41:07.588+09
1317	70	89439	tenetur	2022-10-20 05:05:42.481+09
1318	70	89439	qui	2022-05-15 01:25:14.373+09
1319	70	89439	quia	2022-07-25 08:53:51.017+09
1320	70	15112	quod	2022-10-13 07:09:09.227+09
1321	70	15112	harum	2022-06-20 12:04:57.726+09
1322	70	15112	velit	2022-03-21 11:14:18.297+09
1323	70	15112	ullam	2022-10-12 07:19:08.519+09
1324	70	15112	fuga	2022-12-16 11:33:11.632+09
1325	70	15112	voluptas	2022-12-16 03:12:46.371+09
1326	70	39675	corrupti	2022-12-19 00:15:53.453+09
1327	70	39675	numquam	2023-02-05 01:22:59.842+09
1328	70	39675	excepturi	2023-01-25 18:32:08.236+09
1329	70	89779	debitis	2022-04-02 09:37:07.017+09
1330	70	89779	maxime	2022-08-19 09:41:30.304+09
1331	70	80786	eos	2022-07-22 19:28:06.639+09
1332	70	80786	odit	2022-05-06 17:26:29.877+09
1333	70	80786	error	2022-03-28 04:21:29.328+09
1334	70	80786	similique	2022-02-11 17:03:11.313+09
1335	70	80786	commodi	2022-11-02 19:42:33.689+09
1336	70	41407	laudantium	2022-06-04 06:59:33.967+09
1337	70	41407	aspernatur	2022-06-28 23:05:00.249+09
1338	70	41407	sapiente	2022-04-19 19:03:31.203+09
1339	70	33143	quis	2022-04-28 14:54:34.747+09
1340	70	33143	accusamus	2022-03-24 16:38:58.044+09
1341	70	33143	expedita	2022-09-18 05:07:05.187+09
1342	71	66417	aliquam	2022-11-10 20:32:20.457+09
1343	71	66417	labore	2022-10-11 22:36:36.702+09
1344	71	69390	tenetur	2022-09-23 00:49:14.108+09
1345	71	69390	est	2022-10-04 06:35:19.839+09
1346	71	69390	quidem	2022-03-18 10:17:54.214+09
1347	71	69390	et	2022-11-01 22:28:40.837+09
1348	71	69390	quia	2022-07-14 06:46:13.244+09
1349	72	74786	repellat	2022-06-01 14:51:19.149+09
1350	72	74786	earum	2022-06-28 21:04:02.942+09
1351	72	74786	sapiente	2022-12-10 09:49:32.563+09
1352	72	56420	illum	2022-09-06 20:23:27.513+09
1353	72	56420	dolorem	2022-09-25 03:25:17.815+09
1354	72	17124	quaerat	2022-08-02 13:03:21.13+09
1355	72	17124	consequuntur	2022-12-02 14:11:40.831+09
1356	72	17124	ullam	2022-11-12 12:21:42.137+09
1357	72	17124	ex	2022-10-25 20:40:47.144+09
1358	72	58385	minus	2023-01-31 10:35:12.669+09
1359	72	58385	amet	2022-08-15 12:37:44.527+09
1360	72	58385	molestias	2022-03-23 17:53:34.648+09
1361	72	58385	repellat	2022-03-17 17:22:49.953+09
1362	72	58385	itaque	2022-06-29 03:16:09.358+09
1363	72	58385	sequi	2023-01-01 14:26:24.442+09
1364	72	20129	ducimus	2022-10-27 20:19:15.435+09
1365	72	38727	doloribus	2022-05-19 21:16:31.877+09
1366	72	38727	nisi	2022-12-17 01:41:41.585+09
1367	72	38727	quam	2022-07-27 17:45:21.085+09
1368	72	38727	dolorum	2022-12-24 09:42:46.118+09
1369	72	74885	voluptatibus	2022-12-25 02:21:41.331+09
1370	72	74885	velit	2022-08-13 02:41:59.549+09
1371	72	52863	accusantium	2022-09-05 17:51:49.488+09
1372	72	52863	at	2022-11-24 05:24:02.996+09
1373	72	52863	provident	2023-01-30 13:19:40.648+09
1374	72	52863	rerum	2022-02-27 13:22:21.144+09
1375	72	34849	accusamus	2022-04-27 13:38:54.286+09
1376	72	34849	vero	2022-06-27 02:27:42.753+09
1377	72	34849	itaque	2022-05-18 02:16:26.397+09
1378	72	34849	sit	2022-03-15 07:12:20.322+09
1379	72	34849	modi	2022-09-04 16:54:06.824+09
1380	72	34849	numquam	2022-06-14 21:50:17.197+09
1381	73	59521	eligendi	2022-06-06 14:22:27.782+09
1382	73	59521	consequatur	2023-01-22 07:02:35.687+09
1383	73	59521	a	2022-02-16 13:48:55.29+09
1384	73	59521	ea	2022-09-17 04:21:13.112+09
1385	73	89779	autem	2022-06-26 20:35:53.606+09
1386	73	89779	quasi	2022-11-29 06:34:07.079+09
1387	73	89779	omnis	2022-12-01 15:03:56.841+09
1388	73	76684	modi	2022-12-04 21:05:48.149+09
1389	73	76684	est	2023-02-07 12:36:37.977+09
1390	73	76684	nemo	2022-04-06 01:15:11.06+09
1391	73	84318	soluta	2022-09-14 08:50:53.187+09
1392	73	84318	vero	2022-12-29 04:42:14.325+09
1393	73	87618	tenetur	2022-09-08 02:10:59.398+09
1394	73	87618	placeat	2022-06-20 03:33:35.719+09
1395	73	59399	tempore	2022-08-20 10:38:17.047+09
1396	73	59399	earum	2022-11-02 20:05:03.146+09
1397	74	25834	eaque	2022-08-27 22:40:56.707+09
1398	74	25834	iste	2022-07-11 14:07:29.868+09
1399	74	25834	natus	2022-07-17 00:42:26.663+09
1400	74	25834	deserunt	2022-12-11 01:17:48.403+09
1401	74	25834	numquam	2022-09-02 14:35:40.18+09
1402	74	32750	rerum	2022-04-20 01:48:35.923+09
1403	74	32750	voluptates	2022-09-22 13:32:05.792+09
1404	74	32750	dignissimos	2022-06-09 06:13:59.043+09
1405	74	32750	at	2023-01-25 20:47:04.878+09
1406	74	89779	illum	2022-02-28 14:11:15.476+09
1407	74	89779	nulla	2022-07-28 23:02:18.715+09
1408	74	89779	magnam	2022-09-19 03:50:14.428+09
1409	74	73997	officia	2022-12-26 07:19:54.803+09
1410	74	73997	maiores	2022-10-14 03:01:42.627+09
1411	74	79037	ullam	2023-01-29 04:58:50.638+09
1412	74	27995	eum	2022-03-12 19:59:08.056+09
1413	74	27995	necessitatibus	2022-03-01 20:44:02.063+09
1414	74	46898	eligendi	2022-07-04 06:25:40.502+09
1415	74	46898	facere	2022-02-19 05:12:59.875+09
1416	74	82201	quisquam	2022-07-06 06:36:42.337+09
1417	74	82201	eveniet	2023-01-14 17:17:06.864+09
1418	74	82201	ipsum	2022-11-07 09:45:21.486+09
1419	74	82201	ipsam	2022-12-26 07:49:28.968+09
1420	74	82201	eligendi	2022-06-01 01:57:07.738+09
1421	75	47896	sit	2022-09-19 11:41:54.513+09
1422	75	47896	odit	2022-07-02 22:59:13.173+09
1423	75	47896	quis	2022-11-17 19:56:57.681+09
1424	75	47896	exercitationem	2022-11-07 10:15:48.583+09
1425	75	47896	eius	2022-05-26 02:39:46.134+09
1426	75	36862	recusandae	2023-01-13 18:44:58.85+09
1427	75	90684	corporis	2022-02-17 06:27:20.517+09
1428	75	90684	dolorem	2022-03-05 08:56:18.644+09
1429	75	90684	dolor	2022-12-05 07:35:21.647+09
1430	75	56243	quaerat	2022-06-07 09:27:23.609+09
1431	75	56243	impedit	2022-06-04 23:51:01.301+09
1432	75	56243	vero	2022-04-15 01:51:52.433+09
1433	75	56243	modi	2022-12-15 14:45:52.679+09
1434	75	56243	esse	2022-12-18 17:48:20.496+09
1435	75	56243	cumque	2022-11-21 02:27:46.83+09
1436	75	59521	veritatis	2022-12-02 00:39:16.996+09
1437	75	59521	autem	2022-07-16 23:56:57.52+09
1438	75	59521	fugiat	2023-01-19 02:53:57.654+09
1439	75	59521	voluptate	2022-05-19 10:02:44.96+09
1440	75	59521	delectus	2022-06-23 03:17:51.768+09
1441	75	59521	eius	2022-04-16 13:36:32.36+09
1442	75	59521	minus	2022-12-09 05:30:27.012+09
1443	75	23170	repudiandae	2022-08-26 01:15:26.66+09
1444	75	23170	molestiae	2022-02-22 09:27:19.059+09
1445	75	23170	in	2022-06-14 02:29:39.749+09
1446	75	22114	cupiditate	2023-01-10 23:16:00.662+09
1447	75	22114	blanditiis	2022-02-19 03:41:22.194+09
1448	75	22114	temporibus	2022-12-10 10:30:18.154+09
1449	75	22114	dolorum	2022-11-15 20:45:26.101+09
1450	75	38727	deleniti	2022-07-06 07:17:31.45+09
1451	75	38727	error	2022-04-18 17:02:28.228+09
1452	76	45271	nesciunt	2022-02-23 20:42:41.702+09
1453	76	45271	praesentium	2022-04-01 12:22:42.322+09
1454	76	85343	cumque	2022-05-31 17:27:25.847+09
1455	77	70761	dolor	2022-08-07 07:22:41.813+09
1456	77	70761	omnis	2023-01-07 20:07:05.834+09
1457	77	70761	laborum	2022-10-03 06:26:19.524+09
1458	77	70761	itaque	2022-11-21 01:54:18.959+09
1459	77	70761	corporis	2022-07-14 22:06:18.625+09
1460	77	78018	deserunt	2022-03-11 20:23:12.563+09
1461	77	78018	doloremque	2022-07-05 03:46:07.157+09
1462	77	78018	numquam	2022-08-28 05:53:56.541+09
1463	77	78018	illo	2022-06-04 20:18:30.072+09
1464	77	61086	iure	2022-09-04 02:50:30.478+09
1465	77	61086	veritatis	2022-03-16 05:44:04.636+09
1466	77	61086	recusandae	2022-07-07 00:30:28.509+09
1467	77	62916	laborum	2022-04-28 12:29:14.453+09
1468	77	62916	distinctio	2022-11-01 05:27:38.555+09
1469	77	48054	consequatur	2022-11-19 14:21:37.471+09
1470	77	48054	corrupti	2023-02-09 01:16:38.418+09
1471	77	48054	ducimus	2022-11-14 02:37:43.716+09
1472	77	66282	qui	2022-02-15 16:41:09.5+09
1473	77	66282	quae	2022-04-24 13:09:45.264+09
1474	77	66282	quibusdam	2022-04-01 00:42:04.809+09
1475	77	66282	ullam	2022-06-15 10:42:24.888+09
1476	77	66282	explicabo	2022-02-25 03:43:53.176+09
1477	77	15402	cupiditate	2022-07-28 02:37:58.64+09
1478	77	15402	dicta	2022-09-22 07:36:35.23+09
1479	77	15402	omnis	2022-08-30 15:30:01.536+09
1480	77	15402	et	2022-06-23 20:06:47.852+09
1481	77	17967	ipsa	2022-03-23 16:42:52.97+09
1482	77	17967	modi	2022-02-25 21:59:48.71+09
1483	77	17967	ab	2022-06-17 04:42:46.103+09
1484	77	17967	consequuntur	2022-08-22 08:32:07.49+09
1485	77	17967	in	2022-07-03 09:30:02.064+09
1486	77	17967	temporibus	2022-03-08 18:32:31.186+09
1487	77	73132	fuga	2022-12-30 12:00:01.509+09
1488	77	73132	nam	2022-08-07 18:41:04.495+09
1489	77	73132	harum	2022-05-31 03:45:13.491+09
1490	77	73132	molestiae	2022-11-05 02:19:00.817+09
1491	77	73132	dolores	2022-05-15 22:17:27.081+09
1492	77	73132	dolorem	2023-01-21 05:12:45.202+09
1493	77	36472	dolorum	2022-05-14 03:26:27.196+09
1494	77	36472	consequatur	2022-03-05 19:01:29.55+09
1495	77	36472	ipsum	2022-02-15 16:09:31.613+09
1496	78	39284	perspiciatis	2023-01-02 19:26:38.801+09
1497	78	39284	laborum	2022-08-17 01:31:34.602+09
1498	78	99615	temporibus	2022-12-04 09:10:21.359+09
1499	78	99615	a	2022-09-13 01:25:45.981+09
1500	78	99615	inventore	2022-10-02 16:38:05.152+09
1501	78	99615	porro	2022-08-03 02:40:52.017+09
1502	78	99615	voluptas	2022-09-15 06:16:30.205+09
1503	78	99615	nostrum	2022-02-22 12:57:52.785+09
1504	78	99615	dolorum	2022-06-21 21:45:23.214+09
1505	78	19784	ea	2022-07-10 06:23:38.76+09
1506	78	19784	soluta	2022-11-22 13:10:32.985+09
1507	78	19784	sequi	2022-07-31 06:02:35.099+09
1508	79	42951	eaque	2023-01-11 19:07:28.147+09
1509	79	42951	illum	2023-02-09 12:56:56.444+09
1510	79	42951	suscipit	2022-03-28 11:35:31.067+09
1511	79	42951	debitis	2022-07-31 09:14:49.043+09
1512	79	23673	minus	2022-04-26 06:45:51.047+09
1513	79	23673	quia	2022-03-10 13:52:03.801+09
1514	79	23673	similique	2022-04-15 15:35:18.442+09
1515	79	23673	culpa	2022-10-11 20:44:48.956+09
1516	79	23673	nihil	2022-09-09 05:48:18.308+09
1517	79	23673	quos	2022-04-24 06:08:58.775+09
1518	79	23673	esse	2022-06-21 22:48:42.358+09
1519	79	46006	deleniti	2022-07-30 08:27:59.66+09
1520	79	46006	doloribus	2022-08-25 23:48:52.711+09
1521	79	46006	dolor	2022-06-29 00:37:18.271+09
1522	79	46006	dolores	2022-08-23 20:56:30.514+09
1523	79	46006	magni	2022-09-09 09:12:58.226+09
1524	79	57159	debitis	2022-02-28 17:38:27.319+09
1525	79	57159	dicta	2022-07-22 00:49:25.679+09
1526	79	57159	dolorum	2022-09-09 12:36:19.381+09
1527	79	57159	sed	2022-10-27 14:35:16.998+09
1528	79	94673	accusantium	2022-05-02 22:04:44.027+09
1529	79	94673	autem	2022-09-20 21:18:29.12+09
1530	79	94673	laboriosam	2022-12-18 19:27:43.246+09
1531	79	94673	suscipit	2022-03-31 00:38:23.916+09
1532	79	94673	eveniet	2022-05-12 18:55:03.596+09
1533	79	39076	molestias	2022-06-30 04:37:32.409+09
1534	79	39076	explicabo	2022-03-01 07:17:19.722+09
1535	80	66127	exercitationem	2022-11-01 03:00:50.34+09
1536	80	66127	tempore	2022-09-26 07:33:43.832+09
1537	80	66127	quo	2022-07-20 06:58:58.505+09
1538	80	66127	numquam	2022-12-16 19:20:06.423+09
1539	80	18478	maxime	2022-06-30 19:59:08.807+09
1540	80	18478	eum	2022-04-12 08:39:06.463+09
1541	80	18478	quia	2022-10-25 16:44:03.612+09
1542	80	18478	soluta	2022-05-15 21:49:11.789+09
1543	80	18478	ex	2022-09-24 13:47:09.585+09
1544	80	18478	illo	2023-02-06 19:58:40+09
1545	80	70059	minus	2022-05-16 10:58:20.262+09
1546	80	70059	nobis	2022-04-26 14:40:50.152+09
1547	80	70059	nihil	2022-11-25 03:00:44.198+09
1548	80	70059	aspernatur	2022-09-02 21:05:47.508+09
1549	80	70059	suscipit	2022-05-22 07:18:26.518+09
1550	80	70059	hic	2022-07-06 09:39:40.531+09
1551	80	70059	consequuntur	2023-01-20 20:33:59.992+09
1552	80	83410	aut	2022-06-27 11:25:57.875+09
1553	80	83410	consequuntur	2022-07-30 12:35:09.681+09
1554	80	83410	cupiditate	2022-06-03 00:49:21.134+09
1555	80	83410	voluptates	2022-04-10 20:00:52.975+09
1556	80	69273	sunt	2022-02-17 16:45:02.742+09
1557	80	69273	accusantium	2022-09-14 22:29:28.542+09
1558	80	69273	veritatis	2022-10-29 19:28:21.567+09
1559	80	69273	voluptate	2022-05-07 18:36:43.171+09
1560	80	24711	perferendis	2022-11-07 23:52:40.275+09
1561	80	24711	fuga	2022-10-16 10:50:03.001+09
1562	80	24711	harum	2022-09-26 10:12:52.271+09
1563	80	24711	ab	2022-09-05 20:29:03.068+09
1564	80	24711	cum	2023-01-13 13:25:36.088+09
1565	80	24711	perspiciatis	2022-10-08 14:22:57.281+09
1566	81	25834	voluptas	2022-06-13 00:55:54.822+09
1567	81	25834	amet	2022-04-21 19:32:25.527+09
1568	81	99253	natus	2022-09-28 13:25:25.591+09
1569	81	99253	id	2022-02-12 16:05:21.219+09
1570	81	99253	eos	2023-02-01 21:43:41.222+09
1571	81	99253	voluptatem	2022-08-04 23:37:00.992+09
1572	81	37485	consectetur	2022-06-07 07:29:04.982+09
1573	81	37485	distinctio	2022-06-26 21:17:46.315+09
1574	81	37485	reprehenderit	2022-06-23 09:36:13.389+09
1575	81	37485	totam	2022-03-29 01:23:19.88+09
1576	81	37485	eaque	2022-05-15 08:38:45.632+09
1577	81	37485	eos	2022-12-02 21:01:05.609+09
1578	81	46646	excepturi	2023-01-07 03:37:06.406+09
1579	81	46646	inventore	2023-01-08 05:45:44.414+09
1580	81	46646	ullam	2022-03-23 18:51:55.627+09
1581	81	88710	nisi	2023-01-24 07:07:32.334+09
1582	81	88710	facilis	2022-05-15 16:26:57.321+09
1583	81	88710	quaerat	2022-05-01 19:26:59.183+09
1584	81	52863	veniam	2022-03-25 10:31:25.512+09
1585	81	52863	perferendis	2022-10-22 11:12:41.685+09
1586	81	52863	nesciunt	2022-06-22 11:06:03.832+09
1587	81	52863	sunt	2022-08-30 17:50:26.462+09
1588	81	42294	quae	2022-10-04 16:48:00.242+09
1589	81	42294	laboriosam	2022-09-01 17:04:56.957+09
1590	81	42294	architecto	2022-04-07 03:18:52.87+09
1591	81	42294	ea	2022-08-03 05:59:07.913+09
1592	81	42294	voluptatibus	2022-12-06 09:22:13.834+09
1593	81	42294	nisi	2022-06-30 11:37:37.721+09
1594	82	37212	ab	2022-06-12 20:28:54.824+09
1595	82	37212	nostrum	2023-01-23 02:10:55.77+09
1596	82	37212	a	2022-02-14 23:42:35+09
1597	82	71404	maiores	2022-07-10 22:32:13.36+09
1598	82	25834	repellat	2022-08-11 02:08:06.208+09
1599	82	25834	occaecati	2022-08-01 16:04:02.593+09
1600	82	25834	illum	2022-03-12 13:22:40.627+09
1601	82	25834	qui	2022-12-29 13:18:34.94+09
1602	82	43688	ut	2023-01-14 23:37:06.985+09
1603	82	43688	tempore	2022-06-01 07:03:20.274+09
1604	82	23323	dignissimos	2022-10-11 22:53:38.624+09
1605	82	49870	nulla	2022-06-06 11:31:20.927+09
1606	82	49870	culpa	2022-11-19 02:31:44.509+09
1607	82	49870	dicta	2022-07-09 17:11:06.091+09
1608	82	49870	asperiores	2022-06-18 12:54:36.79+09
1609	82	49870	dolor	2022-10-06 04:50:00.828+09
1610	82	49870	voluptas	2022-04-23 01:18:31.197+09
1611	82	49870	delectus	2022-09-27 08:17:00.64+09
1612	82	48054	doloremque	2022-10-21 02:21:30.546+09
1613	82	25160	cum	2022-02-19 10:52:26.169+09
1614	82	53996	alias	2022-04-21 08:18:47.78+09
1615	82	53996	saepe	2022-09-17 03:56:49.186+09
1616	82	20997	temporibus	2023-01-15 05:29:36.905+09
1617	82	20997	qui	2022-05-15 11:53:15.671+09
1618	82	20997	quis	2023-01-06 08:01:59.357+09
1619	82	20997	repellat	2023-02-03 07:45:59.923+09
1620	82	20997	cum	2022-05-31 00:38:54.243+09
1621	83	84211	necessitatibus	2023-01-12 00:00:28.855+09
1622	83	84211	maxime	2023-02-09 14:45:15.875+09
1623	83	84211	sit	2022-09-24 04:39:47.57+09
1624	83	84211	labore	2023-01-16 13:15:31.104+09
1625	83	15929	excepturi	2022-10-07 13:11:22.222+09
1626	84	57816	ducimus	2022-08-31 13:01:24.115+09
1627	84	57816	eligendi	2022-08-18 21:42:19.537+09
1628	84	82201	facilis	2023-01-04 00:10:08.787+09
1629	84	82201	ab	2022-09-27 12:45:26.789+09
1630	84	82201	architecto	2022-05-13 13:49:52.355+09
1631	84	82201	animi	2022-12-23 06:01:12.453+09
1632	84	82201	atque	2022-10-25 09:52:42.867+09
1633	84	16880	maxime	2022-12-17 20:20:37.209+09
1634	84	16880	tempora	2022-03-17 13:05:49.864+09
1635	84	16880	nulla	2022-04-30 21:47:26.085+09
1636	84	32750	commodi	2022-04-13 17:11:10.345+09
1637	84	32750	sapiente	2022-02-18 00:31:07.486+09
1638	84	32750	maxime	2022-05-08 10:26:58.598+09
1639	84	32750	reprehenderit	2022-02-21 08:34:49.313+09
1640	84	32750	distinctio	2022-02-17 09:26:03.925+09
1641	84	99141	labore	2022-06-15 12:45:18.743+09
1642	84	99141	deleniti	2022-06-07 05:52:03.781+09
1643	84	99141	non	2022-12-07 20:12:44.941+09
1644	84	99141	dolore	2022-06-11 15:05:46.792+09
1645	84	99383	dolorem	2022-10-25 04:53:23.739+09
1646	84	99383	animi	2022-12-02 17:10:42.611+09
1647	84	99383	fuga	2022-08-11 05:47:17.562+09
1648	84	99383	magni	2022-09-24 10:29:59.56+09
1649	84	99383	animi	2022-05-30 16:15:09.647+09
1650	84	74786	maiores	2022-07-26 04:52:24.268+09
1651	84	74786	harum	2022-09-25 19:49:25.961+09
1652	84	74786	reprehenderit	2022-07-14 03:30:18.797+09
1653	84	74786	optio	2022-07-12 15:12:10.676+09
1654	84	27479	doloribus	2022-07-18 13:25:14.5+09
1655	84	27479	mollitia	2022-02-20 07:57:39.662+09
1656	84	27479	nisi	2022-06-02 13:49:56.834+09
1657	84	27479	possimus	2022-07-30 11:29:23.43+09
1658	84	27479	omnis	2022-03-25 12:59:21.287+09
1659	85	22051	repellendus	2022-11-16 21:25:44.847+09
1660	85	22051	doloremque	2022-06-02 11:27:59.927+09
1661	85	22051	suscipit	2022-10-22 03:05:06.196+09
1662	85	22051	rerum	2022-12-10 06:48:41.595+09
1663	85	22051	repellendus	2023-01-26 04:07:36.382+09
1664	85	22051	fugiat	2022-09-30 13:54:59.896+09
1665	85	22051	optio	2022-06-20 22:13:04.636+09
1666	85	94862	voluptatem	2022-03-30 20:28:25.693+09
1667	85	94862	tempora	2022-08-16 09:59:21.078+09
1668	85	94862	officiis	2022-08-26 10:53:06.023+09
1669	85	94862	consectetur	2022-09-24 21:59:31.714+09
1670	85	94862	nostrum	2022-12-28 17:20:26.634+09
1671	85	94862	a	2022-11-30 08:49:01.555+09
1672	85	16009	ab	2023-01-26 18:21:05.184+09
1673	85	16009	dolore	2022-08-08 16:52:53.383+09
1674	85	16009	dolores	2022-02-25 18:38:15.55+09
1675	85	16009	corrupti	2022-08-28 18:28:52.883+09
1676	85	16009	in	2022-08-11 14:27:50.43+09
1677	85	91853	ratione	2023-01-20 10:35:35.709+09
1678	85	91853	fugiat	2022-06-08 23:27:04.415+09
1679	85	91853	quidem	2022-11-04 00:30:17.215+09
1680	85	36846	deserunt	2022-11-24 06:02:27.647+09
1681	85	36846	adipisci	2022-07-28 01:35:02.333+09
1682	85	36846	facere	2022-07-30 01:43:21.897+09
1683	85	36846	laudantium	2022-05-05 15:25:22.146+09
1684	85	88905	pariatur	2022-10-28 01:12:04.052+09
1685	85	88905	incidunt	2022-02-26 15:23:55.343+09
1686	85	88905	voluptas	2022-09-26 13:44:33.593+09
1687	85	88905	veritatis	2022-03-27 20:24:38.655+09
1688	85	19788	sint	2022-10-13 18:55:09.542+09
1689	85	19788	eos	2022-04-17 11:37:09.222+09
1690	85	19788	inventore	2022-12-05 05:14:21.507+09
1691	86	35188	numquam	2022-09-15 10:10:40.397+09
1692	86	35188	atque	2022-08-08 04:58:12.711+09
1693	86	35188	quis	2022-10-05 13:43:58.668+09
1694	86	43387	sint	2022-04-02 06:52:14.619+09
1695	86	43387	iste	2022-08-30 00:08:21.21+09
1696	86	43387	exercitationem	2022-04-08 02:16:21.38+09
1697	86	43387	expedita	2022-05-17 15:00:43.153+09
1698	86	43387	quis	2022-10-08 00:09:56.822+09
1699	86	43387	beatae	2022-05-20 08:55:16.2+09
1700	86	22114	dolore	2023-01-01 03:59:12.165+09
1701	86	22114	tempore	2022-09-21 06:27:37.699+09
1702	86	22114	iusto	2022-10-19 00:39:11.187+09
1703	86	99383	fuga	2022-02-25 22:44:05.971+09
1704	86	99383	tempora	2022-06-28 22:27:23.181+09
1705	87	91853	minus	2023-01-02 13:07:27.436+09
1706	87	91853	dolore	2022-12-21 00:57:23.143+09
1707	87	91853	sapiente	2022-08-23 15:48:32.607+09
1708	87	91853	labore	2022-12-16 22:51:04.637+09
1709	87	91853	similique	2022-07-28 13:17:18.743+09
1710	87	91853	est	2022-12-20 03:39:07.934+09
1711	87	37212	porro	2022-07-22 12:02:11.53+09
1712	87	37212	doloribus	2022-11-19 10:49:14.636+09
1713	87	37212	nesciunt	2022-02-20 10:36:54.628+09
1714	87	37212	nam	2022-10-25 02:20:02.052+09
1715	87	37212	vero	2022-05-20 05:19:40.636+09
1716	87	99253	praesentium	2022-04-04 10:59:11.914+09
1717	87	99253	illo	2022-09-14 21:20:33.154+09
1718	87	99253	inventore	2022-06-09 18:55:12.99+09
1719	87	64707	nihil	2022-04-27 02:54:18.655+09
1720	87	64707	quisquam	2022-06-25 14:25:05.985+09
1721	87	64707	alias	2022-06-17 11:01:24.033+09
1722	87	64707	tempora	2022-05-05 21:42:07.131+09
1723	88	55181	amet	2022-05-25 10:32:18.396+09
1724	88	55181	ad	2022-11-22 16:33:45.109+09
1725	88	55181	inventore	2022-03-17 23:06:37.541+09
1726	88	55181	iure	2022-12-01 22:01:24.635+09
1727	88	55181	sunt	2022-08-14 18:26:41.487+09
1728	88	55181	cupiditate	2022-11-03 08:21:06.652+09
1729	88	24760	praesentium	2023-02-09 23:35:35.802+09
1730	88	24760	ratione	2022-03-25 04:49:23.55+09
1731	88	39076	perspiciatis	2022-03-05 19:22:42.404+09
1732	88	39076	perferendis	2022-04-06 11:21:43.566+09
1733	88	79037	perferendis	2022-08-21 17:42:18.775+09
1734	88	79037	ad	2022-03-14 14:23:47.627+09
1735	88	79037	maxime	2023-01-23 05:28:22.75+09
1736	88	42704	praesentium	2022-09-02 23:12:01.86+09
1737	88	42704	praesentium	2022-07-13 17:47:21.753+09
1738	88	42704	omnis	2022-03-26 00:43:34.105+09
1739	88	42704	illo	2022-04-06 22:02:33.012+09
1740	88	43248	earum	2022-09-07 22:54:48.35+09
1741	88	43248	quas	2022-08-04 07:53:17.885+09
1742	88	43248	autem	2022-11-24 03:08:50.217+09
1743	88	43248	qui	2022-06-27 15:36:21.153+09
1744	88	43248	consequuntur	2022-03-23 07:07:41.693+09
1745	88	44825	iure	2023-02-10 19:15:26.347+09
1746	88	44825	atque	2022-10-20 22:34:47.267+09
1747	88	44825	repellat	2023-01-29 23:07:02.615+09
1748	88	44825	consequuntur	2022-02-26 03:43:07.874+09
1749	88	44825	necessitatibus	2022-02-12 16:49:48.084+09
1750	88	44825	reprehenderit	2023-02-07 23:00:21.135+09
1751	88	44825	consectetur	2022-12-18 20:48:22.823+09
1752	88	65760	cum	2022-08-20 22:56:37.27+09
1753	88	65760	quia	2022-04-26 21:46:55.58+09
1754	88	65760	repellendus	2022-06-24 00:37:47.446+09
1755	88	83745	nihil	2022-05-02 02:36:50.6+09
1756	88	83745	quo	2022-04-30 16:32:25.269+09
1757	88	83745	exercitationem	2022-12-17 20:11:45.529+09
1758	88	83745	tempore	2022-06-01 23:57:43.748+09
1759	88	83745	veritatis	2023-01-26 02:54:22.624+09
1760	88	83745	vitae	2022-03-11 15:28:13.281+09
1761	88	83745	hic	2022-05-08 17:00:17.046+09
1762	88	50900	cum	2022-10-06 19:48:34.259+09
1763	88	50900	similique	2022-04-05 00:36:38.814+09
1764	88	50900	alias	2022-12-26 13:17:25.666+09
1765	88	50900	expedita	2022-11-19 16:12:19.268+09
1766	88	50900	fugit	2022-09-09 19:18:36.507+09
1767	89	37212	adipisci	2022-08-30 02:18:38.372+09
1768	89	22253	eum	2022-05-03 01:50:34.992+09
1769	89	22253	consequuntur	2022-04-26 03:01:46.72+09
1770	90	89439	perspiciatis	2022-04-15 07:30:01.845+09
1771	90	89439	inventore	2022-11-16 22:16:57.901+09
1772	90	89439	tenetur	2022-06-07 13:59:47.378+09
1773	90	44082	fugiat	2022-05-10 15:32:06.667+09
1774	90	44082	quasi	2022-11-12 13:28:48.594+09
1775	90	44082	quo	2022-12-20 00:48:30.867+09
1776	90	44082	ab	2022-10-17 02:07:38.682+09
1777	90	99615	minus	2022-10-17 20:21:55.817+09
1778	90	99615	quisquam	2022-10-16 03:06:40.066+09
1779	90	99615	recusandae	2022-06-28 00:31:50.611+09
1780	90	28232	animi	2023-02-11 11:39:34.706+09
1781	90	51165	explicabo	2022-06-12 01:45:02.137+09
1782	90	51165	distinctio	2022-03-25 12:56:05.182+09
1783	90	51165	ad	2022-05-10 13:43:51.655+09
1784	90	51165	labore	2022-03-09 12:30:45.245+09
1785	90	51165	recusandae	2022-10-16 04:27:21.764+09
1786	90	39076	earum	2022-11-27 15:23:12.069+09
1787	90	39076	ad	2023-02-03 05:15:50.7+09
1788	90	39076	eveniet	2022-02-27 08:53:41.326+09
1789	90	39076	et	2022-02-23 15:10:15.637+09
1790	90	36532	dolorum	2022-03-15 23:02:36.244+09
1791	90	36532	qui	2023-01-10 02:21:37.684+09
1792	90	36532	ullam	2022-04-20 10:11:16.177+09
1793	90	36532	itaque	2022-09-08 19:56:46.633+09
1794	90	36532	ab	2023-02-10 08:44:32.037+09
1795	91	27479	facilis	2022-09-15 12:47:47.148+09
1796	91	27479	adipisci	2022-06-07 07:08:46.281+09
1797	91	28232	assumenda	2022-09-27 20:24:00.672+09
1798	91	28232	necessitatibus	2022-09-16 11:15:21.667+09
1799	91	28232	atque	2022-05-05 08:55:47.273+09
1800	91	28232	dolorum	2023-01-12 08:55:07.937+09
1801	91	28232	beatae	2022-11-30 18:08:29.235+09
1802	91	97112	labore	2022-06-22 06:16:13.877+09
1803	91	97112	quaerat	2023-01-09 09:25:36.445+09
1804	91	97112	eos	2022-04-20 04:05:11.3+09
1805	91	83745	deleniti	2022-07-27 11:39:12.025+09
1806	91	83745	pariatur	2022-03-18 05:50:38.96+09
1807	91	83745	tenetur	2022-02-16 13:15:31.151+09
1808	91	80241	nisi	2023-01-04 11:55:17.102+09
1809	91	80241	similique	2022-05-13 15:36:45.954+09
1810	91	80241	ad	2022-11-16 03:37:23.112+09
1811	91	80241	quia	2023-02-08 04:27:15.471+09
1812	91	80241	esse	2022-03-16 08:55:06.779+09
1813	92	57346	nisi	2022-03-03 04:31:45.469+09
1814	92	57346	dolorum	2022-03-17 06:33:32.141+09
1815	92	57346	ab	2022-07-02 20:01:43.126+09
1816	92	57346	non	2022-09-11 00:32:50.427+09
1817	92	57346	neque	2022-04-07 03:56:03.567+09
1818	92	57346	natus	2022-11-06 15:55:01.214+09
1819	92	19151	dolores	2023-01-19 21:48:31.061+09
1820	92	19151	praesentium	2023-01-03 05:29:42.257+09
1821	92	19151	quasi	2022-10-28 06:29:38.336+09
1822	92	19151	ullam	2022-07-22 09:17:58.89+09
1823	92	19151	laudantium	2022-12-09 09:55:27.145+09
1824	92	19151	ratione	2022-10-15 01:57:10.594+09
1825	93	45271	doloribus	2022-08-30 18:54:58.496+09
1826	93	45271	eligendi	2022-09-07 03:27:56.967+09
1827	93	45271	maxime	2022-11-19 02:45:22.338+09
1828	93	55181	labore	2022-04-10 22:41:04.113+09
1829	93	55181	dolorem	2022-05-03 07:27:27.937+09
1830	93	55181	veniam	2022-07-15 14:58:50.162+09
1831	94	57159	similique	2023-01-25 17:50:11.316+09
1832	94	57159	ratione	2022-07-29 16:17:50.739+09
1833	94	57159	amet	2022-10-18 22:36:23.433+09
1834	94	57159	a	2022-12-31 20:14:58.522+09
1835	94	57159	iste	2022-11-25 20:16:02.447+09
1836	94	57159	earum	2022-05-26 03:04:57.987+09
1837	94	43688	ratione	2022-11-11 09:42:53.702+09
1838	94	43688	doloribus	2022-04-16 01:37:58.864+09
1839	94	43688	ipsa	2022-12-11 01:32:33.579+09
1840	95	99141	at	2022-07-02 23:10:24.489+09
1841	95	99141	nostrum	2022-09-06 01:11:28.456+09
1842	95	99141	excepturi	2022-10-20 10:57:18.09+09
1843	95	99141	harum	2023-02-10 07:35:11.244+09
1844	95	99141	vitae	2022-08-18 04:01:16.52+09
1845	95	57816	tempora	2022-05-19 13:48:54.619+09
1846	95	57816	eligendi	2022-07-05 15:44:03.164+09
1847	95	57816	odit	2022-11-24 06:04:00.905+09
1848	95	25486	commodi	2022-09-30 14:00:13.826+09
1849	95	25486	nihil	2022-09-17 00:43:09.335+09
1850	95	25486	doloribus	2022-12-10 21:37:18.354+09
1851	95	71404	laborum	2022-12-28 07:37:50.905+09
1852	95	71404	veniam	2022-09-13 10:01:38.841+09
1853	95	71404	temporibus	2022-10-29 02:44:01.946+09
1854	95	71404	at	2022-11-05 22:03:39.088+09
1855	95	71404	assumenda	2022-09-08 01:47:40.278+09
1856	95	25402	cumque	2022-12-01 06:18:29.605+09
1857	95	25402	explicabo	2022-06-19 22:21:43.732+09
1858	95	25402	cupiditate	2023-02-08 00:30:49.759+09
1859	95	25402	recusandae	2022-11-26 18:12:52.966+09
1860	95	73910	voluptas	2022-06-21 12:51:08.291+09
1861	95	73910	ut	2022-06-04 04:41:42.076+09
1862	95	73910	deserunt	2022-11-13 07:44:35.683+09
1863	95	22051	consequuntur	2023-01-30 08:49:05.677+09
1864	95	22051	exercitationem	2022-11-06 00:24:11.086+09
1865	95	22051	voluptates	2022-09-15 15:04:56.219+09
1866	95	24760	quae	2022-06-17 07:55:38.017+09
1867	95	24760	in	2022-04-22 04:11:24.558+09
1868	95	24760	ipsum	2022-09-08 06:58:00.118+09
1869	95	24760	ipsam	2023-01-09 23:48:11.085+09
1870	95	24760	libero	2022-08-17 01:10:32.309+09
1871	95	24760	deserunt	2022-04-09 07:47:35.407+09
1872	95	95854	molestias	2022-05-09 08:13:21.69+09
1873	96	19151	labore	2023-02-08 16:23:38.337+09
1874	96	19151	debitis	2022-05-28 10:18:56.376+09
1875	96	19151	voluptate	2022-10-17 19:01:23.812+09
1876	96	19151	voluptatem	2023-02-01 00:29:32.702+09
1877	96	46504	eveniet	2022-04-18 04:23:51.987+09
1878	96	46504	nesciunt	2022-05-25 21:53:18.716+09
1879	96	46504	quidem	2023-02-06 16:08:40.249+09
1880	96	46504	animi	2022-09-09 02:24:17.3+09
1881	96	46504	mollitia	2022-11-30 02:16:54.148+09
1882	96	46504	praesentium	2022-12-06 15:28:57.606+09
1883	96	18478	cum	2022-05-18 17:31:51.676+09
1884	96	18478	beatae	2022-06-07 01:41:19.439+09
1885	96	18478	facilis	2022-12-18 17:20:43.247+09
1886	96	18478	reprehenderit	2022-12-11 04:31:45.139+09
1887	96	18478	nostrum	2022-10-10 14:16:03.5+09
1888	96	36472	dolor	2022-08-13 15:57:26.892+09
1889	96	36472	possimus	2023-01-23 00:48:17.086+09
1890	96	36472	iure	2022-10-10 08:09:04.157+09
1891	96	66417	architecto	2022-06-02 05:52:31.68+09
1892	96	66417	animi	2022-11-04 02:00:51.883+09
1893	97	66913	asperiores	2022-04-03 03:51:21.256+09
1894	97	66913	unde	2022-08-28 16:10:09.226+09
1895	97	66913	atque	2022-07-19 02:02:51.123+09
1896	97	66913	iste	2022-02-26 23:13:53.309+09
1897	97	66913	in	2022-06-08 14:39:50.506+09
1898	97	47281	ducimus	2022-07-01 21:09:19.209+09
1899	97	47281	temporibus	2023-01-14 19:13:56.172+09
1900	97	47281	sapiente	2022-07-11 16:48:04.181+09
1901	97	47281	tempore	2022-10-21 20:48:02.136+09
1902	97	64090	asperiores	2022-03-01 12:12:52.812+09
1903	97	46898	voluptate	2022-05-09 00:28:50.822+09
1904	97	19788	aliquam	2022-09-15 02:12:52.664+09
1905	97	19788	officiis	2022-05-20 16:11:25.346+09
1906	97	19788	consectetur	2023-02-02 10:56:17.608+09
1907	98	71077	minima	2022-09-13 12:20:35.078+09
1908	98	71077	minima	2022-05-22 00:54:51.402+09
1909	98	16375	inventore	2022-09-06 18:34:45.087+09
1910	98	19278	dolorem	2023-02-05 22:47:49.26+09
1911	98	19278	inventore	2022-06-10 00:33:51.427+09
1912	98	19278	reprehenderit	2022-11-18 18:41:03.526+09
1913	98	19278	libero	2022-08-28 18:41:23.916+09
1914	98	19278	provident	2022-04-03 20:49:12.376+09
1915	98	84318	voluptatibus	2022-10-26 22:24:36.6+09
1916	99	99141	id	2022-12-27 06:30:26.881+09
1917	99	99141	laudantium	2022-04-03 14:24:32.188+09
1918	99	99141	ullam	2022-10-31 18:14:23.975+09
1919	99	99141	suscipit	2022-04-27 13:14:38.504+09
1920	99	99141	magnam	2022-10-02 11:28:17.313+09
1921	99	44082	commodi	2022-09-20 14:29:05.52+09
1922	99	44082	veniam	2022-03-25 18:19:35.147+09
1923	99	44082	fugit	2023-01-03 14:36:42.283+09
1924	99	56705	esse	2022-11-02 07:02:23.934+09
1925	99	56705	nihil	2022-05-08 20:47:59.214+09
1926	100	37212	dignissimos	2022-10-31 04:37:40.191+09
1927	100	37212	similique	2022-05-22 03:43:51.415+09
1928	100	37212	ducimus	2022-06-01 06:18:06.669+09
1929	100	37212	vero	2022-02-12 14:44:39.112+09
1930	100	15112	cupiditate	2022-06-24 07:36:21.865+09
1931	100	15112	aperiam	2022-07-17 12:54:17.072+09
1932	100	36862	iusto	2022-07-04 00:56:31.579+09
1933	100	36862	explicabo	2023-01-17 05:29:36.98+09
1934	100	34794	eligendi	2022-09-13 11:03:47.101+09
1935	100	34794	repellendus	2022-06-03 23:39:50.187+09
1936	100	34794	quas	2023-01-14 21:49:08.673+09
1937	100	29751	libero	2022-07-09 13:42:16.852+09
1938	100	29751	ullam	2022-08-13 03:58:45.781+09
1939	100	29751	optio	2022-10-30 01:00:21.341+09
1940	100	29751	eos	2022-12-17 04:05:27.48+09
1941	100	29751	officiis	2022-05-24 06:00:39.801+09
1942	100	29751	quae	2022-04-23 12:24:14.507+09
1943	100	29751	laborum	2022-10-29 10:15:57.554+09
\.


--
-- Data for Name: users; Type: TABLE DATA; Schema: public; Owner: test_user
--

COPY public.users (user_id, nickname, profile_image, auth_email, ladder, win_count, loss_count) FROM stdin;
47281	Alivia	/asset/47281/profile.png	Glennie_Fritsch23@hotmail.com	40	122	116
58746	Christopher	/asset/58746/profile.png	Dana.Zemlak@yahoo.com	91	127	113
69273	Arne	/asset/69273/profile.png	Myron_Dooley@gmail.com	93	117	109
39076	Aniyah	/asset/39076/profile.png	Seamus.Yost87@hotmail.com	83	108	110
20129	Alycia	/asset/20129/profile.png	Myles_Lindgren79@yahoo.com	48	101	99
78572	Kaci	/asset/78572/profile.png	Araceli31@hotmail.com	33	104	108
59895	Jamie	/asset/59895/profile.png	Laurie.Huel@hotmail.com	67	104	85
66282	Selmer	/asset/66282/profile.png	Kiera.Grimes42@yahoo.com	33	113	84
70986	Conner	/asset/70986/profile.png	Cristopher57@yahoo.com	7	80	91
36862	Thea	/asset/36862/profile.png	Marjory.Considine89@gmail.com	87	81	77
99383	Paula	/asset/99383/profile.png	Gail.Wisozk@gmail.com	52	71	75
52863	Stewart	/asset/52863/profile.png	Adrian.Jacobi11@hotmail.com	65	79	90
35137	Rossie	/asset/35137/profile.png	Jocelyn72@gmail.com	62	67	76
49892	Fay	/asset/49892/profile.png	Jameson.Abshire@gmail.com	61	70	63
57616	Harold	/asset/57616/profile.png	Magali.Roob97@yahoo.com	15	58	71
97738	Kellen	/asset/97738/profile.png	Lyla_Watsica32@hotmail.com	10	55	63
24711	Esta	/asset/24711/profile.png	Trycia.Murphy41@hotmail.com	2	64	65
15112	Buck	/asset/15112/profile.png	Landen.Nienow@yahoo.com	78	47	70
96126	Merlin	/asset/96126/profile.png	Emely73@hotmail.com	67	50	62
93568	Samson	/asset/93568/profile.png	Jayme21@gmail.com	36	46	60
46152	Abe	/asset/46152/profile.png	Frederic23@hotmail.com	48	47	38
33143	Ashly	/asset/33143/profile.png	Donald41@gmail.com	97	45	33
72163	Patrick	/asset/72163/profile.png	Noble_Kihn58@gmail.com	13	42	45
24760	Richmond	/asset/24760/profile.png	Zena32@gmail.com	4	40	40
88905	Maxie	/asset/88905/profile.png	Dayne86@hotmail.com	63	32	29
23300	Boyd	/asset/23300/profile.png	Asha.Gutkowski51@yahoo.com	13	31	22
15469	Carmella	/asset/15469/profile.png	Cornell_Kovacek29@yahoo.com	56	19	30
79037	Dayana	/asset/79037/profile.png	Alanis.Klocko71@yahoo.com	46	24	23
20929	Florencio	/asset/20929/profile.png	Ramiro_Price@gmail.com	34	5	13
51584	Lavada	/asset/51584/profile.png	Brielle_Sanford@gmail.com	81	13	13
50900	Alexandro	/asset/50900/profile.png	Orion_Wehner81@hotmail.com	28	8	5
31797	Arden	/asset/31797/profile.png	Demetrius_Mayer@hotmail.com	71	3	1
47322	Dena	/asset/47322/profile.png	Emmitt.Turner22@gmail.com	91	13	13
25402	Sam	/asset/25402/profile.png	Cordia4@hotmail.com	21	0	1
49870	Karson	/asset/49870/profile.png	Amos74@hotmail.com	53	9	10
93878	Scarlett	/asset/93878/profile.png	Leila_OKeefe52@gmail.com	95	13	6
43601	Kavon	/asset/43601/profile.png	Kole_Tromp@gmail.com	39	13	12
87618	Zola	/asset/87618/profile.png	Herminio_Mayer16@hotmail.com	49	11	12
60894	Emmett	/asset/60894/profile.png	Ruthie_Smith@yahoo.com	41	9	8
62343	Winfield	/asset/62343/profile.png	Melyna56@gmail.com	24	0	1
12566	Dino	/asset/12566/profile.png	Stevie_Brown@hotmail.com	47	2	1
12399	Myriam	/asset/12399/profile.png	Micheal.Nader@gmail.com	34	4	2
30635	Lane	/asset/30635/profile.png	Ezequiel40@hotmail.com	0	1	2
30610	Ewald	/asset/30610/profile.png	Marie.Sporer80@hotmail.com	70	4	6
76063	Barrett	/asset/76063/profile.png	Novella.Schimmel@hotmail.com	86	1	1
43387	Wyatt	/asset/43387/profile.png	Jamal_Jacobson@yahoo.com	72	8	9
55428	Jordane	/asset/55428/profile.png	Lonzo_Kiehn@yahoo.com	25	2	1
18848	Reymundo	/asset/18848/profile.png	Greta6@hotmail.com	68	1	5
27995	Tyler	/asset/27995/profile.png	Charlene.Kertzmann30@yahoo.com	9	3	2
79192	Olen	/asset/79192/profile.png	Enos_Treutel@hotmail.com	71	0	2
93189	Octavia	/asset/93189/profile.png	Amaya13@yahoo.com	54	0	3
54843	Jazlyn	/asset/54843/profile.png	Annabelle.Spencer87@yahoo.com	48	13	4
66427	Rosalyn	/asset/66427/profile.png	Mattie44@hotmail.com	70	4	4
38267	Lelah	/asset/38267/profile.png	Aurelie51@yahoo.com	60	6	5
76684	Lamont	/asset/76684/profile.png	Zoe.Keebler@hotmail.com	88	18	10
45771	Loyal	/asset/45771/profile.png	Marques47@hotmail.com	62	2	4
64707	Joey	/asset/64707/profile.png	Josephine_Raynor@hotmail.com	10	10	10
85717	Asia	/asset/85717/profile.png	Zetta47@hotmail.com	26	0	1
48817	Cora	/asset/48817/profile.png	Laila_Rath98@hotmail.com	16	6	6
89779	Jan	/asset/89779/profile.png	Emanuel11@hotmail.com	56	1	7
93453	Elian	/asset/93453/profile.png	Jordyn.Mayert@hotmail.com	93	9	11
25486	Aaron	/asset/25486/profile.png	Mavis_Hickle90@gmail.com	60	5	18
47860	Maude	/asset/47860/profile.png	Lorenza16@hotmail.com	96	13	12
86185	Jerrold	/asset/86185/profile.png	Bailey.Schumm@hotmail.com	85	0	0
19350	Sigrid	/asset/19350/profile.png	Ryann.Block@yahoo.com	93	10	11
87447	Marian	/asset/87447/profile.png	Isaias19@gmail.com	89	6	15
63858	Tate	/asset/63858/profile.png	Adelle.Monahan66@gmail.com	15	13	7
78364	Emory	/asset/78364/profile.png	Kenya.Lakin3@gmail.com	52	1	3
73910	Alison	/asset/73910/profile.png	Delta63@gmail.com	56	0	0
94862	Abigail	/asset/94862/profile.png	Dolores.Bednar@hotmail.com	61	1	2
88543	Samanta	/asset/88543/profile.png	Tavares66@yahoo.com	85	2	0
76277	Kirk	/asset/76277/profile.png	Emil24@gmail.com	95	6	4
99253	Cory	/asset/99253/profile.png	Melissa.Glover@yahoo.com	65	8	4
41407	Emilia	/asset/41407/profile.png	Webster_Murazik@hotmail.com	34	8	10
10848	Helmer	/asset/10848/profile.png	Bonita_Kling@yahoo.com	98	11	9
36472	Humberto	/asset/36472/profile.png	Merritt.Smitham@hotmail.com	43	9	13
19788	Gust	/asset/19788/profile.png	Edwina_OReilly25@hotmail.com	42	7	4
87080	Emmanuel	/asset/87080/profile.png	Marley97@gmail.com	97	2	2
95867	Assunta	/asset/95867/profile.png	Ivy2@yahoo.com	42	10	7
95866	Bertha	/asset/95866/profile.png	Ray_Dietrich@gmail.com	57	0	1
72419	Moises	/asset/72419/profile.png	Ryann_Champlin@hotmail.com	97	2	4
81091	Gideon	/asset/81091/profile.png	Alisha_Bauch@hotmail.com	16	7	7
94673	Emerald	/asset/94673/profile.png	Angelo_Heathcote@hotmail.com	22	4	3
29556	Russ	/asset/29556/profile.png	Louie_Carroll@hotmail.com	14	5	9
56420	Hailie	/asset/56420/profile.png	Clifton_Rau@yahoo.com	54	0	1
42069	Cyril	/asset/42069/profile.png	Vladimir_Reynolds@yahoo.com	23	13	9
19278	Afton	/asset/19278/profile.png	Amani73@hotmail.com	27	4	4
57406	Vergie	/asset/57406/profile.png	Owen22@yahoo.com	62	4	3
66382	Frederick	/asset/66382/profile.png	Eduardo.Emard@gmail.com	13	0	0
47284	Jessica	/asset/47284/profile.png	Alyson.Olson@gmail.com	1	4	6
13505	Nathanael	/asset/13505/profile.png	Adele84@yahoo.com	40	6	8
74885	Sherman	/asset/74885/profile.png	Vladimir40@hotmail.com	50	15	9
84041	Luz	/asset/84041/profile.png	Shanel_Erdman@yahoo.com	80	4	3
83115	Raphael	/asset/83115/profile.png	Bonnie_Crist20@gmail.com	90	8	4
22114	Ron	/asset/22114/profile.png	Gustave3@gmail.com	80	6	6
58385	Luciano	/asset/58385/profile.png	Carli.Trantow@gmail.com	18	2	8
60192	Elinore	/asset/60192/profile.png	Gregorio.Jacobson@gmail.com	43	9	7
82159	Estevan	/asset/82159/profile.png	Oda.Dickinson@hotmail.com	49	10	4
61032	Tracey	/asset/61032/profile.png	Ernest5@yahoo.com	55	4	5
49644	Shania	/asset/49644/profile.png	Kyleigh_Kilback19@hotmail.com	47	0	0
22582	Nickolas	/asset/22582/profile.png	Giovani.Langworth52@yahoo.com	37	1	1
48379	Salma	/asset/48379/profile.png	Lavern.Kling39@gmail.com	46	10	8
36532	Sheila	/asset/36532/profile.png	Wava83@hotmail.com	67	4	4
84529	Jayme	/asset/84529/profile.png	Libby.DuBuque24@yahoo.com	15	0	0
17310	Ciara	/asset/17310/profile.png	Tomas_Pfannerstill75@hotmail.com	34	8	3
62860	Lia	/asset/62860/profile.png	Bertrand_Quitzon@gmail.com	72	11	12
95854	Sydnie	/asset/95854/profile.png	Desmond_Upton@hotmail.com	90	4	12
78018	Casper	/asset/78018/profile.png	Estefania.Cartwright59@hotmail.com	51	13	9
98462	Jordan	/asset/98462/profile.png	Kyla.Schuster12@yahoo.com	21	3	5
46284	Velva	/asset/46284/profile.png	Nicolette34@gmail.com	59	14	8
38727	Ruth	/asset/38727/profile.png	Myah_Murphy60@hotmail.com	7	12	12
20997	Markus	/asset/20997/profile.png	Mortimer.Wuckert27@yahoo.com	82	3	7
38809	Florine	/asset/38809/profile.png	Shaina.Jerde50@gmail.com	12	6	9
73997	Rey	/asset/73997/profile.png	Stanford.Rempel49@yahoo.com	18	2	3
79029	Brendon	/asset/79029/profile.png	Lesly_Veum24@hotmail.com	15	12	11
84318	Christine	/asset/84318/profile.png	Connie46@gmail.com	57	6	6
92685	Joseph	/asset/92685/profile.png	Carroll.Connelly@gmail.com	20	4	5
12628	Eladio	/asset/12628/profile.png	Noemie78@hotmail.com	98	10	11
46614	Gonzalo	/asset/46614/profile.png	Dayna92@hotmail.com	86	11	16
61043	Greta	/asset/61043/profile.png	Stevie.Armstrong35@yahoo.com	62	1	1
11219	Salvatore	/asset/11219/profile.png	Vernice_Kling@yahoo.com	79	9	18
52608	Leopoldo	/asset/52608/profile.png	Cristina.Schultz@gmail.com	30	9	11
45423	Wilma	/asset/45423/profile.png	Blair_Kulas@gmail.com	29	8	7
44082	Emie	/asset/44082/profile.png	Jedidiah.Greenholt@gmail.com	35	6	5
83410	Deonte	/asset/83410/profile.png	Maurice.Dietrich@yahoo.com	6	0	0
29751	Tabitha	/asset/29751/profile.png	Micaela_Gerhold@gmail.com	20	11	7
71151	Eugene	/asset/71151/profile.png	Shyann_Barton@hotmail.com	67	0	1
50897	Armand	/asset/50897/profile.png	Pierce.Blick68@yahoo.com	26	5	0
40318	Dewayne	/asset/40318/profile.png	Aubree3@yahoo.com	83	12	12
69733	Chaim	/asset/69733/profile.png	Donato.Renner23@gmail.com	20	5	3
77796	Vidal	/asset/77796/profile.png	Gino8@gmail.com	3	14	12
50385	Maxime	/asset/50385/profile.png	Lavon_Parisian77@yahoo.com	91	2	5
16009	Ophelia	/asset/16009/profile.png	Diana.Borer35@yahoo.com	82	11	11
26464	Ebba	/asset/26464/profile.png	Retha68@yahoo.com	8	8	7
46898	Misty	/asset/46898/profile.png	Bill_Olson@hotmail.com	41	9	12
87363	Amiya	/asset/87363/profile.png	Dwight_Bauch@gmail.com	49	4	6
28232	Diamond	/asset/28232/profile.png	Pablo_DuBuque82@gmail.com	34	2	4
90713	Zetta	/asset/90713/profile.png	Verner.Bartell@gmail.com	94	4	0
90684	Nina	/asset/90684/profile.png	Wava.Dicki@yahoo.com	1	0	1
82633	Edmond	/asset/82633/profile.png	Jaclyn_Rolfson@yahoo.com	98	11	15
15402	Gussie	/asset/15402/profile.png	Skyla_Graham67@yahoo.com	30	0	0
10810	Jimmy	/asset/10810/profile.png	Luz54@hotmail.com	7	11	11
62778	Virginia	/asset/62778/profile.png	Aimee23@gmail.com	86	1	3
39675	Kevin	/asset/39675/profile.png	Rico_Stokes@yahoo.com	57	12	7
69196	Major	/asset/69196/profile.png	Natasha72@yahoo.com	86	16	7
70965	Gregory	/asset/70965/profile.png	Dalton_Conn45@hotmail.com	58	3	4
80786	Kristofer	/asset/80786/profile.png	Ana.Dare@yahoo.com	94	5	5
72264	Lexi	/asset/72264/profile.png	Janiya41@gmail.com	48	1	3
16880	Lela	/asset/16880/profile.png	Kayley25@gmail.com	30	8	6
81003	Ralph	/asset/81003/profile.png	Alfonzo_Kulas@yahoo.com	94	4	3
56243	Jamarcus	/asset/56243/profile.png	Linwood29@hotmail.com	31	5	4
75171	Berta	/asset/75171/profile.png	Dominique_Cruickshank60@gmail.com	58	8	8
80241	Joana	/asset/80241/profile.png	Richmond.Corkery53@hotmail.com	28	0	0
96038	Karl	/asset/96038/profile.png	Rosalinda.Jenkins84@hotmail.com	4	0	0
72132	Gabe	/asset/72132/profile.png	Zoie.Kunze@yahoo.com	53	2	1
27438	Yoshiko	/asset/27438/profile.png	Felipe_Effertz@yahoo.com	8	4	3
91364	Ross	/asset/91364/profile.png	Dave.Jenkins80@yahoo.com	9	8	10
89928	Tanner	/asset/89928/profile.png	Eugene.Witting@hotmail.com	70	4	1
75605	Vance	/asset/75605/profile.png	Alta46@gmail.com	89	9	14
32750	Aliza	/asset/32750/profile.png	Waldo_Hayes43@hotmail.com	25	8	12
37485	Damian	/asset/37485/profile.png	Hazle97@gmail.com	20	5	8
25731	Esteban	/asset/25731/profile.png	Mazie85@gmail.com	4	3	1
51165	Reanna	/asset/51165/profile.png	Brent25@gmail.com	19	11	6
77322	Charley	/asset/77322/profile.png	Keshaun.Gleichner@yahoo.com	58	4	4
50537	Alba	/asset/50537/profile.png	Marcel70@gmail.com	61	2	4
23323	Kelsie	/asset/23323/profile.png	Nyasia_Feest@hotmail.com	64	5	2
51985	Marlin	/asset/51985/profile.png	Darlene.Murray70@hotmail.com	85	2	6
36846	Carlotta	/asset/36846/profile.png	Sammie_Haag19@yahoo.com	27	14	11
78258	Emile	/asset/78258/profile.png	Sharon.Emard@yahoo.com	17	5	8
70494	Rupert	/asset/70494/profile.png	Wilfred.Hickle@gmail.com	29	1	1
84577	Ladarius	/asset/84577/profile.png	Sofia.Hodkiewicz@gmail.com	72	6	7
82809	Eric	/asset/82809/profile.png	Leora_Corkery28@hotmail.com	54	9	10
11308	Rosemarie	/asset/11308/profile.png	Wayne.Wuckert45@yahoo.com	92	10	7
16375	Macy	/asset/16375/profile.png	Francisca.Williamson@hotmail.com	56	12	10
34794	Beverly	/asset/34794/profile.png	Erick.Schmeler21@gmail.com	3	1	0
95823	Ahmad	/asset/95823/profile.png	Brooklyn.Thompson38@gmail.com	23	11	8
65760	Elna	/asset/65760/profile.png	Marjorie.Cassin@yahoo.com	13	6	3
27344	Tomas	/asset/27344/profile.png	Percival.Turner@yahoo.com	93	7	5
82201	June	/asset/82201/profile.png	Sofia_Durgan@hotmail.com	58	10	9
18478	Mathias	/asset/18478/profile.png	Alessandro_Morissette@hotmail.com	72	12	8
73970	Alan	/asset/73970/profile.png	Trace_Crona@gmail.com	17	10	11
44825	Emmet	/asset/44825/profile.png	Michaela_Cummerata@hotmail.com	78	2	1
22329	Vida	/asset/22329/profile.png	Payton_Collier85@gmail.com	94	2	2
36861	Brant	/asset/36861/profile.png	Ward.Abbott9@gmail.com	58	0	0
99615	Una	/asset/99615/profile.png	Alycia9@yahoo.com	94	8	14
53360	Myrl	/asset/53360/profile.png	Crawford.Mante63@hotmail.com	26	3	0
53834	Kennedi	/asset/53834/profile.png	Jarod.Mosciski75@gmail.com	76	3	2
40504	Jackie	/asset/40504/profile.png	Humberto.Flatley56@hotmail.com	23	7	5
25700	Kayley	/asset/25700/profile.png	Stephanie29@gmail.com	0	2	4
59399	Sydney	/asset/59399/profile.png	Lou46@hotmail.com	60	0	1
51910	Pasquale	/asset/51910/profile.png	Dana.Huel@gmail.com	9	1	1
60813	Will	/asset/60813/profile.png	Oda_Schaefer15@yahoo.com	40	14	9
29047	Germaine	/asset/29047/profile.png	Dayana.Torphy@yahoo.com	85	1	0
44609	Nelle	/asset/44609/profile.png	Adriana84@gmail.com	14	0	4
83745	Cathryn	/asset/83745/profile.png	Neal22@yahoo.com	57	13	10
39431	Alexander	/asset/39431/profile.png	Maddison15@hotmail.com	65	0	2
23170	Lavonne	/asset/23170/profile.png	Kylie.Gottlieb31@gmail.com	40	0	1
45921	Presley	/asset/45921/profile.png	Era27@gmail.com	84	14	7
46646	Vicenta	/asset/46646/profile.png	Freida79@gmail.com	100	11	4
29034	Ena	/asset/29034/profile.png	Saige_Collier@gmail.com	51	6	5
87630	Delbert	/asset/87630/profile.png	Ray61@gmail.com	70	3	3
89439	Carmelo	/asset/89439/profile.png	Orpha.Wilkinson@yahoo.com	41	13	8
51146	Anika	/asset/51146/profile.png	Abdul_Boyle44@yahoo.com	18	7	4
88710	Martin	/asset/88710/profile.png	Britney24@yahoo.com	83	5	3
25834	Glennie	/asset/25834/profile.png	Fay51@gmail.com	54	6	4
64090	Carey	/asset/64090/profile.png	Bulah18@hotmail.com	15	3	4
57159	Marcos	/asset/57159/profile.png	Alba_Schowalter37@gmail.com	45	10	5
46006	Addie	/asset/46006/profile.png	Audrey.Collier65@gmail.com	70	7	11
95988	Zachary	/asset/95988/profile.png	Eloisa.Luettgen@yahoo.com	64	9	7
47726	Kareem	/asset/47726/profile.png	Gina_Romaguera@yahoo.com	88	4	8
61086	Nikolas	/asset/61086/profile.png	Keenan_Hand28@hotmail.com	5	8	6
41863	Thad	/asset/41863/profile.png	Keira.White@yahoo.com	96	10	6
88052	Warren	/asset/88052/profile.png	Kenton13@gmail.com	61	2	2
19024	River	/asset/19024/profile.png	Julius24@hotmail.com	13	12	6
32327	Justice	/asset/32327/profile.png	Regan.Lubowitz35@gmail.com	92	8	9
56705	Audra	/asset/56705/profile.png	Cordelia33@hotmail.com	38	9	11
30558	Forrest	/asset/30558/profile.png	Marquis71@gmail.com	85	11	8
27479	Telly	/asset/27479/profile.png	Samara_Heaney9@gmail.com	85	8	14
69390	Marcelo	/asset/69390/profile.png	Everett_Hirthe82@hotmail.com	14	12	11
91853	Jennifer	/asset/91853/profile.png	Myrtie39@yahoo.com	8	0	2
71077	Kacie	/asset/71077/profile.png	Chaya_Batz43@yahoo.com	80	0	3
51382	Ollie	/asset/51382/profile.png	Jarod.Howe@yahoo.com	94	0	0
52005	Nia	/asset/52005/profile.png	Wade.Konopelski@gmail.com	54	5	14
45271	Julianne	/asset/45271/profile.png	Telly_Leffler23@gmail.com	42	11	9
37035	Geraldine	/asset/37035/profile.png	Darien65@hotmail.com	74	3	5
70059	Kenneth	/asset/70059/profile.png	Damien_Dietrich@hotmail.com	69	3	3
57816	Janie	/asset/57816/profile.png	Willie_Collier86@gmail.com	54	2	3
40174	Idella	/asset/40174/profile.png	Fannie.Ratke@yahoo.com	58	0	0
62916	Zachery	/asset/62916/profile.png	Finn_Mayert15@gmail.com	58	14	11
52409	Fabiola	/asset/52409/profile.png	Jalyn_Carter16@yahoo.com	15	12	11
70761	Dante	/asset/70761/profile.png	Bryon.Lindgren@yahoo.com	57	3	1
52847	Mossie	/asset/52847/profile.png	Fredrick_Miller@yahoo.com	45	10	7
22051	Brody	/asset/22051/profile.png	Izaiah71@yahoo.com	43	14	11
35812	Walker	/asset/35812/profile.png	Earnestine30@gmail.com	3	0	1
99365	Jedediah	/asset/99365/profile.png	Brittany.Heaney@hotmail.com	92	1	0
84211	Ova	/asset/84211/profile.png	Price.Hessel@gmail.com	10	4	7
42650	Heather	/asset/42650/profile.png	Alessandro.Beer37@yahoo.com	76	7	9
43248	Annetta	/asset/43248/profile.png	Pete96@hotmail.com	49	5	6
74786	Donnell	/asset/74786/profile.png	Jonatan_Abbott@gmail.com	78	7	3
97112	Isabel	/asset/97112/profile.png	Gerard_Koss38@yahoo.com	66	5	5
69302	Alda	/asset/69302/profile.png	Geovanni_Labadie@gmail.com	26	0	0
82670	Courtney	/asset/82670/profile.png	Nick72@yahoo.com	64	2	8
59521	Trever	/asset/59521/profile.png	Elinore14@gmail.com	53	2	3
48054	Kyleigh	/asset/48054/profile.png	Hillard_Murray37@gmail.com	4	4	9
59322	Winston	/asset/59322/profile.png	Brown84@gmail.com	9	6	10
68042	Shyanne	/asset/68042/profile.png	Lonnie71@hotmail.com	56	0	1
29550	Dan	/asset/29550/profile.png	Nadia.Hane20@yahoo.com	57	4	4
39284	Scotty	/asset/39284/profile.png	Mervin.Kris44@hotmail.com	33	6	4
25977	Karlie	/asset/25977/profile.png	Nicholaus_Blick23@yahoo.com	63	7	3
17124	Beaulah	/asset/17124/profile.png	Deja.Considine84@hotmail.com	96	9	12
66127	Madie	/asset/66127/profile.png	Michael50@hotmail.com	47	10	8
42294	Audreanne	/asset/42294/profile.png	April_OConner@yahoo.com	27	1	6
31292	Willard	/asset/31292/profile.png	Gayle_Jast44@hotmail.com	86	7	4
35188	Hiram	/asset/35188/profile.png	Korbin47@hotmail.com	10	3	0
19784	Deshawn	/asset/19784/profile.png	Norval41@yahoo.com	42	2	3
12371	Alessia	/asset/12371/profile.png	Precious3@yahoo.com	89	2	1
67620	Holden	/asset/67620/profile.png	Wanda.Windler99@gmail.com	78	11	10
42704	Triston	/asset/42704/profile.png	Bernie.Heathcote6@hotmail.com	3	16	6
62481	Cindy	/asset/62481/profile.png	Constance10@gmail.com	86	9	11
21282	Hans	/asset/21282/profile.png	Colten_Schmeler73@gmail.com	15	1	1
53996	Beau	/asset/53996/profile.png	Liza.Reilly@yahoo.com	26	5	8
25160	Joany	/asset/25160/profile.png	Hiram_Kilback30@hotmail.com	100	2	0
77286	Opal	/asset/77286/profile.png	Malachi.Gibson@yahoo.com	82	9	14
73538	Stacy	/asset/73538/profile.png	Irving.Erdman@hotmail.com	54	7	4
71404	Eriberto	/asset/71404/profile.png	Lazaro.Trantow88@yahoo.com	47	4	6
66913	Antone	/asset/66913/profile.png	Cullen_Tremblay@hotmail.com	73	9	9
35488	Kenya	/asset/35488/profile.png	Jolie94@yahoo.com	31	14	11
35676	Domenick	/asset/35676/profile.png	Euna.Mills@yahoo.com	26	3	0
77808	Wellington	/asset/77808/profile.png	Dena76@hotmail.com	58	12	10
82863	Hillard	/asset/82863/profile.png	Jacquelyn41@hotmail.com	56	7	5
73132	Miller	/asset/73132/profile.png	Clement_Howe@yahoo.com	81	10	3
66541	Petra	/asset/66541/profile.png	Ivy_Ebert@yahoo.com	92	7	8
55574	Noe	/asset/55574/profile.png	Maude13@gmail.com	70	7	13
31255	Winona	/asset/31255/profile.png	Cortney9@hotmail.com	43	12	13
47896	Keven	/asset/47896/profile.png	Celestine.Nicolas@gmail.com	44	10	4
85343	Monte	/asset/85343/profile.png	Leta.Stracke78@hotmail.com	15	3	3
66417	Melissa	/asset/66417/profile.png	Imelda_Robel@hotmail.com	4	7	10
64534	Juanita	/asset/64534/profile.png	Rhiannon.Hamill56@gmail.com	66	2	6
42951	Ewell	/asset/42951/profile.png	Jana.Morar@gmail.com	97	0	1
91112	Kamryn	/asset/91112/profile.png	Maggie49@gmail.com	16	8	10
37212	Enos	/asset/37212/profile.png	Beatrice55@gmail.com	43	4	3
34849	Hope	/asset/34849/profile.png	Lamont_Tillman@gmail.com	30	8	9
15929	Khalid	/asset/15929/profile.png	Hannah.Flatley22@yahoo.com	64	4	3
24153	Bill	/asset/24153/profile.png	Elsie52@hotmail.com	66	10	4
23673	Monty	/asset/23673/profile.png	Eleonore.McCullough@yahoo.com	82	16	14
99141	Maegan	/asset/99141/profile.png	Kellie.Haag@yahoo.com	52	11	15
37077	Tyree	/asset/37077/profile.png	Wilfred33@gmail.com	25	7	9
50248	Jermey	/asset/50248/profile.png	Fatima_Aufderhar48@yahoo.com	29	3	3
22253	Amani	/asset/22253/profile.png	Kaden_Runolfsdottir99@gmail.com	47	7	5
28956	Mariano	/asset/28956/profile.png	Samara77@gmail.com	49	4	5
17967	Andre	/asset/17967/profile.png	Sincere_Torp@yahoo.com	10	6	12
19151	Berenice	/asset/19151/profile.png	Annalise.Yundt@gmail.com	5	1	2
55181	Marcelino	/asset/55181/profile.png	Vivien44@yahoo.com	13	2	7
43688	Raul	/asset/43688/profile.png	Candido_Wolf98@yahoo.com	29	2	12
88264	Emil	/asset/88264/profile.png	Kaia_Jaskolski@hotmail.com	65	0	0
74261	Tito	/asset/74261/profile.png	Austin_Ward@hotmail.com	59	5	12
38657	Florida	/asset/38657/profile.png	Danika58@yahoo.com	43	8	12
57346	Mac	/asset/57346/profile.png	Kyleigh19@yahoo.com	20	1	1
34438	Jayda	/asset/34438/profile.png	Pattie.Koch69@gmail.com	85	4	5
46504	Arlo	/asset/46504/profile.png	Ella_Brown26@gmail.com	29	6	5
\.


--
-- Name: achievements_achievement_id_seq; Type: SEQUENCE SET; Schema: public; Owner: test_user
--

SELECT pg_catalog.setval('public.achievements_achievement_id_seq', 5, true);


--
-- Name: channels_channel_id_seq; Type: SEQUENCE SET; Schema: public; Owner: test_user
--

SELECT pg_catalog.setval('public.channels_channel_id_seq', 100, true);


--
-- Name: match_history_match_id_seq; Type: SEQUENCE SET; Schema: public; Owner: test_user
--

SELECT pg_catalog.setval('public.match_history_match_id_seq', 4289, true);


--
-- Name: messages_message_id_seq; Type: SEQUENCE SET; Schema: public; Owner: test_user
--

SELECT pg_catalog.setval('public.messages_message_id_seq', 1943, true);


--
-- Name: users UQ_06288dfa12f07342f17cc767287; Type: CONSTRAINT; Schema: public; Owner: test_user
--

ALTER TABLE ONLY public.users
    ADD CONSTRAINT "UQ_06288dfa12f07342f17cc767287" UNIQUE (auth_email);


--
-- Name: users UQ_ad02a1be8707004cb805a4b5023; Type: CONSTRAINT; Schema: public; Owner: test_user
--

ALTER TABLE ONLY public.users
    ADD CONSTRAINT "UQ_ad02a1be8707004cb805a4b5023" UNIQUE (nickname);


--
-- Name: achievements achievements_pkey; Type: CONSTRAINT; Schema: public; Owner: test_user
--

ALTER TABLE ONLY public.achievements
    ADD CONSTRAINT achievements_pkey PRIMARY KEY (achievement_id);


--
-- Name: achievers achievers_pkey; Type: CONSTRAINT; Schema: public; Owner: test_user
--

ALTER TABLE ONLY public.achievers
    ADD CONSTRAINT achievers_pkey PRIMARY KEY (user_id, achievement_id);


--
-- Name: banned_members banned_members_pkey; Type: CONSTRAINT; Schema: public; Owner: test_user
--

ALTER TABLE ONLY public.banned_members
    ADD CONSTRAINT banned_members_pkey PRIMARY KEY (channel_id, member_id);


--
-- Name: blocked_users blocked_users_pkey; Type: CONSTRAINT; Schema: public; Owner: test_user
--

ALTER TABLE ONLY public.blocked_users
    ADD CONSTRAINT blocked_users_pkey PRIMARY KEY (blocker_id, blocked_id);


--
-- Name: channel_members channel_members_pkey; Type: CONSTRAINT; Schema: public; Owner: test_user
--

ALTER TABLE ONLY public.channel_members
    ADD CONSTRAINT channel_members_pkey PRIMARY KEY (member_id, channel_id);


--
-- Name: channels channels_pkey; Type: CONSTRAINT; Schema: public; Owner: test_user
--

ALTER TABLE ONLY public.channels
    ADD CONSTRAINT channels_pkey PRIMARY KEY (channel_id);


--
-- Name: friends friends_pkey; Type: CONSTRAINT; Schema: public; Owner: test_user
--

ALTER TABLE ONLY public.friends
    ADD CONSTRAINT friends_pkey PRIMARY KEY (sender_id, receiver_id);


--
-- Name: match_history match_history_pkey; Type: CONSTRAINT; Schema: public; Owner: test_user
--

ALTER TABLE ONLY public.match_history
    ADD CONSTRAINT match_history_pkey PRIMARY KEY (match_id);


--
-- Name: messages messages_pkey; Type: CONSTRAINT; Schema: public; Owner: test_user
--

ALTER TABLE ONLY public.messages
    ADD CONSTRAINT messages_pkey PRIMARY KEY (message_id);


--
-- Name: users users_pkey; Type: CONSTRAINT; Schema: public; Owner: test_user
--

ALTER TABLE ONLY public.users
    ADD CONSTRAINT users_pkey PRIMARY KEY (user_id);


--
-- Name: IDX_bc7b6b8f04cb8068d57e4a327b; Type: INDEX; Schema: public; Owner: test_user
--

CREATE UNIQUE INDEX "IDX_bc7b6b8f04cb8068d57e4a327b" ON public.achievements USING btree (achievement_id, title, about);


--
-- Name: achievers achievers_achievement_id_fkey; Type: FK CONSTRAINT; Schema: public; Owner: test_user
--

ALTER TABLE ONLY public.achievers
    ADD CONSTRAINT achievers_achievement_id_fkey FOREIGN KEY (achievement_id) REFERENCES public.achievements(achievement_id);


--
-- Name: achievers achievers_user_id_fkey; Type: FK CONSTRAINT; Schema: public; Owner: test_user
--

ALTER TABLE ONLY public.achievers
    ADD CONSTRAINT achievers_user_id_fkey FOREIGN KEY (user_id) REFERENCES public.users(user_id);


--
-- Name: banned_members banned_members_channel_id_fkey; Type: FK CONSTRAINT; Schema: public; Owner: test_user
--

ALTER TABLE ONLY public.banned_members
    ADD CONSTRAINT banned_members_channel_id_fkey FOREIGN KEY (channel_id) REFERENCES public.channels(channel_id) ON DELETE CASCADE;


--
-- Name: banned_members banned_members_member_id_fkey; Type: FK CONSTRAINT; Schema: public; Owner: test_user
--

ALTER TABLE ONLY public.banned_members
    ADD CONSTRAINT banned_members_member_id_fkey FOREIGN KEY (member_id) REFERENCES public.users(user_id);


--
-- Name: blocked_users blocked_users_blocked_id_fkey; Type: FK CONSTRAINT; Schema: public; Owner: test_user
--

ALTER TABLE ONLY public.blocked_users
    ADD CONSTRAINT blocked_users_blocked_id_fkey FOREIGN KEY (blocked_id) REFERENCES public.users(user_id);


--
-- Name: blocked_users blocked_users_blocker_id_fkey; Type: FK CONSTRAINT; Schema: public; Owner: test_user
--

ALTER TABLE ONLY public.blocked_users
    ADD CONSTRAINT blocked_users_blocker_id_fkey FOREIGN KEY (blocker_id) REFERENCES public.users(user_id);


--
-- Name: channel_members channel_members_channel_id_fkey; Type: FK CONSTRAINT; Schema: public; Owner: test_user
--

ALTER TABLE ONLY public.channel_members
    ADD CONSTRAINT channel_members_channel_id_fkey FOREIGN KEY (channel_id) REFERENCES public.channels(channel_id) ON DELETE CASCADE;


--
-- Name: channel_members channel_members_member_id_fkey; Type: FK CONSTRAINT; Schema: public; Owner: test_user
--

ALTER TABLE ONLY public.channel_members
    ADD CONSTRAINT channel_members_member_id_fkey FOREIGN KEY (member_id) REFERENCES public.users(user_id);


--
-- Name: channels channels_dm_peer_id_fkey; Type: FK CONSTRAINT; Schema: public; Owner: test_user
--

ALTER TABLE ONLY public.channels
    ADD CONSTRAINT channels_dm_peer_id_fkey FOREIGN KEY (dm_peer_id) REFERENCES public.users(user_id);


--
-- Name: channels channels_owner_id_fkey; Type: FK CONSTRAINT; Schema: public; Owner: test_user
--

ALTER TABLE ONLY public.channels
    ADD CONSTRAINT channels_owner_id_fkey FOREIGN KEY (owner_id) REFERENCES public.users(user_id);


--
-- Name: friends friends_receiver_id_fkey; Type: FK CONSTRAINT; Schema: public; Owner: test_user
--

ALTER TABLE ONLY public.friends
    ADD CONSTRAINT friends_receiver_id_fkey FOREIGN KEY (receiver_id) REFERENCES public.users(user_id);


--
-- Name: friends friends_sender_id_fkey; Type: FK CONSTRAINT; Schema: public; Owner: test_user
--

ALTER TABLE ONLY public.friends
    ADD CONSTRAINT friends_sender_id_fkey FOREIGN KEY (sender_id) REFERENCES public.users(user_id);


--
-- Name: match_history match_history_user_one_id_fkey; Type: FK CONSTRAINT; Schema: public; Owner: test_user
--

ALTER TABLE ONLY public.match_history
    ADD CONSTRAINT match_history_user_one_id_fkey FOREIGN KEY (user_one_id) REFERENCES public.users(user_id);


--
-- Name: match_history match_history_user_two_id_fkey; Type: FK CONSTRAINT; Schema: public; Owner: test_user
--

ALTER TABLE ONLY public.match_history
    ADD CONSTRAINT match_history_user_two_id_fkey FOREIGN KEY (user_two_id) REFERENCES public.users(user_id);


--
-- Name: messages messages_channel_id_fkey; Type: FK CONSTRAINT; Schema: public; Owner: test_user
--

ALTER TABLE ONLY public.messages
    ADD CONSTRAINT messages_channel_id_fkey FOREIGN KEY (channel_id) REFERENCES public.channels(channel_id) ON DELETE CASCADE;


--
-- Name: messages messages_sender_id_fkey; Type: FK CONSTRAINT; Schema: public; Owner: test_user
--

ALTER TABLE ONLY public.messages
    ADD CONSTRAINT messages_sender_id_fkey FOREIGN KEY (sender_id) REFERENCES public.users(user_id);


--
-- PostgreSQL database dump complete
--

